/*
 Navicat Premium Data Transfer

 Source Server         : 110.40.171.244（trader)
 Source Server Type    : MySQL
 Source Server Version : 50738
 Source Host           : 110.40.171.244:33306
 Source Schema         : trader_db

 Target Server Type    : MySQL
 Target Server Version : 50738
 File Encoding         : 65001

 Date: 01/01/2026 23:57:58
*/

SET NAMES utf8mb4;
SET FOREIGN_KEY_CHECKS = 0;

-- ----------------------------
-- Table structure for community_comment
-- ----------------------------
DROP TABLE IF EXISTS `community_comment`;
CREATE TABLE `community_comment`  (
  `id` bigint(20) NOT NULL AUTO_INCREMENT COMMENT '评论ID',
  `post_id` bigint(20) NOT NULL COMMENT '帖子ID',
  `user_id` bigint(20) NOT NULL COMMENT '评论者ID',
  `parent_id` bigint(20) NULL DEFAULT 0 COMMENT '父评论ID',
  `content` text CHARACTER SET utf8mb4 COLLATE utf8mb4_general_ci NOT NULL COMMENT '评论内容',
  `like_count` int(11) NULL DEFAULT 0 COMMENT '点赞数',
  `status` tinyint(4) NULL DEFAULT 1 COMMENT '状态',
  `create_time` datetime NULL DEFAULT CURRENT_TIMESTAMP COMMENT '创建时间',
  PRIMARY KEY (`id`) USING BTREE,
  INDEX `idx_post_id`(`post_id`) USING BTREE,
  INDEX `idx_user_id`(`user_id`) USING BTREE
) ENGINE = InnoDB AUTO_INCREMENT = 1 CHARACTER SET = utf8mb4 COLLATE = utf8mb4_general_ci COMMENT = '评论表';

-- ----------------------------
-- Records of community_comment
-- ----------------------------
BEGIN;
COMMIT;

-- ----------------------------
-- Table structure for community_like
-- ----------------------------
DROP TABLE IF EXISTS `community_like`;
CREATE TABLE `community_like`  (
  `id` bigint(20) NOT NULL AUTO_INCREMENT COMMENT 'ID',
  `user_id` bigint(20) NOT NULL COMMENT '用户ID',
  `target_type` tinyint(4) NOT NULL COMMENT '目标类型：1帖子 2评论',
  `target_id` bigint(20) NOT NULL COMMENT '目标ID',
  `create_time` datetime NULL DEFAULT CURRENT_TIMESTAMP COMMENT '创建时间',
  PRIMARY KEY (`id`) USING BTREE,
  UNIQUE INDEX `uk_user_target`(`user_id`, `target_type`, `target_id`) USING BTREE
) ENGINE = InnoDB AUTO_INCREMENT = 1 CHARACTER SET = utf8mb4 COLLATE = utf8mb4_general_ci COMMENT = '点赞表';

-- ----------------------------
-- Records of community_like
-- ----------------------------
BEGIN;
COMMIT;

-- ----------------------------
-- Table structure for community_post
-- ----------------------------
DROP TABLE IF EXISTS `community_post`;
CREATE TABLE `community_post`  (
  `id` bigint(20) NOT NULL AUTO_INCREMENT COMMENT '帖子ID',
  `user_id` bigint(20) NOT NULL COMMENT '作者ID',
  `title` varchar(200) CHARACTER SET utf8mb4 COLLATE utf8mb4_general_ci NOT NULL COMMENT '标题',
  `content` longtext CHARACTER SET utf8mb4 COLLATE utf8mb4_general_ci NOT NULL COMMENT '内容',
  `category` varchar(50) CHARACTER SET utf8mb4 COLLATE utf8mb4_general_ci NULL DEFAULT NULL COMMENT '分类',
  `view_count` int(11) NULL DEFAULT 0 COMMENT '浏览量',
  `like_count` int(11) NULL DEFAULT 0 COMMENT '点赞数',
  `comment_count` int(11) NULL DEFAULT 0 COMMENT '评论数',
  `is_top` tinyint(4) NULL DEFAULT 0 COMMENT '是否置顶',
  `status` tinyint(4) NULL DEFAULT 1 COMMENT '状态',
  `create_time` datetime NULL DEFAULT CURRENT_TIMESTAMP COMMENT '创建时间',
  `update_time` datetime NULL DEFAULT CURRENT_TIMESTAMP ON UPDATE CURRENT_TIMESTAMP COMMENT '更新时间',
  PRIMARY KEY (`id`) USING BTREE,
  INDEX `idx_user_id`(`user_id`) USING BTREE,
  INDEX `idx_category`(`category`) USING BTREE,
  INDEX `idx_create_time`(`create_time`) USING BTREE
) ENGINE = InnoDB AUTO_INCREMENT = 1 CHARACTER SET = utf8mb4 COLLATE = utf8mb4_general_ci COMMENT = '帖子表';

-- ----------------------------
-- Records of community_post
-- ----------------------------
BEGIN;
COMMIT;

-- ----------------------------
-- Table structure for crypto_currency
-- ----------------------------
DROP TABLE IF EXISTS `crypto_currency`;
CREATE TABLE `crypto_currency`  (
  `id` bigint(20) NOT NULL AUTO_INCREMENT,
  `code` varchar(20) CHARACTER SET utf8mb4 COLLATE utf8mb4_bin NOT NULL COMMENT '货币代码，如BTC',
  `name` varchar(50) CHARACTER SET utf8mb4 COLLATE utf8mb4_bin NOT NULL COMMENT '货币名称，如Bitcoin',
  `name_cn` varchar(50) CHARACTER SET utf8mb4 COLLATE utf8mb4_bin NULL DEFAULT NULL COMMENT '中文名称，如比特币',
  `logo` varchar(255) CHARACTER SET utf8mb4 COLLATE utf8mb4_bin NULL DEFAULT NULL COMMENT '图标URL',
  `sort_order` int(11) NULL DEFAULT 0 COMMENT '排序权重，越小越靠前',
  `status` tinyint(4) NULL DEFAULT 1 COMMENT '状态: 1启用 0禁用',
  `create_time` datetime NULL DEFAULT CURRENT_TIMESTAMP,
  `update_time` datetime NULL DEFAULT CURRENT_TIMESTAMP ON UPDATE CURRENT_TIMESTAMP,
  PRIMARY KEY (`id`) USING BTREE,
  UNIQUE INDEX `uk_code`(`code`) USING BTREE,
  INDEX `idx_status`(`status`) USING BTREE,
  INDEX `idx_sort`(`sort_order`) USING BTREE
) ENGINE = InnoDB AUTO_INCREMENT = 31 CHARACTER SET = utf8mb4 COLLATE = utf8mb4_bin COMMENT = '数字货币码表';

-- ----------------------------
-- Records of crypto_currency
-- ----------------------------
BEGIN;
INSERT INTO `crypto_currency` (`id`, `code`, `name`, `name_cn`, `logo`, `sort_order`, `status`, `create_time`, `update_time`) VALUES (1, 'BTC', 'Bitcoin', '比特币', NULL, 1, 1, '2025-12-29 11:55:19', '2025-12-29 11:55:19'), (2, 'ETH', 'Ethereum', '以太坊', NULL, 2, 1, '2025-12-29 11:55:19', '2025-12-29 11:55:19'), (3, 'BNB', 'BNB', '币安币', NULL, 3, 1, '2025-12-29 11:55:19', '2025-12-29 11:55:19'), (4, 'SOL', 'Solana', '索拉纳', NULL, 4, 1, '2025-12-29 11:55:19', '2025-12-29 11:55:19'), (5, 'XRP', 'Ripple', '瑞波币', NULL, 5, 1, '2025-12-29 11:55:19', '2025-12-29 11:55:19'), (6, 'DOGE', 'Dogecoin', '狗狗币', NULL, 6, 1, '2025-12-29 11:55:19', '2025-12-29 11:55:19'), (7, 'ADA', 'Cardano', '艾达币', NULL, 7, 1, '2025-12-29 11:55:19', '2025-12-29 11:55:19'), (8, 'AVAX', 'Avalanche', '雪崩', NULL, 8, 1, '2025-12-29 11:55:19', '2025-12-29 11:55:19'), (9, 'SHIB', 'Shiba Inu', '柴犬币', NULL, 9, 1, '2025-12-29 11:55:19', '2025-12-29 11:55:19'), (10, 'DOT', 'Polkadot', '波卡', NULL, 10, 1, '2025-12-29 11:55:19', '2025-12-29 11:55:19'), (11, 'LINK', 'Chainlink', '链接', NULL, 11, 1, '2025-12-29 11:55:19', '2025-12-29 11:55:19'), (12, 'TRX', 'TRON', '波场', NULL, 12, 1, '2025-12-29 11:55:19', '2025-12-29 11:55:19'), (13, 'MATIC', 'Polygon', '马蹄', NULL, 13, 1, '2025-12-29 11:55:19', '2025-12-29 11:55:19'), (14, 'UNI', 'Uniswap', 'UNI', NULL, 14, 1, '2025-12-29 11:55:19', '2025-12-29 11:55:19'), (15, 'ATOM', 'Cosmos', '阿童木', NULL, 15, 1, '2025-12-29 11:55:19', '2025-12-29 11:55:19'), (16, 'LTC', 'Litecoin', '莱特币', NULL, 16, 1, '2025-12-29 11:55:19', '2025-12-29 11:55:19'), (17, 'ETC', 'Ethereum Classic', '以太经典', NULL, 17, 1, '2025-12-29 11:55:19', '2025-12-29 11:55:19'), (18, 'FIL', 'Filecoin', '文件币', NULL, 18, 1, '2025-12-29 11:55:19', '2025-12-29 11:55:19'), (19, 'APT', 'Aptos', 'APT', NULL, 19, 1, '2025-12-29 11:55:19', '2025-12-29 11:55:19'), (20, 'ARB', 'Arbitrum', 'ARB', NULL, 20, 1, '2025-12-29 11:55:19', '2025-12-29 11:55:19'), (21, 'OP', 'Optimism', 'OP', NULL, 21, 1, '2025-12-29 11:55:19', '2025-12-29 11:55:19'), (22, 'NEAR', 'NEAR Protocol', 'NEAR', NULL, 22, 1, '2025-12-29 11:55:19', '2025-12-29 11:55:19'), (23, 'INJ', 'Injective', 'INJ', NULL, 23, 1, '2025-12-29 11:55:19', '2025-12-29 11:55:19'), (24, 'SUI', 'Sui', 'SUI', NULL, 24, 1, '2025-12-29 11:55:19', '2025-12-29 11:55:19'), (25, 'SEI', 'Sei', 'SEI', NULL, 25, 1, '2025-12-29 11:55:19', '2025-12-29 11:55:19'), (26, 'PEPE', 'Pepe', '青蛙币', NULL, 26, 1, '2025-12-29 11:55:19', '2025-12-29 11:55:19'), (27, 'WIF', 'dogwifhat', 'WIF', NULL, 27, 1, '2025-12-29 11:55:19', '2025-12-29 11:55:19'), (28, 'ORDI', 'ORDI', 'ORDI', NULL, 28, 1, '2025-12-29 11:55:19', '2025-12-29 11:55:19'), (29, 'STX', 'Stacks', 'STX', NULL, 29, 1, '2025-12-29 11:55:19', '2025-12-29 11:55:19'), (30, 'IMX', 'Immutable', 'IMX', NULL, 30, 1, '2025-12-29 11:55:19', '2025-12-29 11:55:19');
COMMIT;

-- ----------------------------
-- Table structure for glossary_category
-- ----------------------------
DROP TABLE IF EXISTS `glossary_category`;
CREATE TABLE `glossary_category`  (
  `id` bigint(20) NOT NULL AUTO_INCREMENT,
  `name` varchar(50) CHARACTER SET utf8mb4 COLLATE utf8mb4_bin NOT NULL COMMENT '分类名称',
  `icon` varchar(50) CHARACTER SET utf8mb4 COLLATE utf8mb4_bin NULL DEFAULT NULL COMMENT '图标',
  `parent_id` bigint(20) NULL DEFAULT 0 COMMENT '父分类ID',
  `sort_order` int(11) NULL DEFAULT 0 COMMENT '排序',
  `status` tinyint(4) NULL DEFAULT 1 COMMENT '状态: 1启用 0禁用',
  `create_time` datetime NULL DEFAULT CURRENT_TIMESTAMP,
  PRIMARY KEY (`id`) USING BTREE,
  INDEX `idx_parent_id`(`parent_id`) USING BTREE
) ENGINE = InnoDB AUTO_INCREMENT = 7 CHARACTER SET = utf8mb4 COLLATE = utf8mb4_bin COMMENT = '术语分类表';

-- ----------------------------
-- Records of glossary_category
-- ----------------------------
BEGIN;
INSERT INTO `glossary_category` (`id`, `name`, `icon`, `parent_id`, `sort_order`, `status`, `create_time`) VALUES (1, '技术分析', 'TrendCharts', 0, 1, 1, '2025-12-29 11:27:23'), (2, '交易操作', 'Operation', 0, 2, 1, '2025-12-29 11:27:23'), (3, '市场数据', 'DataLine', 0, 3, 1, '2025-12-29 11:27:23'), (4, '链上数据', 'Link', 0, 4, 1, '2025-12-29 11:27:23'), (5, '基本面', 'Document', 0, 5, 1, '2025-12-29 11:27:23'), (6, '交易心理', 'Memo', 0, 6, 1, '2025-12-29 11:27:23');
COMMIT;

-- ----------------------------
-- Table structure for glossary_favorite
-- ----------------------------
DROP TABLE IF EXISTS `glossary_favorite`;
CREATE TABLE `glossary_favorite`  (
  `id` bigint(20) NOT NULL AUTO_INCREMENT,
  `user_id` bigint(20) NOT NULL COMMENT '用户ID',
  `term_id` bigint(20) NOT NULL COMMENT '术语ID',
  `create_time` datetime NULL DEFAULT CURRENT_TIMESTAMP,
  PRIMARY KEY (`id`) USING BTREE,
  UNIQUE INDEX `uk_user_term`(`user_id`, `term_id`) USING BTREE,
  INDEX `idx_user_id`(`user_id`) USING BTREE
) ENGINE = InnoDB AUTO_INCREMENT = 2 CHARACTER SET = utf8mb4 COLLATE = utf8mb4_bin COMMENT = '术语收藏表';

-- ----------------------------
-- Records of glossary_favorite
-- ----------------------------
BEGIN;
INSERT INTO `glossary_favorite` (`id`, `user_id`, `term_id`, `create_time`) VALUES (1, 3, 3, '2025-12-29 11:38:07');
COMMIT;

-- ----------------------------
-- Table structure for glossary_history
-- ----------------------------
DROP TABLE IF EXISTS `glossary_history`;
CREATE TABLE `glossary_history`  (
  `id` bigint(20) NOT NULL AUTO_INCREMENT,
  `user_id` bigint(20) NOT NULL COMMENT '用户ID',
  `term_id` bigint(20) NOT NULL COMMENT '术语ID',
  `view_time` datetime NULL DEFAULT CURRENT_TIMESTAMP COMMENT '查看时间',
  PRIMARY KEY (`id`) USING BTREE,
  INDEX `idx_user_id`(`user_id`) USING BTREE,
  INDEX `idx_view_time`(`view_time`) USING BTREE
) ENGINE = InnoDB AUTO_INCREMENT = 13 CHARACTER SET = utf8mb4 COLLATE = utf8mb4_bin COMMENT = '术语查看历史表';

-- ----------------------------
-- Records of glossary_history
-- ----------------------------
BEGIN;
INSERT INTO `glossary_history` (`id`, `user_id`, `term_id`, `view_time`) VALUES (2, 3, 1, '2025-12-29 11:37:29'), (4, 3, 2, '2025-12-29 11:37:43'), (8, 3, 7, '2025-12-29 11:38:02'), (12, 3, 3, '2025-12-30 23:26:54');
COMMIT;

-- ----------------------------
-- Table structure for glossary_term
-- ----------------------------
DROP TABLE IF EXISTS `glossary_term`;
CREATE TABLE `glossary_term`  (
  `id` bigint(20) NOT NULL AUTO_INCREMENT,
  `name` varchar(100) CHARACTER SET utf8mb4 COLLATE utf8mb4_bin NOT NULL COMMENT '术语名称',
  `name_en` varchar(100) CHARACTER SET utf8mb4 COLLATE utf8mb4_bin NULL DEFAULT NULL COMMENT '英文名称',
  `category_id` bigint(20) NOT NULL COMMENT '分类ID',
  `brief` text CHARACTER SET utf8mb4 COLLATE utf8mb4_bin NOT NULL COMMENT '简短定义',
  `detail` text CHARACTER SET utf8mb4 COLLATE utf8mb4_bin NULL COMMENT '详细解释(Markdown)',
  `application` text CHARACTER SET utf8mb4 COLLATE utf8mb4_bin NULL COMMENT '应用场景(Markdown)',
  `example` text CHARACTER SET utf8mb4 COLLATE utf8mb4_bin NULL COMMENT '示例(Markdown)',
  `related_terms` varchar(500) CHARACTER SET utf8mb4 COLLATE utf8mb4_bin NULL DEFAULT NULL COMMENT '相关术语ID(JSON数组)',
  `related_chapters` varchar(500) CHARACTER SET utf8mb4 COLLATE utf8mb4_bin NULL DEFAULT NULL COMMENT '关联课程章节ID(JSON数组)',
  `difficulty` tinyint(4) NULL DEFAULT 1 COMMENT '难度: 1入门 2进阶 3高级',
  `tags` varchar(200) CHARACTER SET utf8mb4 COLLATE utf8mb4_bin NULL DEFAULT NULL COMMENT '标签(JSON数组)',
  `pinyin` varchar(200) CHARACTER SET utf8mb4 COLLATE utf8mb4_bin NULL DEFAULT NULL COMMENT '拼音(用于搜索)',
  `view_count` int(11) NULL DEFAULT 0 COMMENT '查看次数',
  `favorite_count` int(11) NULL DEFAULT 0 COMMENT '收藏次数',
  `status` tinyint(4) NULL DEFAULT 1 COMMENT '状态: 1启用 0禁用',
  `create_by` bigint(20) NULL DEFAULT NULL COMMENT '创建人',
  `create_time` datetime NULL DEFAULT CURRENT_TIMESTAMP,
  `update_time` datetime NULL DEFAULT CURRENT_TIMESTAMP ON UPDATE CURRENT_TIMESTAMP,
  PRIMARY KEY (`id`) USING BTREE,
  INDEX `idx_category_id`(`category_id`) USING BTREE,
  INDEX `idx_difficulty`(`difficulty`) USING BTREE,
  INDEX `idx_name`(`name`) USING BTREE
) ENGINE = InnoDB AUTO_INCREMENT = 13 CHARACTER SET = utf8mb4 COLLATE = utf8mb4_bin COMMENT = '术语表';

-- ----------------------------
-- Records of glossary_term
-- ----------------------------
BEGIN;
INSERT INTO `glossary_term` (`id`, `name`, `name_en`, `category_id`, `brief`, `detail`, `application`, `example`, `related_terms`, `related_chapters`, `difficulty`, `tags`, `pinyin`, `view_count`, `favorite_count`, `status`, `create_by`, `create_time`, `update_time`) VALUES (1, 'OI', 'Open Interest', 3, '市场上所有未平仓的合约总数，是衡量市场参与度和流动性的重要指标', '## 什么是OI\n\nOI（Open Interest）即未平仓合约数，表示市场上所有尚未平仓的多头和空头合约总和。\n\n## 计算方式\n\n- **新开仓**：OI 增加\n- **平仓**：OI 减少\n- **换手**（一方平仓，另一方开仓）：OI 不变', '### 1. 判断趋势强度\n- 价格上涨 + OI 上涨 = 趋势强劲\n- 价格上涨 + OI 下降 = 趋势可能反转\n\n### 2. 识别市场情绪\n- OI 快速增加 = 新资金入场\n- OI 快速减少 = 资金离场', 'BTC 价格从 90,000 涨到 95,000，同时 OI 从 20 亿增加到 25 亿，说明有大量新资金做多入场，上涨趋势可能延续。', NULL, NULL, 1, '[\"合约\",\"持仓\",\"市场数据\"]', 'OI', 2, 0, 1, NULL, '2025-12-29 11:27:23', '2025-12-29 11:27:23'), (2, '资金费率', 'Funding Rate', 3, '永续合约多空双方定期支付的费用，用于锚定现货价格', '## 什么是资金费率\n\n资金费率是永续合约特有的机制，每隔一段时间（通常8小时）多空双方互相支付费用，目的是让合约价格贴近现货价格。\n\n## 计算规则\n\n- 资金费率 > 0：多头支付给空头（市场偏多）\n- 资金费率 < 0：空头支付给多头（市场偏空）\n- 费率越高，说明市场情绪越极端', '### 1. 判断市场情绪\n- 费率持续为正且较高 = 市场过热，可能回调\n- 费率持续为负 = 市场恐慌，可能反弹\n\n### 2. 套利策略\n- 高费率时可做空合约 + 做多现货', 'BTC 资金费率达到 0.1%（8小时），意味着做多需要每8小时支付 0.1% 的费用，年化成本约 109%，市场极度过热。', NULL, NULL, 1, '[\"合约\",\"费率\",\"永续\"]', 'zijinfeilv', 2, 0, 1, NULL, '2025-12-29 11:27:23', '2025-12-29 11:27:23'), (3, 'MACD', 'Moving Average Convergence Divergence', 1, '指数平滑异同移动平均线，用于判断趋势方向和动能强弱', '## 什么是MACD\n\nMACD由三部分组成：\n- **DIF线**：快速EMA - 慢速EMA\n- **DEA线**：DIF的移动平均\n- **柱状图**：DIF - DEA\n\n## 常用参数\n\n默认参数：12, 26, 9', '### 1. 金叉死叉\n- DIF上穿DEA = 金叉，买入信号\n- DIF下穿DEA = 死叉，卖出信号\n\n### 2. 背离\n- 顶背离：价格新高，MACD不创新高\n- 底背离：价格新低，MACD不创新低', 'BTC在4H级别，DIF从下方上穿DEA形成金叉，同时柱状图由绿转红，可以考虑做多。', NULL, NULL, 2, '[\"指标\",\"趋势\",\"动能\"]', 'MACD', 6, 1, 1, NULL, '2025-12-29 11:27:23', '2025-12-29 11:27:23'), (4, '止损', 'Stop Loss', 2, '预设的亏损退出点，用于控制单笔交易的最大损失', '## 什么是止损\n\n止损是交易中最重要的风险管理工具，在开仓时就设定好最大可接受的亏损幅度。\n\n## 止损类型\n\n- **固定止损**：固定价格或百分比\n- **移动止损**：随价格移动调整\n- **时间止损**：超过预期时间未盈利则退出', '### 1. 技术止损\n- 设在支撑位下方\n- 设在前低下方\n\n### 2. 资金止损\n- 单笔亏损不超过总资金的1-2%', '做多BTC，入场价95000，止损设在93000（-2.1%），如果价格跌破93000自动平仓，避免更大损失。', NULL, NULL, 1, '[\"风控\",\"仓位\",\"纪律\"]', 'zhisun', 0, 0, 1, NULL, '2025-12-29 11:27:23', '2025-12-29 11:27:23'), (5, '杠杆', 'Leverage', 2, '用较少的保证金控制较大的仓位，放大收益和风险', '## 什么是杠杆\n\n杠杆允许交易者用少量资金控制更大的头寸。例如10倍杠杆，100美元可以控制1000美元的仓位。\n\n## 风险提示\n\n- 杠杆放大收益，也放大亏损\n- 高杠杆容易被清算\n- 新手建议使用低杠杆（1-3倍）', '### 杠杆选择建议\n- 趋势明确：可适当提高杠杆\n- 震荡行情：降低杠杆\n- 新手：不超过3倍', '使用10倍杠杆做多BTC，价格上涨10%，收益100%；但价格下跌10%，亏损100%，可能被清算。', NULL, NULL, 1, '[\"合约\",\"风险\",\"保证金\"]', 'ganggan', 0, 0, 1, NULL, '2025-12-29 11:27:23', '2025-12-29 11:27:23'), (6, 'K线', 'Candlestick', 1, '显示开盘价、收盘价、最高价、最低价的图表形式', '## K线组成\n\n- **实体**：开盘价和收盘价之间\n- **上影线**：最高价到实体顶部\n- **下影线**：最低价到实体底部\n\n## 颜色含义\n\n- 阳线（绿/白）：收盘价 > 开盘价\n- 阴线（红/黑）：收盘价 < 开盘价', '### 常见K线形态\n- 锤子线：下跌末端的反转信号\n- 吞没形态：趋势反转信号\n- 十字星：市场犹豫，可能反转', '一根阳线，开盘90000，收盘95000，最高96000，最低89500。实体部分从90000到95000，上影线到96000，下影线到89500。', NULL, NULL, 1, '[\"图表\",\"形态\",\"基础\"]', 'Kxian', 0, 0, 1, NULL, '2025-12-29 11:27:23', '2025-12-29 11:27:23'), (7, 'RSI', 'Relative Strength Index', 1, '相对强弱指标，衡量价格变动的速度和幅度', '## 什么是RSI\n\nRSI是一个动量指标，数值在0-100之间波动。\n\n## 常用参数\n\n默认周期：14\n\n## 超买超卖\n\n- RSI > 70：超买区域\n- RSI < 30：超卖区域', '### 1. 超买超卖\n- RSI进入超买区不一定立即下跌\n- 需要配合其他信号确认\n\n### 2. 背离\n- 价格新高，RSI不创新高 = 顶背离\n- 价格新低，RSI不创新低 = 底背离', 'BTC价格创新高100000，但RSI从之前的85降到75，形成顶背离，预示上涨动能减弱。', NULL, NULL, 2, '[\"指标\",\"动量\",\"超买超卖\"]', 'RSI', 2, 0, 1, NULL, '2025-12-29 11:27:23', '2025-12-29 11:27:23'), (8, '清算', 'Liquidation', 2, '因保证金不足被交易所强制平仓', '## 什么是清算\n\n当亏损达到一定程度，保证金不足以维持仓位时，交易所会强制平仓，这就是清算。\n\n## 清算价格计算\n\n清算价格与杠杆倍数、保证金率相关。杠杆越高，清算价格越接近开仓价。', '### 如何避免清算\n- 使用较低杠杆\n- 设置止损\n- 不要满仓操作\n- 关注清算地图', '10倍杠杆做多BTC，开仓价95000，清算价约85500。如果价格跌到85500，仓位会被强制平仓，损失全部保证金。', NULL, NULL, 1, '[\"合约\",\"风险\",\"强平\"]', 'qingsuan', 0, 0, 1, NULL, '2025-12-29 11:27:23', '2025-12-29 11:27:23'), (9, '多空比', 'Long/Short Ratio', 3, '市场上多头和空头仓位的比例', '## 什么是多空比\n\n多空比反映市场参与者的持仓倾向。\n\n## 解读方式\n\n- 多空比 > 1：多头占优\n- 多空比 < 1：空头占优\n- 极端值往往预示反转', '### 逆向指标\n- 多空比极高时，可能是顶部\n- 多空比极低时，可能是底部\n\n### 注意事项\n- 不同平台数据可能不同\n- 需要结合其他指标使用', 'BTC多空比达到2.5（多头是空头的2.5倍），市场极度看多，此时要警惕回调风险。', NULL, NULL, 1, '[\"情绪\",\"持仓\",\"市场数据\"]', 'duokongbi', 0, 0, 1, NULL, '2025-12-29 11:27:23', '2025-12-29 11:27:23'), (10, '支撑位', 'Support Level', 1, '价格下跌时可能遇到买盘支撑的价格区域', '## 什么是支撑位\n\n支撑位是价格下跌过程中，买方力量集中的区域，价格在此处容易止跌反弹。\n\n## 支撑位来源\n\n- 前期低点\n- 均线位置\n- 整数关口\n- 成交密集区', '### 1. 入场参考\n- 价格回调到支撑位可以考虑做多\n- 止损设在支撑位下方\n\n### 2. 支撑转阻力\n- 支撑位被跌破后，会变成阻力位', 'BTC在90000有强支撑（前期多次在此反弹），价格回调到90500时可以考虑做多，止损设在89500。', NULL, NULL, 1, '[\"技术分析\",\"价格\",\"入场\"]', 'zhichengwei', 0, 0, 1, NULL, '2025-12-29 11:27:23', '2025-12-29 11:27:23'), (11, '阻力位', 'Resistance Level', 1, '价格上涨时可能遇到卖盘阻力的价格区域', '## 什么是阻力位\n\n阻力位是价格上涨过程中，卖方力量集中的区域，价格在此处容易遇阻回落。\n\n## 阻力位来源\n\n- 前期高点\n- 均线位置\n- 整数关口\n- 成交密集区', '### 1. 止盈参考\n- 价格接近阻力位可以考虑止盈\n- 突破阻力位可以加仓\n\n### 2. 阻力转支撑\n- 阻力位被突破后，会变成支撑位', 'BTC在100000有强阻力（历史高点），价格涨到99500时可以考虑减仓，等待突破确认后再加仓。', NULL, NULL, 1, '[\"技术分析\",\"价格\",\"止盈\"]', 'zuliwei', 0, 0, 1, NULL, '2025-12-29 11:27:23', '2025-12-29 11:27:23'), (12, 'FOMO', 'Fear Of Missing Out', 6, '错失恐惧，害怕错过行情而冲动入场的心理', '## 什么是FOMO\n\nFOMO是一种常见的交易心理陷阱，表现为看到价格上涨就急于追高，害怕错过赚钱机会。\n\n## FOMO的危害\n\n- 追高被套\n- 打乱交易计划\n- 情绪化交易', '### 如何克服FOMO\n- 制定交易计划并严格执行\n- 记住：市场永远有机会\n- 错过不是损失，追高才是\n- 保持交易日记，复盘FOMO交易', 'BTC从90000涨到95000，你没有入场。看到还在涨，FOMO心理驱使你在97000追高，结果价格回调到93000，被套4%。', NULL, NULL, 1, '[\"心理\",\"情绪\",\"纪律\"]', 'FOMO', 0, 0, 1, NULL, '2025-12-29 11:27:23', '2025-12-29 11:27:23');
COMMIT;

-- ----------------------------
-- Table structure for learn_case
-- ----------------------------
DROP TABLE IF EXISTS `learn_case`;
CREATE TABLE `learn_case`  (
  `id` bigint(20) NOT NULL AUTO_INCREMENT COMMENT '案例ID',
  `chapter_id` bigint(20) NOT NULL COMMENT '章节ID',
  `title` varchar(200) CHARACTER SET utf8mb4 COLLATE utf8mb4_general_ci NOT NULL COMMENT '案例标题',
  `case_type` varchar(20) CHARACTER SET utf8mb4 COLLATE utf8mb4_general_ci NULL DEFAULT 'success' COMMENT '案例类型：success成功/failure失败/analysis分析',
  `symbol` varchar(20) CHARACTER SET utf8mb4 COLLATE utf8mb4_general_ci NULL DEFAULT NULL COMMENT '交易品种：BTC/ETH等',
  `timeframe` varchar(20) CHARACTER SET utf8mb4 COLLATE utf8mb4_general_ci NULL DEFAULT NULL COMMENT '时间周期：1H/4H/1D等',
  `entry_date` date NULL DEFAULT NULL COMMENT '入场日期',
  `background` text CHARACTER SET utf8mb4 COLLATE utf8mb4_general_ci NULL COMMENT '案例背景',
  `analysis` text CHARACTER SET utf8mb4 COLLATE utf8mb4_general_ci NULL COMMENT '分析过程',
  `entry_setup` text CHARACTER SET utf8mb4 COLLATE utf8mb4_general_ci NULL COMMENT '入场设置',
  `result` text CHARACTER SET utf8mb4 COLLATE utf8mb4_general_ci NULL COMMENT '实际结果',
  `lessons` text CHARACTER SET utf8mb4 COLLATE utf8mb4_general_ci NULL COMMENT '经验总结',
  `content` longtext CHARACTER SET utf8mb4 COLLATE utf8mb4_general_ci NULL COMMENT '完整案例内容(Markdown)',
  `image_urls` text CHARACTER SET utf8mb4 COLLATE utf8mb4_general_ci NULL COMMENT '图片链接JSON数组',
  `sort_order` int(11) NULL DEFAULT 0 COMMENT '排序',
  `status` tinyint(4) NULL DEFAULT 1 COMMENT '状态：0禁用 1启用',
  `create_by` bigint(20) NULL DEFAULT NULL COMMENT '创建人',
  `create_time` datetime NULL DEFAULT CURRENT_TIMESTAMP COMMENT '创建时间',
  `update_time` datetime NULL DEFAULT CURRENT_TIMESTAMP ON UPDATE CURRENT_TIMESTAMP COMMENT '更新时间',
  PRIMARY KEY (`id`) USING BTREE,
  INDEX `idx_chapter_id`(`chapter_id`) USING BTREE,
  INDEX `idx_symbol`(`symbol`) USING BTREE,
  INDEX `idx_case_type`(`case_type`) USING BTREE
) ENGINE = InnoDB AUTO_INCREMENT = 73 CHARACTER SET = utf8mb4 COLLATE = utf8mb4_general_ci COMMENT = '实战案例表';

-- ----------------------------
-- Records of learn_case
-- ----------------------------
BEGIN;
INSERT INTO `learn_case` (`id`, `chapter_id`, `title`, `case_type`, `symbol`, `timeframe`, `entry_date`, `background`, `analysis`, `entry_setup`, `result`, `lessons`, `content`, `image_urls`, `sort_order`, `status`, `create_by`, `create_time`, `update_time`) VALUES (1, 1, 'BTC 2024年锤子线反转案例', 'success', 'BTC', '4H', '2024-01-23', NULL, NULL, NULL, NULL, NULL, '# BTC 锤子线反转案例分析\r\n\r\n## 案例背景\r\n\r\n2024年1月，BTC在ETF获批前经历了一波回调，价格从49000跌至38500附近。在38500-39000区域形成了明显的锤子线形态。\r\n\r\n## 锤子线形态图解\r\n\r\n:::candlestick hammer:::\r\n\r\n## 市场环境\r\n\r\n- **宏观背景**：市场等待ETF最终审批结果\r\n- **情绪指标**：恐惧贪婪指数降至35（恐惧）\r\n- **资金费率**：转为负值，空头占优\r\n\r\n## 技术分析过程\r\n\r\n### K线形态识别\r\n\r\n在4小时图上，38800位置出现标准锤子线：\r\n- 下影线长度约为实体的3倍\r\n- 上影线几乎没有\r\n- 出现在明显下跌趋势末端\r\n- 位于前期支撑区域\r\n\r\n### 确认信号\r\n\r\n1. 锤子线后一根K线为阳线，收盘价高于锤子线实体\r\n2. 成交量在锤子线形成时明显放大\r\n3. RSI在超卖区域（28）出现背离\r\n\r\n## 交易设置\r\n\r\n| 项目 | 数值 |\r\n|-----|------|\r\n| 入场价 | 39200 |\r\n| 止损价 | 37800（锤子线最低点下方） |\r\n| 止盈目标1 | 42000（1:2盈亏比） |\r\n| 止盈目标2 | 45000（前高） |\r\n| 仓位 | 总资金的3% |\r\n\r\n## 实际走势\r\n\r\n- 入场后价格小幅回调至38900，未触及止损\r\n- 3天后价格突破42000，达到第一止盈目标\r\n- 1周后ETF获批，价格冲高至49000\r\n- 最终在46000附近全部出场\r\n\r\n## 盈亏结果\r\n\r\n- 第一目标盈利：+7.1%\r\n- 第二目标盈利：+17.3%\r\n- 综合盈利：约+12%（分批出场）\r\n\r\n## 经验总结\r\n\r\n### 成功因素\r\n\r\n1. **位置正确**：锤子线出现在关键支撑位\r\n2. **确认充分**：等待了确认K线才入场\r\n3. **风控到位**：止损设在形态失效位置\r\n4. **分批止盈**：锁定部分利润，让利润奔跑\r\n\r\n### 可改进之处\r\n\r\n1. 可以在确认后加仓，提高收益\r\n2. 第二目标可以设置移动止损\r\n\r\n### 核心教训\r\n\r\n> 锤子线的有效性取决于出现的位置，在关键支撑位出现的锤子线成功率更高。', NULL, 1, 1, NULL, '2025-12-30 13:35:05', '2026-01-01 00:41:16'), (2, 1, 'ETH吞没形态反转案例', 'success', 'ETH', '1D', '2024-03-14', NULL, NULL, NULL, NULL, NULL, '# ETH 看涨吞没形态案例分析\r\n\r\n## 案例背景\r\n\r\n2024年3月中旬，ETH在经历了从4000到3200的回调后，在日线级别形成了标准的看涨吞没形态。\r\n\r\n## 看涨吞没形态图解\r\n\r\n:::candlestick bullish_engulfing:::\r\n\r\n## 市场环境\r\n\r\n- **BTC走势**：同期BTC也在回调整理\r\n- **ETH/BTC汇率**：处于相对低位\r\n- **链上数据**：交易所ETH流出增加\r\n\r\n## 技术分析过程\r\n\r\n### 形态识别\r\n\r\n在日线图上，3250位置出现标准看涨吞没：\r\n- 第一根为中阴线\r\n- 第二根阳线实体完全包住阴线实体\r\n- 出现在下跌趋势末端\r\n- 位于前期支撑区域\r\n\r\n### 确认信号\r\n\r\n1. 吞没形态当日成交量放大\r\n2. 次日继续收阳确认\r\n3. MACD在低位形成金叉\r\n\r\n## 交易设置\r\n\r\n| 项目 | 数值 |\r\n|-----|------|\r\n| 入场价 | 3350 |\r\n| 止损价 | 3100（吞没形态最低点下方） |\r\n| 止盈目标 | 3800（前高） |\r\n| 仓位 | 总资金的5% |\r\n\r\n## 实际走势\r\n\r\n- 入场后价格稳步上涨\r\n- 5天后达到3800目标位\r\n- 盈利约13.4%\r\n\r\n## 经验总结\r\n\r\n看涨吞没形态是可靠的底部反转信号，关键要点：\r\n1. 阳线实体必须完全包住阴线实体\r\n2. 出现在下跌趋势末端\r\n3. 配合成交量放大确认', NULL, 2, 1, NULL, '2025-12-30 13:35:05', '2026-01-01 00:41:16'), (3, 1, '早晨之星底部反转失败案例', 'failure', 'BTC', '4H', '2024-02-25', NULL, NULL, NULL, NULL, NULL, '# BTC 早晨之星失败案例分析\r\n\r\n## 案例背景\r\n\r\n2024年2月下旬，BTC在51000附近出现了疑似早晨之星形态，但最终形态失效，价格继续下跌。\r\n\r\n## 早晨之星形态图解\r\n\r\n:::candlestick morning_star:::\r\n\r\n## 市场环境\r\n\r\n- **整体趋势**：处于上涨趋势中的回调\r\n- **市场情绪**：贪婪指数仍在70以上\r\n- **消息面**：无重大利好利空\r\n\r\n## 技术分析过程\r\n\r\n### 形态识别\r\n\r\n4小时图51000附近出现三根K线组合：\r\n- 第一根：大阴线\r\n- 第二根：小十字星，向下跳空\r\n- 第三根：阳线，但实体较小\r\n\r\n### 问题所在\r\n\r\n1. **第三根阳线不够强**：未能深入第一根阴线实体50%以上\r\n2. **成交量不足**：第三根阳线成交量未明显放大\r\n3. **位置不佳**：并非在关键支撑位\r\n\r\n## 交易设置（错误示范）\r\n\r\n| 项目 | 数值 |\r\n|-----|------|\r\n| 入场价 | 51500 |\r\n| 止损价 | 50500 |\r\n| 预期目标 | 54000 |\r\n\r\n## 实际走势\r\n\r\n- 入场后价格短暂上涨至52000\r\n- 随后快速下跌，触及止损50500\r\n- 最终价格跌至49000才企稳\r\n\r\n## 亏损结果\r\n\r\n- 亏损：-1.9%\r\n- 止损执行：成功\r\n\r\n## 失败原因分析\r\n\r\n### 形态缺陷\r\n\r\n1. 第三根阳线实体太小，力度不足\r\n2. 整体形态不够标准\r\n3. 缺乏成交量配合\r\n\r\n### 环境因素\r\n\r\n1. 市场情绪仍然偏贪婪，不是真正的恐惧底部\r\n2. 没有在关键支撑位形成\r\n3. 大周期（日线）仍在调整中\r\n\r\n## 经验教训\r\n\r\n### 核心教训\r\n\r\n1. **形态要标准**：早晨之星的第三根阳线必须足够强势\r\n2. **位置很重要**：在关键支撑位形成的形态更可靠\r\n3. **量价配合**：没有成交量配合的形态可靠性降低\r\n4. **止损必须执行**：虽然判断错误，但止损保护了资金\r\n\r\n### 改进方法\r\n\r\n> 对于不够标准的K线形态，应该选择观望或减小仓位，而不是按标准仓位入场。\r\n\r\n### 检查清单更新\r\n\r\n入场前增加检查项：\r\n- [ ] 形态是否标准（评分8分以上）\r\n- [ ] 是否在关键支撑/阻力位\r\n- [ ] 成交量是否配合\r\n- [ ] 大周期趋势是否支持', NULL, 3, 1, NULL, '2025-12-30 13:35:05', '2026-01-01 01:04:25'), (4, 2, 'BTC 60000整数关口突破案例', 'success', 'BTC', '1D', '2024-02-28', NULL, NULL, NULL, NULL, NULL, '# BTC 60000整数关口突破案例\r\n\r\n## 案例背景\r\n\r\n2024年2月底，BTC在ETF资金持续流入的推动下，逼近60000这一重要心理关口。60000不仅是整数关口，也是2021年牛市的重要价位。\r\n\r\n## 关键位分析\r\n\r\n### 60000的重要性\r\n\r\n1. **心理关口**：整数关口天然具有支撑阻力作用\r\n2. **历史意义**：2021年多次在此位置震荡\r\n3. **技术意义**：突破后打开上涨空间\r\n\r\n### 突破前的蓄势\r\n\r\n- 价格在57000-59500区间震荡5天\r\n- 成交量逐渐萎缩（蓄势特征）\r\n- 多次试探59000-60000区域\r\n\r\n## 突破过程\r\n\r\n### 突破当日特征\r\n\r\n- 开盘价：58800\r\n- 最高价：63000\r\n- 收盘价：62500\r\n- 成交量：是前5日平均的3倍\r\n\r\n### 突破确认\r\n\r\n1. 日线收盘站稳60000上方\r\n2. 成交量明显放大\r\n3. 次日回踩60000获得支撑\r\n\r\n## 交易策略\r\n\r\n### 策略一：突破追入\r\n\r\n| 项目 | 数值 |\r\n|-----|------|\r\n| 入场价 | 60500（突破确认后） |\r\n| 止损价 | 58500（突破K线低点下方） |\r\n| 目标价 | 69000（前高） |\r\n\r\n### 策略二：回踩入场（更优）\r\n\r\n| 项目 | 数值 |\r\n|-----|------|\r\n| 入场价 | 60200（回踩支撑） |\r\n| 止损价 | 58500 |\r\n| 目标价 | 69000 |\r\n\r\n## 实际走势\r\n\r\n- 突破后回踩60000-61000区间\r\n- 确认支撑后继续上涨\r\n- 2周后达到69000目标\r\n- 最高冲至73000\r\n\r\n## 经验总结\r\n\r\n### 整数关口交易要点\r\n\r\n1. **突破要有量**：真突破必须伴随成交量放大\r\n2. **等待确认**：不要在突破瞬间追入，等收盘确认\r\n3. **回踩是机会**：突破后的回踩往往是更好的入场点\r\n4. **止损要合理**：设在突破K线低点下方\r\n\r\n### 假突破识别\r\n\r\n- 成交量不足\r\n- 快速回落收盘在关口下方\r\n- 上影线很长', NULL, 1, 1, NULL, '2025-12-30 13:35:05', '2025-12-30 13:35:05'), (5, 2, 'ETH趋势线突破交易案例', 'success', 'ETH', '4H', '2024-03-01', NULL, NULL, NULL, NULL, NULL, '# ETH 下降趋势线突破案例\r\n\r\n## 案例背景\r\n\r\n2024年3月初，ETH从4000回调至3000附近后，形成了一条清晰的下降趋势线。价格在3400附近突破了这条趋势线。\r\n\r\n## 阻力突破形态图解\r\n\r\n:::candlestick resistance_break:::\r\n\r\n## 趋势线绘制\r\n\r\n### 绘制方法\r\n\r\n连接两个明显的高点：\r\n- 高点1：4000（2月高点）\r\n- 高点2：3650（反弹高点）\r\n- 延长趋势线作为阻力参考\r\n\r\n### 趋势线特征\r\n\r\n- 斜率适中，不过陡也不过缓\r\n- 被测试3次以上\r\n- 时间跨度约2周\r\n\r\n## 突破分析\r\n\r\n### 突破信号\r\n\r\n1. 4小时K线实体突破趋势线\r\n2. 突破时成交量放大\r\n3. 突破后回踩趋势线获得支撑\r\n\r\n### 确认要素\r\n\r\n- 收盘价站稳趋势线上方\r\n- 回踩不破趋势线\r\n- MACD同步金叉\r\n\r\n## 交易执行\r\n\r\n| 项目 | 数值 |\r\n|-----|------|\r\n| 入场价 | 3420（回踩趋势线入场） |\r\n| 止损价 | 3250（趋势线下方+缓冲） |\r\n| 目标价1 | 3700（前高） |\r\n| 目标价2 | 4000（更前高点） |\r\n\r\n## 实际结果\r\n\r\n- 入场后顺利上涨\r\n- 3天达到目标1（+8.2%）\r\n- 1周达到目标2（+17%）\r\n\r\n## 趋势线交易要点\r\n\r\n### 有效趋势线标准\r\n\r\n1. 至少连接2个明显高点/低点\r\n2. 被测试次数越多越有效\r\n3. 时间跨度要足够（至少1周以上）\r\n\r\n### 突破交易技巧\r\n\r\n1. 等待收盘确认，不要盘中追入\r\n2. 回踩入场风险更小\r\n3. 止损设在趋势线另一侧\r\n4. 突破后趋势线角色转换（阻力变支撑）', NULL, 2, 1, NULL, '2025-12-30 13:35:05', '2026-01-01 01:04:25'), (6, 2, '支撑变阻力经典案例', 'analysis', 'BTC', '1D', '2024-04-15', NULL, NULL, NULL, NULL, NULL, '# 支撑变阻力原理案例分析\r\n\r\n## 案例背景\r\n\r\n2024年4月，BTC在创出73000新高后开始回调。之前的支撑位64000-65000区域，在跌破后转变为阻力位。\r\n\r\n## 支撑变阻力形态图解\r\n\r\n:::candlestick support_to_resistance:::\r\n\r\n## 支撑阻力转换原理\r\n\r\n### 为什么会转换？\r\n\r\n1. **套牢盘心理**：在支撑位买入的多头被套，反弹时急于解套卖出\r\n2. **空头加仓**：空头在此位置加仓做空\r\n3. **市场记忆**：价格对关键位置有\"记忆\"\r\n\r\n### 转换条件\r\n\r\n- 必须是有效跌破（收盘价跌破）\r\n- 跌破时最好有成交量配合\r\n- 跌破后的反弹是确认转换的机会\r\n\r\n## 案例详解\r\n\r\n### 支撑阶段（3月）\r\n\r\n- 64000-65000多次获得支撑\r\n- 形成明显的支撑区域\r\n- 每次触及都有买盘入场\r\n\r\n### 跌破过程（4月中旬）\r\n\r\n- 日线收盘跌破64000\r\n- 跌破时成交量放大\r\n- 快速下跌至60000附近\r\n\r\n### 阻力确认（4月下旬）\r\n\r\n- 价格反弹至64000-65000区域\r\n- 遇到明显抛压\r\n- 形成长上影线后回落\r\n- 确认支撑已转为阻力\r\n\r\n## 交易应用\r\n\r\n### 做空策略\r\n\r\n| 项目 | 数值 |\r\n|-----|------|\r\n| 入场价 | 64500（反弹至阻力区） |\r\n| 止损价 | 66000（阻力区上方） |\r\n| 目标价 | 60000（前低） |\r\n\r\n### 注意事项\r\n\r\n1. 不要在刚跌破时就做空，等反弹确认\r\n2. 止损要设在阻力区上方\r\n3. 如果强势突破回去，说明转换失败\r\n\r\n## 实际走势\r\n\r\n- 反弹至64800后受阻\r\n- 随后下跌至56000\r\n- 阻力转换成功\r\n\r\n## 核心要点\r\n\r\n### 识别转换的信号\r\n\r\n1. 有效跌破/突破关键位\r\n2. 反弹/回调至该位置\r\n3. 出现反向K线形态\r\n4. 成交量配合\r\n\r\n### 交易建议\r\n\r\n> 支撑阻力转换是非常可靠的交易信号，但要耐心等待确认，不要预判。', NULL, 3, 1, NULL, '2025-12-30 13:35:05', '2026-01-01 01:04:25'), (7, 3, 'BTC MA200牛熊分界案例', 'analysis', 'BTC', '1D', '2024-01-01', NULL, NULL, NULL, NULL, NULL, '# BTC MA200牛熊分界线案例分析\r\n\r\n## 案例背景\r\n\r\n200日均线（MA200）被广泛认为是判断牛熊的重要指标。本案例分析2023-2024年BTC与MA200的关系。\r\n\r\n## 均线多头排列形态图解\r\n\r\n:::candlestick ma_bullish_alignment:::\r\n\r\n## MA200的意义\r\n\r\n### 为什么是200日？\r\n\r\n1. **时间跨度**：约代表一年的交易日（去除周末）\r\n2. **机构认可**：被大型机构广泛使用\r\n3. **自我实现**：因为大家都看，所以有效\r\n\r\n### 牛熊判断标准\r\n\r\n- **牛市**：价格持续运行在MA200上方\r\n- **熊市**：价格持续运行在MA200下方\r\n- **转换期**：价格在MA200附近反复穿越\r\n\r\n## 历史案例回顾\r\n\r\n### 2023年1月：突破MA200\r\n\r\n- 价格从16000附近上涨\r\n- 1月中旬突破MA200（约19500）\r\n- 突破后回踩确认，开启上涨\r\n\r\n### 2023年全年\r\n\r\n- 价格基本运行在MA200上方\r\n- 每次回调至MA200附近都获得支撑\r\n- MA200成为强支撑线\r\n\r\n### 2024年初\r\n\r\n- 价格远离MA200运行\r\n- MA200在38000附近\r\n- 价格在40000-70000区间\r\n\r\n## 交易应用\r\n\r\n### 策略一：MA200支撑买入\r\n\r\n当价格回调至MA200附近时：\r\n- 观察是否出现止跌信号\r\n- 配合其他指标确认\r\n- 设置止损在MA200下方\r\n\r\n### 策略二：MA200方向判断\r\n\r\n- MA200向上倾斜：偏多思路\r\n- MA200向下倾斜：偏空思路\r\n- MA200走平：震荡思路\r\n\r\n## 实战建议\r\n\r\n### 使用要点\r\n\r\n1. **不要单独使用**：MA200是趋势过滤器，不是入场信号\r\n2. **关注斜率**：斜率变化往往领先于价格\r\n3. **结合成交量**：突破MA200时成交量要放大\r\n4. **耐心等待**：MA200级别的信号不常出现\r\n\r\n### 常见错误\r\n\r\n1. 在MA200附近频繁交易\r\n2. 忽视MA200的滞后性\r\n3. 不设止损死扛\r\n\r\n## 核心结论\r\n\r\n> MA200是判断大趋势的有效工具，价格在MA200上方偏多操作，下方偏空操作，但具体入场需要结合其他信号。', NULL, 1, 1, NULL, '2025-12-30 13:35:05', '2026-01-01 01:04:25'), (8, 3, '均线金叉买入成功案例', 'success', 'ETH', '4H', '2024-02-15', NULL, NULL, NULL, NULL, NULL, '# ETH 均线金叉买入案例\r\n\r\n## 案例背景\r\n\r\n2024年2月中旬，ETH在2800附近完成筑底后，4小时图上出现EMA12与EMA26金叉信号。\r\n\r\n## 均线设置\r\n\r\n### 使用的均线\r\n\r\n- EMA12：短期均线（约2天）\r\n- EMA26：中期均线（约4天）\r\n- EMA50：趋势确认（约8天）\r\n\r\n### 为什么用EMA？\r\n\r\n- EMA对近期价格更敏感\r\n- 反应更快，适合中短线\r\n- 加密货币波动大，需要灵敏的均线\r\n\r\n## 金叉形成过程\r\n\r\n### 金叉前\r\n\r\n- 价格在2600-2800区间震荡\r\n- EMA12在EMA26下方\r\n- 两条均线逐渐收敛\r\n\r\n### 金叉时刻\r\n\r\n- EMA12上穿EMA26\r\n- 价格站上两条均线\r\n- 成交量温和放大\r\n\r\n### 金叉后确认\r\n\r\n- 价格回踩EMA12获得支撑\r\n- 均线开始发散向上\r\n- EMA50也开始拐头\r\n\r\n## 交易执行\r\n\r\n| 项目 | 数值 |\r\n|-----|------|\r\n| 入场时机 | 金叉后回踩EMA12 |\r\n| 入场价 | 2850 |\r\n| 止损价 | 2700（EMA26下方） |\r\n| 目标价 | 3200（前高） |\r\n\r\n## 实际走势\r\n\r\n- 入场后价格沿EMA12上涨\r\n- 期间多次回踩EMA12获支撑\r\n- 10天后达到3200目标\r\n- 最高涨至3500\r\n\r\n## 盈利结果\r\n\r\n- 盈利：+12.3%\r\n- 持仓时间：10天\r\n- 最大回撤：-3%\r\n\r\n## 均线金叉交易要点\r\n\r\n### 有效金叉特征\r\n\r\n1. 金叉前有明显的下跌或震荡\r\n2. 金叉时成交量配合\r\n3. 金叉后均线开始发散\r\n4. 价格站稳在均线上方\r\n\r\n### 无效金叉特征\r\n\r\n1. 震荡市中频繁金叉死叉\r\n2. 金叉后均线纠缠不发散\r\n3. 成交量萎缩\r\n4. 价格快速跌回均线下方\r\n\r\n### 入场技巧\r\n\r\n> 不要在金叉瞬间追入，等待回踩均线确认后入场，风险更小。\r\n\r\n## 均线金叉形态图解\r\n\r\n:::candlestick ma_golden_cross:::\r\n\r\n', NULL, 2, 1, NULL, '2025-12-30 13:35:05', '2026-01-01 00:41:16'), (9, 3, '均线死叉卖出案例', 'success', 'BTC', '4H', '2024-04-20', NULL, NULL, NULL, NULL, NULL, '# BTC 均线死叉卖出案例\r\n\r\n## 案例背景\r\n\r\n2024年4月下旬，BTC从73000高点回落后，在4小时图上形成EMA12与EMA26死叉，预示短期趋势转空。\r\n\r\n## 均线死叉形态图解\r\n\r\n:::candlestick ma_death_cross:::\r\n\r\n## 死叉形成背景\r\n\r\n### 市场环境\r\n\r\n- BTC刚创历史新高73000\r\n- 市场情绪极度贪婪（指数90+）\r\n- 获利盘开始出逃\r\n\r\n### 技术形态\r\n\r\n- 价格跌破EMA12\r\n- EMA12开始拐头向下\r\n- 即将下穿EMA26\r\n\r\n## 死叉确认\r\n\r\n### 死叉信号\r\n\r\n- EMA12下穿EMA26\r\n- 价格在两条均线下方\r\n- 成交量在下跌时放大\r\n\r\n### 辅助确认\r\n\r\n- MACD同步死叉\r\n- RSI跌破50中轴\r\n- 日线级别也开始走弱\r\n\r\n## 交易执行\r\n\r\n### 策略：死叉做空\r\n\r\n| 项目 | 数值 |\r\n|-----|------|\r\n| 入场价 | 66000（死叉确认后） |\r\n| 止损价 | 69000（EMA26上方） |\r\n| 目标价1 | 62000 |\r\n| 目标价2 | 58000 |\r\n\r\n### 或者：多头离场\r\n\r\n如果持有多单，死叉是离场信号：\r\n- 在66000附近平掉多单\r\n- 避免利润大幅回吐\r\n\r\n## 实际走势\r\n\r\n- 死叉后价格持续下跌\r\n- 1周内跌至58000\r\n- 最低跌至56000\r\n\r\n## 交易结果\r\n\r\n- 做空盈利：+12%（目标1）/ +15%（目标2）\r\n- 多头及时离场避免了15%以上的回撤\r\n\r\n## 均线死叉要点\r\n\r\n### 死叉的意义\r\n\r\n1. 短期趋势转空\r\n2. 多头应该离场或减仓\r\n3. 可以考虑做空\r\n\r\n### 死叉交易注意\r\n\r\n1. **不要抄底**：死叉后不要急于抄底\r\n2. **顺势而为**：死叉后偏空操作\r\n3. **等待金叉**：等新的金叉出现再做多\r\n4. **控制仓位**：死叉后如果做空，仓位要控制\r\n\r\n### 死叉失效情况\r\n\r\n- 快速收回均线上方\r\n- 出现强势阳线吞没\r\n- 重大利好消息刺激\r\n\r\n> 均线死叉是趋势转弱的信号，但不是绝对的做空信号，需要结合整体趋势判断。', NULL, 3, 1, NULL, '2025-12-30 13:35:05', '2026-01-01 01:04:25'), (10, 4, 'BTC顶背离见顶案例', 'success', 'BTC', '1D', '2024-03-14', NULL, NULL, NULL, NULL, NULL, '# BTC MACD顶背离见顶案例\r\n\r\n## 案例背景\r\n\r\n2024年3月，BTC创出73000历史新高，但MACD指标出现明显的顶背离信号，随后价格大幅回调。\r\n\r\n## MACD顶背离形态图解\r\n\r\n:::candlestick macd_top_divergence:::\r\n\r\n## 顶背离定义\r\n\r\n### 什么是顶背离？\r\n\r\n- 价格创新高\r\n- MACD指标（DIF线或柱状图）未能创新高\r\n- 形成价格与指标的背离\r\n\r\n### 背离的意义\r\n\r\n- 上涨动能减弱\r\n- 多头力量衰竭\r\n- 可能出现趋势反转\r\n\r\n## 案例详解\r\n\r\n### 第一个高点\r\n\r\n- 日期：2024年3月5日\r\n- 价格：69000\r\n- MACD DIF值：2800\r\n\r\n### 第二个高点\r\n\r\n- 日期：2024年3月14日\r\n- 价格：73000（新高）\r\n- MACD DIF值：2500（未创新高）\r\n\r\n### 背离确认\r\n\r\n- 价格新高，MACD未新高\r\n- 形成标准顶背离\r\n- MACD柱状图也在缩短\r\n\r\n## 交易策略\r\n\r\n### 策略一：背离后做空\r\n\r\n| 项目 | 数值 |\r\n|-----|------|\r\n| 入场时机 | MACD死叉确认 |\r\n| 入场价 | 69000 |\r\n| 止损价 | 74000（新高上方） |\r\n| 目标价 | 60000 |\r\n\r\n### 策略二：多头止盈\r\n\r\n- 在73000附近减仓50%\r\n- MACD死叉后清仓剩余\r\n\r\n## 实际走势\r\n\r\n- 背离后价格震荡\r\n- MACD死叉后加速下跌\r\n- 最低跌至56000\r\n- 跌幅超过23%\r\n\r\n## 背离交易要点\r\n\r\n### 有效背离特征\r\n\r\n1. 两个高点间隔适中（1-4周）\r\n2. 背离幅度明显\r\n3. 出现在明显趋势末端\r\n4. 有其他信号配合\r\n\r\n### 背离交易技巧\r\n\r\n1. **不要提前入场**：等MACD死叉确认\r\n2. **设好止损**：背离可能失效\r\n3. **分批操作**：不要一次性重仓\r\n4. **关注大周期**：日线背离比小时线更可靠\r\n\r\n### 背离失效情况\r\n\r\n- 强势行情中背离可能多次出现\r\n- 重大利好可能使背离失效\r\n- 需要等待确认信号\r\n\r\n> 顶背离是重要的见顶信号，但不是立即做空的信号，需要等待MACD死叉确认。', NULL, 1, 1, NULL, '2025-12-30 13:35:05', '2026-01-01 01:04:25'), (11, 4, 'ETH底背离抄底案例', 'success', 'ETH', '4H', '2024-05-01', NULL, NULL, NULL, NULL, NULL, '# ETH MACD底背离抄底案例\r\n\r\n## 案例背景\r\n\r\n2024年5月初，ETH在经历大幅回调后，在2800附近出现MACD底背离信号，随后开启反弹。\r\n\r\n## MACD底背离形态图解\r\n\r\n:::candlestick macd_bottom_divergence:::\r\n\r\n## 底背离识别\r\n\r\n### 形态特征\r\n\r\n- 价格创新低\r\n- MACD DIF线未创新低\r\n- 形成底背离结构\r\n\r\n### 案例数据\r\n\r\n**第一个低点**\r\n- 价格：3050\r\n- MACD DIF：-150\r\n\r\n**第二个低点**\r\n- 价格：2850（新低）\r\n- MACD DIF：-120（未新低）\r\n\r\n## 确认信号\r\n\r\n### MACD金叉\r\n\r\n- 底背离形成后\r\n- DIF上穿DEA\r\n- 柱状图由绿转红\r\n\r\n### 其他确认\r\n\r\n- K线出现锤子线\r\n- 成交量萎缩后放大\r\n- RSI在超卖区\r\n\r\n## 交易执行\r\n\r\n| 项目 | 数值 |\r\n|-----|------|\r\n| 入场时机 | MACD金叉确认 |\r\n| 入场价 | 2950 |\r\n| 止损价 | 2750（新低下方） |\r\n| 目标价1 | 3300 |\r\n| 目标价2 | 3600 |\r\n\r\n## 实际走势\r\n\r\n- 金叉后价格企稳回升\r\n- 5天达到目标1（+11.8%）\r\n- 2周达到目标2（+22%）\r\n\r\n## 底背离交易要点\r\n\r\n### 入场时机\r\n\r\n1. 等待MACD金叉确认\r\n2. 或等待K线反转形态\r\n3. 不要在背离形成时就入场\r\n\r\n### 止损设置\r\n\r\n- 设在新低下方\r\n- 给予适当缓冲空间\r\n- 背离失效果断止损\r\n\r\n### 仓位管理\r\n\r\n- 首次入场用小仓位\r\n- 确认后可以加仓\r\n- 不要一次性满仓\r\n\r\n## 底背离 vs 顶背离\r\n\r\n| 对比项 | 底背离 | 顶背离 |\r\n|-------|--------|--------|\r\n| 位置 | 下跌趋势末端 | 上涨趋势末端 |\r\n| 信号 | 看涨 | 看跌 |\r\n| 可靠性 | 相对较高 | 相对较高 |\r\n| 确认 | 等金叉 | 等死叉 |\r\n\r\n> 底背离是抄底的重要信号，但必须等待MACD金叉确认，不要在背离形成时就急于入场。', NULL, 2, 1, NULL, '2025-12-30 13:35:05', '2026-01-01 01:04:25'), (12, 4, 'MACD零轴金叉强势信号案例', 'success', 'BTC', '1D', '2024-02-01', NULL, NULL, NULL, NULL, NULL, '# BTC MACD零轴金叉案例\r\n\r\n## 案例背景\r\n\r\n2024年2月初，BTC的日线MACD在零轴上方形成金叉，这是一个强势的做多信号。\r\n\r\n## 零轴上方金叉形态图解\r\n\r\n:::candlestick macd_above_zero_cross:::\r\n\r\n## 零轴金叉的意义\r\n\r\n### 为什么零轴上方金叉更强？\r\n\r\n1. **趋势确认**：DIF在零轴上方说明中期趋势向上\r\n2. **回调结束**：金叉说明短期回调结束\r\n3. **顺势信号**：是顺势做多的信号\r\n\r\n### 与零轴下方金叉的区别\r\n\r\n| 位置 | 意义 | 可靠性 |\r\n|-----|------|--------|\r\n| 零轴上方金叉 | 强势回调结束 | 高 |\r\n| 零轴下方金叉 | 可能是反弹 | 中 |\r\n| 零轴附近金叉 | 趋势转换 | 中高 |\r\n\r\n## 案例详解\r\n\r\n### 金叉前状态\r\n\r\n- BTC从48000回调至42000\r\n- MACD DIF回落但仍在零轴上方\r\n- DEA也在零轴上方\r\n\r\n### 金叉形成\r\n\r\n- DIF触及DEA后上穿\r\n- 柱状图由绿转红\r\n- 价格同步企稳回升\r\n\r\n## 交易执行\r\n\r\n| 项目 | 数值 |\r\n|-----|------|\r\n| 入场价 | 43500（金叉确认后） |\r\n| 止损价 | 41000（前低下方） |\r\n| 目标价 | 52000（前高） |\r\n\r\n## 实际走势\r\n\r\n- 金叉后价格持续上涨\r\n- 2周内达到52000\r\n- 后续继续上涨至69000\r\n\r\n## 盈利结果\r\n\r\n- 盈利：+19.5%\r\n- 持仓时间：2周\r\n- 风险回报比：1:3.4\r\n\r\n## 零轴金叉交易要点\r\n\r\n### 最佳入场条件\r\n\r\n1. DIF和DEA都在零轴上方\r\n2. 金叉时柱状图明显转红\r\n3. 价格站上短期均线\r\n4. 成交量配合\r\n\r\n### 止损设置\r\n\r\n- 设在回调低点下方\r\n- 或设在零轴下方（更宽松）\r\n\r\n### 持仓策略\r\n\r\n- 零轴上方金叉可以持仓更久\r\n- 用均线或MACD死叉作为出场信号\r\n- 可以采用移动止损\r\n\r\n> 零轴上方的MACD金叉是强势信号，说明主趋势向上，回调结束，是顺势做多的好机会。', NULL, 3, 1, NULL, '2025-12-30 13:35:05', '2026-01-01 01:04:25'), (13, 5, 'RSI超卖反弹案例', 'success', 'BTC', '4H', '2024-05-02', NULL, NULL, NULL, NULL, NULL, '# BTC RSI超卖反弹案例\r\n\r\n## 案例背景\r\n\r\n2024年5月初，BTC快速下跌至56000附近，4小时RSI跌至20以下的极度超卖区域，随后出现强劲反弹。\r\n\r\n## RSI超卖形态图解\r\n\r\n:::candlestick rsi_oversold:::\r\n\r\n## RSI超卖定义\r\n\r\n### RSI区间划分\r\n\r\n- **超买区**：RSI > 70\r\n- **中性区**：30 < RSI < 70\r\n- **超卖区**：RSI < 30\r\n- **极度超卖**：RSI < 20\r\n\r\n### 超卖的意义\r\n\r\n- 短期跌幅过大\r\n- 空头力量可能衰竭\r\n- 存在技术性反弹需求\r\n\r\n## 案例详解\r\n\r\n### 下跌过程\r\n\r\n- 价格从64000跌至56000\r\n- 跌幅约12.5%\r\n- RSI从55跌至18\r\n\r\n### 超卖信号\r\n\r\n- RSI跌至18（极度超卖）\r\n- 出现RSI底背离迹象\r\n- K线出现长下影线\r\n\r\n### 反弹触发\r\n\r\n- RSI从超卖区回升\r\n- 价格企稳后放量上涨\r\n- 突破短期均线\r\n\r\n## 交易执行\r\n\r\n| 项目 | 数值 |\r\n|-----|------|\r\n| 入场条件 | RSI回升至25以上 |\r\n| 入场价 | 57500 |\r\n| 止损价 | 55000（前低下方） |\r\n| 目标价 | 62000（反弹50%） |\r\n\r\n## 实际走势\r\n\r\n- 入场后价格反弹\r\n- 3天达到62000目标\r\n- 最高反弹至64000\r\n\r\n## 盈利结果\r\n\r\n- 盈利：+7.8%\r\n- 持仓时间：3天\r\n\r\n## RSI超卖交易要点\r\n\r\n### 入场时机\r\n\r\n1. **不要在RSI最低点入场**：等RSI开始回升\r\n2. **配合K线形态**：出现反转K线更可靠\r\n3. **关注成交量**：缩量下跌后放量反弹\r\n\r\n### 注意事项\r\n\r\n1. 超卖不等于立即反弹\r\n2. 强势下跌中RSI可能持续超卖\r\n3. 超卖反弹通常是短线机会\r\n4. 不要逆大趋势操作\r\n\r\n### 最佳使用场景\r\n\r\n- 震荡市中的超卖\r\n- 上涨趋势中的回调超卖\r\n- 配合支撑位的超卖\r\n\r\n> RSI超卖是短线反弹信号，但要等待确认，不要在下跌过程中抄底。', NULL, 1, 1, NULL, '2025-12-30 13:35:05', '2026-01-01 01:04:25'), (14, 5, '布林带收口突破案例', 'success', 'ETH', '4H', '2024-03-20', NULL, NULL, NULL, NULL, NULL, '# ETH 布林带收口突破案例\r\n\r\n## 案例背景\r\n\r\n2024年3月下旬，ETH在3400-3600区间窄幅震荡，布林带明显收口，随后向上突破。\r\n\r\n## 布林带突破形态图解\r\n\r\n:::candlestick bollinger_breakout:::\r\n\r\n## 布林带收口原理\r\n\r\n### 什么是布林带收口？\r\n\r\n- 上轨和下轨距离缩小\r\n- 带宽（Bandwidth）降低\r\n- 表示波动率降低\r\n\r\n### 收口的意义\r\n\r\n- 市场在蓄势\r\n- 即将选择方向\r\n- 突破后往往有大行情\r\n\r\n## 案例详解\r\n\r\n### 收口阶段\r\n\r\n- 价格在3400-3600区间震荡\r\n- 布林带宽度从8%收窄至3%\r\n- 持续约5天\r\n\r\n### 突破信号\r\n\r\n- 价格突破布林带上轨\r\n- 成交量明显放大\r\n- 布林带开始张口\r\n\r\n### 突破确认\r\n\r\n- 收盘价站稳上轨外\r\n- 次日继续上涨\r\n- 中轨开始上移\r\n\r\n## 交易执行\r\n\r\n| 项目 | 数值 |\r\n|-----|------|\r\n| 入场条件 | 收盘突破上轨 |\r\n| 入场价 | 3650 |\r\n| 止损价 | 3450（中轨下方） |\r\n| 目标价 | 4000（带宽扩展目标） |\r\n\r\n## 实际走势\r\n\r\n- 突破后连续上涨\r\n- 5天达到4000目标\r\n- 最高涨至4100\r\n\r\n## 盈利结果\r\n\r\n- 盈利：+9.6%\r\n- 持仓时间：5天\r\n\r\n## 布林带突破交易要点\r\n\r\n### 收口突破条件\r\n\r\n1. 布林带明显收口（带宽低于平均）\r\n2. 收口持续一段时间（至少3-5根K线）\r\n3. 突破时成交量放大\r\n4. 收盘价站稳轨道外\r\n\r\n### 方向判断\r\n\r\n- 突破上轨：做多\r\n- 突破下轨：做空\r\n- 假突破：快速收回轨道内\r\n\r\n### 目标设置\r\n\r\n- 可以用布林带宽度作为目标参考\r\n- 或用前期高低点作为目标\r\n- 采用移动止损跟踪\r\n\r\n> 布林带收口后的突破往往是大行情的开始，关键是要等待有效突破确认。', NULL, 2, 1, NULL, '2025-12-30 13:35:05', '2026-01-01 01:04:25'), (15, 5, 'RSI背离失败案例', 'failure', 'BTC', '1H', '2024-04-10', NULL, NULL, NULL, NULL, NULL, '# RSI背离失败案例分析\r\n\r\n## 案例背景\r\n\r\n2024年4月中旬，BTC在1小时图上出现RSI底背离，但入场后背离失效，价格继续下跌。\r\n\r\n## RSI背离形态图解\r\n\r\n:::candlestick rsi_divergence:::\r\n\r\n## 背离形成\r\n\r\n### 第一个低点\r\n\r\n- 价格：68000\r\n- RSI：28\r\n\r\n### 第二个低点\r\n\r\n- 价格：67000（新低）\r\n- RSI：32（未新低）\r\n\r\n### 看似有效的背离\r\n\r\n- 价格创新低\r\n- RSI未创新低\r\n- 形成底背离结构\r\n\r\n## 交易执行（错误）\r\n\r\n| 项目 | 数值 |\r\n|-----|------|\r\n| 入场价 | 67500 |\r\n| 止损价 | 66000 |\r\n| 预期目标 | 70000 |\r\n\r\n## 实际走势\r\n\r\n- 入场后短暂反弹至68000\r\n- 随后继续下跌\r\n- 触及止损66000\r\n- 最终跌至60000\r\n\r\n## 失败原因分析\r\n\r\n### 1. 周期太小\r\n\r\n- 1小时级别背离可靠性低\r\n- 容易被大周期趋势覆盖\r\n- 应该关注4小时或日线背离\r\n\r\n### 2. 大趋势向下\r\n\r\n- 日线级别处于下跌趋势\r\n- 小周期背离逆势操作\r\n- 被大趋势淹没\r\n\r\n### 3. 背离幅度小\r\n\r\n- RSI从28到32，幅度仅4点\r\n- 背离不够明显\r\n- 信号强度不足\r\n\r\n### 4. 缺乏其他确认\r\n\r\n- 没有K线反转形态配合\r\n- 成交量没有明显变化\r\n- 没有支撑位配合\r\n\r\n## 经验教训\r\n\r\n### 背离交易检查清单\r\n\r\n- [ ] 周期是否足够大（至少4H）\r\n- [ ] 是否顺应大趋势\r\n- [ ] 背离幅度是否明显\r\n- [ ] 是否有其他信号确认\r\n- [ ] 是否在关键支撑/阻力位\r\n\r\n### 改进方法\r\n\r\n1. **提高周期**：至少用4小时图\r\n2. **顺势操作**：只在顺势方向找背离\r\n3. **等待确认**：不要在背离形成时就入场\r\n4. **严格止损**：背离失效果断离场\r\n\r\n> 小周期的RSI背离可靠性较低，应该在大周期上寻找背离信号，并配合其他确认因素。', NULL, 3, 1, NULL, '2025-12-30 13:35:05', '2026-01-01 01:04:25'), (16, 6, '放量突破有效性案例', 'success', 'BTC', '1D', '2024-02-26', NULL, NULL, NULL, NULL, NULL, '# BTC 放量突破案例分析\r\n\r\n## 案例背景\r\n\r\n2024年2月底，BTC在52000附近盘整后，放量突破前高，开启新一轮上涨。\r\n\r\n## 突破前形态\r\n\r\n### 盘整特征\r\n\r\n- 价格在48000-52000区间震荡\r\n- 成交量逐渐萎缩\r\n- 形成收敛三角形\r\n\r\n### 关键阻力\r\n\r\n- 52000：前期高点\r\n- 53000：心理关口\r\n- 需要放量才能有效突破\r\n\r\n## 突破过程\r\n\r\n### 突破当日\r\n\r\n- 开盘价：51500\r\n- 最高价：54500\r\n- 收盘价：54000\r\n- 成交量：前5日平均的2.8倍\r\n\r\n### 量价配合\r\n\r\n- 价格突破52000阻力\r\n- 成交量同步放大\r\n- 收盘站稳阻力上方\r\n\r\n## 交易执行\r\n\r\n| 项目 | 数值 |\r\n|-----|------|\r\n| 入场时机 | 放量突破确认 |\r\n| 入场价 | 53500 |\r\n| 止损价 | 51000（突破点下方） |\r\n| 目标价 | 60000 |\r\n\r\n## 实际走势\r\n\r\n- 突破后持续上涨\r\n- 10天达到60000\r\n- 后续涨至69000\r\n\r\n## 盈利结果\r\n\r\n- 盈利：+12.1%\r\n- 持仓时间：10天\r\n\r\n## 放量突破要点\r\n\r\n### 有效突破特征\r\n\r\n1. **成交量放大**：至少是平均量的1.5-2倍\r\n2. **收盘确认**：收盘价站稳突破位上方\r\n3. **K线实体大**：突破K线实体饱满\r\n4. **后续跟进**：次日继续上涨或高位整理\r\n\r\n### 假突破特征\r\n\r\n1. 成交量不足\r\n2. 长上影线收盘\r\n3. 次日快速回落\r\n4. 跌回突破位下方\r\n\r\n### 入场策略\r\n\r\n- 激进：突破当日收盘前入场\r\n- 稳健：等待次日确认后入场\r\n- 保守：等待回踩突破位入场\r\n\r\n> 放量是突破有效性的关键确认，没有量的突破要谨慎对待。\r\n\r\n## 放量突破形态图解\r\n\r\n:::candlestick volume_breakout:::\r\n\r\n', NULL, 1, 1, NULL, '2025-12-30 13:35:05', '2026-01-01 00:41:16'), (17, 6, '缩量回调买入案例', 'success', 'ETH', '4H', '2024-03-08', NULL, NULL, NULL, NULL, NULL, '# ETH 缩量回调买入案例\r\n\r\n## 案例背景\r\n\r\n2024年3月初，ETH在上涨趋势中出现缩量回调，提供了良好的买入机会。\r\n\r\n## 缩量回调形态图解\r\n\r\n:::candlestick volume_pullback:::\r\n\r\n## 缩量回调原理\r\n\r\n### 为什么缩量回调是好信号？\r\n\r\n1. **抛压有限**：卖盘不积极\r\n2. **趋势健康**：不是趋势反转\r\n3. **蓄势待发**：为下一波上涨蓄力\r\n\r\n### 与放量回调的区别\r\n\r\n| 类型 | 含义 | 操作 |\r\n|-----|------|------|\r\n| 缩量回调 | 正常调整 | 可以买入 |\r\n| 放量回调 | 可能反转 | 观望为主 |\r\n\r\n## 案例详解\r\n\r\n### 上涨阶段\r\n\r\n- ETH从2800涨至3500\r\n- 上涨过程成交量放大\r\n- 涨幅约25%\r\n\r\n### 回调阶段\r\n\r\n- 价格从3500回调至3200\r\n- 回调幅度约8.5%\r\n- 成交量明显萎缩（仅为上涨时的40%）\r\n\r\n### 企稳信号\r\n\r\n- 价格触及20日均线\r\n- 出现十字星止跌\r\n- 成交量进一步萎缩\r\n\r\n## 交易执行\r\n\r\n| 项目 | 数值 |\r\n|-----|------|\r\n| 入场条件 | 缩量回调至均线 |\r\n| 入场价 | 3250 |\r\n| 止损价 | 3050（均线下方） |\r\n| 目标价 | 3800（新高） |\r\n\r\n## 实际走势\r\n\r\n- 入场后价格企稳\r\n- 成交量开始放大\r\n- 1周后突破前高3500\r\n- 最高涨至4000\r\n\r\n## 盈利结果\r\n\r\n- 盈利：+16.9%\r\n- 持仓时间：10天\r\n\r\n## 缩量回调交易要点\r\n\r\n### 识别条件\r\n\r\n1. 处于明确上涨趋势中\r\n2. 回调幅度适中（5-15%）\r\n3. 回调时成交量明显萎缩\r\n4. 回调至支撑位（均线/前低）\r\n\r\n### 入场时机\r\n\r\n1. 回调至关键支撑位\r\n2. 出现止跌K线形态\r\n3. 成交量开始温和放大\r\n\r\n### 止损设置\r\n\r\n- 设在支撑位下方\r\n- 或设在回调低点下方\r\n- 给予适当缓冲空间\r\n\r\n> 缩量回调是上涨趋势中的买入机会，关键是确认趋势仍然向上，回调只是暂时的。', NULL, 2, 1, NULL, '2025-12-30 13:35:05', '2026-01-01 01:04:25'), (18, 6, '天量见顶警示案例', 'analysis', 'BTC', '1D', '2024-03-14', NULL, NULL, NULL, NULL, NULL, '# BTC 天量见顶案例分析\r\n\r\n## 案例背景\r\n\r\n2024年3月14日，BTC创出73000历史新高的同时，成交量也创出近期天量，随后价格见顶回落。\r\n\r\n## 天量见顶形态图解\r\n\r\n:::candlestick volume_climax_top:::\r\n\r\n## 天量见顶原理\r\n\r\n### 什么是天量？\r\n\r\n- 成交量创出阶段新高\r\n- 通常是平均量的3倍以上\r\n- 出现在价格高位\r\n\r\n### 天量的含义\r\n\r\n1. **多头最后的疯狂**：大量买盘涌入\r\n2. **空头开始出货**：聪明钱在卖出\r\n3. **换手充分**：筹码大量换手\r\n4. **动能衰竭**：后续买盘不足\r\n\r\n## 案例详解\r\n\r\n### 天量当日\r\n\r\n- 日期：2024年3月14日\r\n- 最高价：73000（历史新高）\r\n- 成交量：近3个月最大\r\n- 收盘：留下长上影线\r\n\r\n### 量价背离\r\n\r\n- 价格创新高\r\n- 但收盘价低于最高价\r\n- 形成射击之星形态\r\n\r\n### 后续走势\r\n\r\n- 次日开始回落\r\n- 一周内跌至65000\r\n- 最终跌至56000\r\n\r\n## 天量见顶特征\r\n\r\n### 典型表现\r\n\r\n1. 成交量创阶段新高\r\n2. 价格冲高回落\r\n3. 留下长上影线\r\n4. 后续成交量萎缩\r\n\r\n### 与天量突破的区别\r\n\r\n| 情况 | 天量见顶 | 天量突破 |\r\n|-----|---------|---------|\r\n| 位置 | 上涨末端 | 盘整突破 |\r\n| K线 | 长上影/十字星 | 大阳线 |\r\n| 后续 | 价格回落 | 价格继续涨 |\r\n| 操作 | 减仓/做空 | 追涨/持有 |\r\n\r\n## 交易应用\r\n\r\n### 多头策略\r\n\r\n- 天量出现时减仓50%\r\n- 价格跌破关键支撑清仓\r\n- 不要在天量后追高\r\n\r\n### 空头策略\r\n\r\n- 天量后等待确认信号\r\n- 跌破支撑后做空\r\n- 止损设在天量高点上方\r\n\r\n## 注意事项\r\n\r\n### 不是所有天量都见顶\r\n\r\n1. 需要配合K线形态判断\r\n2. 需要看后续走势确认\r\n3. 牛市初期天量可能是启动信号\r\n\r\n### 确认信号\r\n\r\n- 次日收阴线\r\n- 跌破短期均线\r\n- MACD出现死叉\r\n\r\n> 天量往往出现在趋势的转折点，高位天量是重要的见顶警示信号，但需要配合其他因素确认。', NULL, 3, 1, NULL, '2025-12-30 13:35:05', '2026-01-01 01:04:25'), (19, 7, 'BTC ETF获批前后走势分析', 'analysis', 'BTC', '1D', '2024-01-10', NULL, NULL, NULL, NULL, NULL, '# BTC ETF获批事件分析\r\n\r\n## 事件背景\r\n\r\n2024年1月10日，美国SEC正式批准了11只比特币现货ETF，这是加密货币历史上的里程碑事件。\r\n\r\n## 突破形态参考图解\r\n\r\n:::candlestick resistance_break:::\r\n\r\n## 事件时间线\r\n\r\n### 获批前（2023年10月-2024年1月）\r\n\r\n| 时间 | 事件 | BTC价格 |\r\n|-----|------|---------|\r\n| 2023.10 | ETF预期升温 | 27000→35000 |\r\n| 2023.11 | 申请进展顺利 | 35000→38000 |\r\n| 2023.12 | 获批概率提升 | 38000→44000 |\r\n| 2024.01初 | 即将获批 | 44000→47000 |\r\n\r\n### 获批当日（1月10日）\r\n\r\n- 开盘价：46000\r\n- 最高价：49000\r\n- 收盘价：46500\r\n- 走势：冲高回落（买预期卖事实）\r\n\r\n### 获批后\r\n\r\n- 1月11-12日：回调至42000\r\n- 1月下旬：跌至38500\r\n- 2月后：重新上涨\r\n\r\n## 市场反应分析\r\n\r\n### \"买预期，卖事实\"\r\n\r\n1. **预期阶段**：价格提前上涨消化利好\r\n2. **事实兑现**：利好出尽，获利盘出逃\r\n3. **短期回调**：消化获利盘抛压\r\n4. **长期影响**：ETF资金持续流入推动上涨\r\n\r\n### 资金流向\r\n\r\n- 获批后首周：ETF净流入约15亿美元\r\n- 但GBTC流出抵消部分流入\r\n- 净效应需要时间显现\r\n\r\n## 交易策略复盘\r\n\r\n### 策略一：获批前布局（成功）\r\n\r\n- 入场：2023年11月，35000\r\n- 出场：获批当日，47000\r\n- 盈利：+34%\r\n\r\n### 策略二：获批后追高（失败）\r\n\r\n- 入场：获批当日，48000\r\n- 止损：42000\r\n- 亏损：-12.5%\r\n\r\n### 策略三：回调后买入（成功）\r\n\r\n- 入场：1月下旬，39000\r\n- 持有至2月\r\n- 盈利：+50%+\r\n\r\n## 重大事件交易要点\r\n\r\n### 事件前\r\n\r\n1. 提前布局，不要临近事件才入场\r\n2. 设置好止盈目标\r\n3. 准备好事件后的应对方案\r\n\r\n### 事件时\r\n\r\n1. 不要追高\r\n2. 可以减仓锁定利润\r\n3. 观察市场反应\r\n\r\n### 事件后\r\n\r\n1. 等待回调企稳\r\n2. 评估长期影响\r\n3. 寻找新的入场机会\r\n\r\n> 重大利好事件往往是\"买预期，卖事实\"，聪明的做法是提前布局，事件兑现时获利了结。', NULL, 1, 1, NULL, '2025-12-30 13:35:05', '2026-01-01 01:04:25'), (20, 7, '美联储加息对BTC影响案例', 'analysis', 'BTC', '1D', '2024-03-20', NULL, NULL, NULL, NULL, NULL, '# 美联储议息会议对BTC影响分析\r\n\r\n## 事件背景\r\n\r\n2024年3月20日，美联储召开FOMC会议，维持利率不变，但释放年内可能降息的信号。\r\n\r\n## 均线支撑形态参考\r\n\r\n:::candlestick ma_support:::\r\n\r\n## 美联储与加密货币的关系\r\n\r\n### 影响逻辑\r\n\r\n1. **利率影响流动性**：加息收紧流动性，降息释放流动性\r\n2. **美元强弱**：加息美元走强，利空BTC；降息美元走弱，利好BTC\r\n3. **风险偏好**：宽松环境利好风险资产\r\n\r\n### 历史规律\r\n\r\n| 政策 | 对BTC影响 | 原因 |\r\n|-----|----------|------|\r\n| 加息 | 短期利空 | 流动性收紧 |\r\n| 降息 | 短期利好 | 流动性释放 |\r\n| 暂停加息 | 中性偏多 | 政策转向预期 |\r\n\r\n## 本次会议分析\r\n\r\n### 会议前预期\r\n\r\n- 市场预期维持利率不变\r\n- 关注点在于降息时间表\r\n- BTC在69000附近震荡\r\n\r\n### 会议结果\r\n\r\n- 维持利率5.25-5.5%不变\r\n- 点阵图显示年内可能降息3次\r\n- 鲍威尔讲话偏鸽派\r\n\r\n### 市场反应\r\n\r\n- 会议期间：BTC小幅波动\r\n- 会议后：美元走弱，BTC上涨\r\n- 次日：BTC突破70000\r\n\r\n## 交易策略\r\n\r\n### 会议前策略\r\n\r\n- 减少仓位，避免剧烈波动\r\n- 或设置好止损保护\r\n- 不要重仓赌方向\r\n\r\n### 会议后策略\r\n\r\n- 根据结果调整仓位\r\n- 鸽派结果：可以加仓\r\n- 鹰派结果：减仓观望\r\n\r\n## 宏观事件交易要点\r\n\r\n### 需要关注的宏观事件\r\n\r\n1. 美联储议息会议（每6周一次）\r\n2. 非农就业数据（每月第一个周五）\r\n3. CPI通胀数据（每月中旬）\r\n4. GDP数据（每季度）\r\n\r\n### 交易建议\r\n\r\n1. **提前了解预期**：知道市场预期什么\r\n2. **关注预期差**：实际与预期的差异决定走势\r\n3. **控制仓位**：重大事件前减仓\r\n4. **快速反应**：事件后根据结果调整\r\n\r\n> 宏观事件对加密货币有重要影响，但不要试图预测结果，而是根据结果快速反应。', NULL, 2, 1, NULL, '2025-12-30 13:35:05', '2026-01-01 01:04:25'), (21, 7, 'BTC减半行情历史案例', 'analysis', 'BTC', '1W', '2024-04-20', NULL, NULL, NULL, NULL, NULL, '# BTC减半行情历史分析\r\n\r\n## 什么是比特币减半？\r\n\r\n### 减半机制\r\n\r\n- 每210000个区块，挖矿奖励减半\r\n- 约每4年发生一次\r\n- 减少新BTC供应量\r\n\r\n### 历史减半时间\r\n\r\n| 次数 | 时间 | 奖励变化 | 减半时价格 |\r\n|-----|------|---------|-----------|\r\n| 第1次 | 2012.11 | 50→25 | $12 |\r\n| 第2次 | 2016.07 | 25→12.5 | $650 |\r\n| 第3次 | 2020.05 | 12.5→6.25 | $8,500 |\r\n| 第4次 | 2024.04 | 6.25→3.125 | $64,000 |\r\n\r\n## 多头排列形态参考\r\n\r\n:::candlestick ma_bullish_alignment:::\r\n\r\n## 历史减半行情规律\r\n\r\n### 减半前\r\n\r\n- 通常在减半前6-12个月开始上涨\r\n- 市场提前消化减半预期\r\n- 减半前可能出现回调\r\n\r\n### 减半后\r\n\r\n- 短期可能\"买预期卖事实\"回调\r\n- 中长期（6-18个月）通常大涨\r\n- 每次减半后都创历史新高\r\n\r\n### 历史涨幅\r\n\r\n| 减半 | 减半后最高价 | 涨幅 |\r\n|-----|-------------|------|\r\n| 2012 | $1,100 | 9000%+ |\r\n| 2016 | $20,000 | 3000%+ |\r\n| 2020 | $69,000 | 700%+ |\r\n\r\n## 2024年减半分析\r\n\r\n### 减半前走势\r\n\r\n- 2023年底开始上涨\r\n- 减半前创出73000新高\r\n- 减半前出现回调\r\n\r\n### 减半时状况\r\n\r\n- 日期：2024年4月20日\r\n- 价格：约64000\r\n- 已提前创出历史新高（与以往不同）\r\n\r\n### 特殊性\r\n\r\n1. 首次减半前就创新高\r\n2. ETF带来新的资金来源\r\n3. 机构参与度更高\r\n\r\n## 减半交易策略\r\n\r\n### 长期策略\r\n\r\n- 减半前6-12个月布局\r\n- 持有至减半后12-18个月\r\n- 分批止盈\r\n\r\n### 短期策略\r\n\r\n- 减半前可能有回调，可以逢低买入\r\n- 减半当天不要追高\r\n- 减半后等待方向明确\r\n\r\n## 注意事项\r\n\r\n### 历史不代表未来\r\n\r\n1. 每次减半环境不同\r\n2. 市场越来越成熟\r\n3. 涨幅可能递减\r\n\r\n### 风险提示\r\n\r\n1. 不要All in赌减半行情\r\n2. 设置好止损\r\n3. 分批建仓和止盈\r\n\r\n> 减半是BTC的重要基本面事件，历史上每次减半后都有大行情，但要理性对待，不要盲目追高。', NULL, 3, 1, NULL, '2025-12-30 13:35:05', '2026-01-01 01:04:25'), (22, 8, '交易所BTC流出与价格关系案例', 'analysis', 'BTC', '1D', '2024-02-01', NULL, NULL, NULL, NULL, NULL, '# 交易所BTC流出分析案例\r\n\r\n## 链上数据基础\r\n\r\n### 什么是交易所流出？\r\n\r\n- BTC从交易所钱包转出到个人钱包\r\n- 表示投资者选择长期持有\r\n- 减少市场上的卖压\r\n\r\n### 数据来源\r\n\r\n- Glassnode\r\n- CryptoQuant\r\n- IntoTheBlock\r\n\r\n## 支撑反弹形态参考\r\n\r\n:::candlestick support_bounce:::\r\n\r\n## 案例分析：2024年2月\r\n\r\n### 数据观察\r\n\r\n- 2024年1-2月，交易所BTC持续流出\r\n- 单周流出量达到2万BTC以上\r\n- 交易所余额降至历史低位\r\n\r\n### 价格走势\r\n\r\n- 同期BTC从42000涨至52000\r\n- 涨幅约24%\r\n- 流出与价格正相关\r\n\r\n## 流出数据解读\r\n\r\n### 大量流出的含义\r\n\r\n1. **长期持有意愿强**：投资者不打算短期卖出\r\n2. **供应减少**：市场上可卖的BTC减少\r\n3. **看涨信号**：通常预示价格上涨\r\n\r\n### 流入的含义\r\n\r\n1. **卖出意愿增强**：准备在交易所卖出\r\n2. **供应增加**：市场抛压增加\r\n3. **看跌信号**：可能预示价格下跌\r\n\r\n## 交易应用\r\n\r\n### 策略一：流出增加时买入\r\n\r\n| 条件 | 操作 |\r\n|-----|------|\r\n| 连续多日大量流出 | 考虑建仓 |\r\n| 流出+价格上涨 | 持有或加仓 |\r\n| 流出+价格下跌 | 可能是吸筹，观察 |\r\n\r\n### 策略二：流入增加时警惕\r\n\r\n| 条件 | 操作 |\r\n|-----|------|\r\n| 连续多日大量流入 | 减仓或观望 |\r\n| 流入+价格上涨 | 可能见顶，准备出场 |\r\n| 流入+价格下跌 | 确认下跌，离场 |\r\n\r\n## 注意事项\r\n\r\n### 数据滞后性\r\n\r\n- 链上数据有一定滞后\r\n- 不能作为唯一依据\r\n- 需要结合其他指标\r\n\r\n### 特殊情况\r\n\r\n- 交易所冷热钱包调整\r\n- 机构大额转账\r\n- 需要辨别真实流向\r\n\r\n> 交易所流出是重要的链上指标，持续大量流出通常是看涨信号，但要结合其他因素综合判断。', NULL, 1, 1, NULL, '2025-12-30 13:35:05', '2026-01-01 01:04:25'), (23, 8, 'MVRV指标见顶信号案例', 'analysis', 'BTC', '1D', '2024-03-14', NULL, NULL, NULL, NULL, NULL, '# MVRV指标见顶信号分析\r\n\r\n## MVRV指标介绍\r\n\r\n### 什么是MVRV？\r\n\r\n- Market Value to Realized Value\r\n- 市值与已实现市值的比率\r\n- 衡量市场整体盈亏状态\r\n\r\n### 计算方式\r\n\r\n```\r\nMVRV = 市值 / 已实现市值\r\n```\r\n\r\n- 市值：当前价格 × 流通量\r\n- 已实现市值：每个币最后移动时的价格总和\r\n\r\n### MVRV区间含义\r\n\r\n| MVRV值 | 含义 | 操作建议 |\r\n|--------|------|---------|\r\n| > 3.5 | 严重高估，泡沫区 | 强烈卖出 |\r\n| 2.5-3.5 | 高估，获利丰厚 | 考虑减仓 |\r\n| 1-2.5 | 正常区间 | 持有 |\r\n| < 1 | 低估，亏损区 | 考虑买入 |\r\n\r\n## 顶背离形态参考\r\n\r\n:::candlestick macd_top_divergence:::\r\n\r\n## 2024年3月案例\r\n\r\n### MVRV走势\r\n\r\n- 2024年1月：MVRV约1.8\r\n- 2024年2月：MVRV升至2.3\r\n- 2024年3月14日：MVRV达到2.8\r\n\r\n### 价格走势\r\n\r\n- 同期价格从42000涨至73000\r\n- MVRV进入高估区间\r\n- 发出见顶预警\r\n\r\n### 后续验证\r\n\r\n- 3月14日后价格开始回调\r\n- 最低跌至56000\r\n- MVRV回落至2.0附近\r\n\r\n## MVRV交易策略\r\n\r\n### 买入时机\r\n\r\n- MVRV < 1：历史性买入机会\r\n- MVRV 1-1.5：较好的买入区间\r\n- 配合其他指标确认\r\n\r\n### 卖出时机\r\n\r\n- MVRV > 2.5：开始减仓\r\n- MVRV > 3：大幅减仓\r\n- MVRV > 3.5：清仓\r\n\r\n### 历史高点MVRV\r\n\r\n| 时间 | 价格高点 | MVRV |\r\n|-----|---------|------|\r\n| 2017.12 | $20,000 | 4.5 |\r\n| 2021.04 | $64,000 | 3.9 |\r\n| 2021.11 | $69,000 | 3.0 |\r\n| 2024.03 | $73,000 | 2.8 |\r\n\r\n## 注意事项\r\n\r\n### MVRV的局限性\r\n\r\n1. 不能精确预测顶部\r\n2. 每轮周期高点MVRV可能不同\r\n3. 需要结合其他指标\r\n\r\n### 使用建议\r\n\r\n1. 作为宏观参考，不是精确信号\r\n2. MVRV高位时提高警惕\r\n3. MVRV低位时积极布局\r\n\r\n> MVRV是判断市场整体估值的有效指标，当MVRV进入高估区间时应该提高警惕，考虑减仓。', NULL, 2, 1, NULL, '2025-12-30 13:35:05', '2026-01-01 01:04:25'), (24, 8, '巨鲸买入信号追踪案例', 'success', 'BTC', '4H', '2024-01-25', NULL, NULL, NULL, NULL, NULL, '# 巨鲸买入信号追踪案例\r\n\r\n## 什么是巨鲸？\r\n\r\n### 定义\r\n\r\n- 持有大量BTC的地址\r\n- 通常指持有1000+BTC的地址\r\n- 其行为对市场有重要影响\r\n\r\n### 为什么关注巨鲸？\r\n\r\n1. **信息优势**：可能有内部信息\r\n2. **资金优势**：能影响市场价格\r\n3. **经验丰富**：通常是聪明钱\r\n\r\n## 锤子线底部形态参考\r\n\r\n:::candlestick hammer:::\r\n\r\n## 案例：2024年1月巨鲸买入\r\n\r\n### 背景\r\n\r\n- 2024年1月下旬\r\n- BTC从49000回调至38500\r\n- 市场恐慌情绪蔓延\r\n\r\n### 链上数据\r\n\r\n- 1000+BTC地址数量增加\r\n- 大额买入交易频繁\r\n- 交易所大量BTC流出\r\n\r\n### 具体数据\r\n\r\n- 1月23-25日\r\n- 巨鲸地址净增加50+\r\n- 累计买入约10万BTC\r\n\r\n## 交易跟随\r\n\r\n### 发现信号\r\n\r\n- 通过Glassnode监控巨鲸动向\r\n- 发现大量买入信号\r\n- 结合技术面分析\r\n\r\n### 交易执行\r\n\r\n| 项目 | 数值 |\r\n|-----|------|\r\n| 入场价 | 39500 |\r\n| 止损价 | 37000 |\r\n| 目标价 | 48000 |\r\n| 依据 | 巨鲸买入+技术支撑 |\r\n\r\n### 实际结果\r\n\r\n- 入场后价格企稳回升\r\n- 2周后达到48000目标\r\n- 盈利：+21.5%\r\n\r\n## 巨鲸追踪方法\r\n\r\n### 数据来源\r\n\r\n1. **Glassnode**：专业链上数据\r\n2. **Whale Alert**：大额转账提醒\r\n3. **CryptoQuant**：交易所流向\r\n\r\n### 关注指标\r\n\r\n1. 巨鲸地址数量变化\r\n2. 大额转账方向\r\n3. 交易所流入流出\r\n\r\n### 信号解读\r\n\r\n| 巨鲸行为 | 含义 | 操作 |\r\n|---------|------|------|\r\n| 大量买入 | 看涨 | 跟随买入 |\r\n| 大量卖出 | 看跌 | 减仓观望 |\r\n| 转入交易所 | 可能卖出 | 警惕 |\r\n| 转出交易所 | 长期持有 | 看涨 |\r\n\r\n## 注意事项\r\n\r\n### 不要盲目跟随\r\n\r\n1. 巨鲸也可能判断错误\r\n2. 可能是交易所内部转账\r\n3. 需要结合其他分析\r\n\r\n### 最佳使用方式\r\n\r\n1. 作为辅助确认信号\r\n2. 结合技术面和基本面\r\n3. 设置好止损保护\r\n\r\n> 巨鲸动向是重要的市场信号，当巨鲸大量买入时往往预示底部，但不要盲目跟随，需要综合判断。', NULL, 3, 1, NULL, '2025-12-30 13:35:05', '2026-01-01 01:04:25'), (25, 9, '完整趋势跟踪系统实战案例', 'success', 'BTC', '4H', '2024-02-01', NULL, NULL, NULL, NULL, NULL, '# 趋势跟踪交易系统实战\r\n\r\n## 系统概述\r\n\r\n### 系统名称\r\nEMA趋势跟踪系统\r\n\r\n### 核心理念\r\n顺势而为，让利润奔跑，截断亏损\r\n\r\n### 适用市场\r\n- 趋势明显的市场\r\n- 中长线交易\r\n- BTC/ETH主流币\r\n\r\n## 均线支撑形态图解\r\n\r\n:::candlestick ma_support:::\r\n\r\n## 系统规则\r\n\r\n### 入场条件（全部满足）\r\n\r\n1. **趋势确认**：价格在EMA50上方\r\n2. **回调入场**：价格回调至EMA20附近\r\n3. **信号确认**：出现看涨K线形态\r\n4. **指标配合**：MACD在零轴上方或金叉\r\n\r\n### 出场条件（任一满足）\r\n\r\n1. **止损**：跌破EMA50\r\n2. **止盈**：达到2倍风险距离\r\n3. **趋势结束**：EMA20下穿EMA50\r\n\r\n### 仓位管理\r\n\r\n- 单笔风险：总资金的2%\r\n- 最大持仓：总资金的20%\r\n- 分批建仓：首次50%，确认后加50%\r\n\r\n## 实战案例\r\n\r\n### 交易背景\r\n\r\n- 时间：2024年2月\r\n- 品种：BTC\r\n- 周期：4小时\r\n\r\n### 入场分析\r\n\r\n**趋势确认**\r\n- 价格在EMA50（42000）上方运行\r\n- EMA20（43500）向上倾斜\r\n- 整体趋势向上\r\n\r\n**回调机会**\r\n- 价格从45000回调至43200\r\n- 触及EMA20获得支撑\r\n- 出现锤子线止跌\r\n\r\n**信号确认**\r\n- 锤子线后阳线确认\r\n- MACD在零轴上方\r\n- RSI在50附近\r\n\r\n### 交易执行\r\n\r\n| 项目 | 数值 |\r\n|-----|------|\r\n| 入场价 | 43500 |\r\n| 止损价 | 41500（EMA50下方） |\r\n| 风险距离 | 2000点 |\r\n| 目标价 | 47500（2倍风险） |\r\n| 仓位 | 总资金3% |\r\n\r\n### 持仓管理\r\n\r\n- 入场后价格上涨\r\n- 价格达到45000时，止损上移至43000\r\n- 价格达到46000时，止损上移至44500\r\n- 最终在47500止盈出场\r\n\r\n### 交易结果\r\n\r\n- 盈利：+9.2%\r\n- 持仓时间：8天\r\n- 风险回报比：1:2\r\n\r\n## 系统评估\r\n\r\n### 优点\r\n\r\n1. 规则明确，易于执行\r\n2. 顺势交易，胜率较高\r\n3. 风险可控\r\n\r\n### 缺点\r\n\r\n1. 震荡市表现不佳\r\n2. 可能错过快速行情\r\n3. 需要耐心等待信号\r\n\r\n## 系统优化建议\r\n\r\n1. 可以增加成交量过滤\r\n2. 可以加入多周期确认\r\n3. 根据市场状态调整参数\r\n\r\n> 一个好的交易系统不需要复杂，关键是规则明确、严格执行。', NULL, 1, 1, NULL, '2025-12-30 13:35:36', '2026-01-01 01:04:25'), (26, 9, '系统信号严格执行案例', 'success', 'ETH', '4H', '2024-03-05', NULL, NULL, NULL, NULL, NULL, '# 系统信号严格执行的重要性\r\n\r\n## 案例背景\r\n\r\n本案例展示严格执行系统信号的重要性，即使信号看起来\"不完美\"。\r\n\r\n## 锤子线形态参考\r\n\r\n:::candlestick hammer:::\r\n\r\n## 交易系统回顾\r\n\r\n### 入场规则\r\n\r\n1. 价格在EMA50上方\r\n2. 回调至EMA20\r\n3. 出现反转K线\r\n4. MACD金叉或零轴上方\r\n\r\n### 本次信号\r\n\r\n- 价格在EMA50上方 ✓\r\n- 回调至EMA20 ✓\r\n- 出现小锤子线 ✓（不太标准）\r\n- MACD刚金叉 ✓\r\n\r\n## 心理挣扎\r\n\r\n### 犹豫的原因\r\n\r\n1. 锤子线不够标准，下影线偏短\r\n2. 成交量不够大\r\n3. 市场整体有些疲软\r\n4. 前一笔交易刚止损\r\n\r\n### 最终决定\r\n\r\n- 信号满足系统条件\r\n- 决定严格执行，入场\r\n\r\n## 交易执行\r\n\r\n| 项目 | 数值 |\r\n|-----|------|\r\n| 入场价 | 3350 |\r\n| 止损价 | 3150 |\r\n| 目标价 | 3750 |\r\n| 仓位 | 标准仓位 |\r\n\r\n## 实际走势\r\n\r\n- 入场后小幅回调至3280\r\n- 随后开始上涨\r\n- 5天后达到3750目标\r\n- 后续继续涨至4000\r\n\r\n## 交易结果\r\n\r\n- 盈利：+11.9%\r\n- 如果犹豫不入场，错过整波行情\r\n\r\n## 经验总结\r\n\r\n### 严格执行的意义\r\n\r\n1. **消除主观判断**：避免情绪干扰\r\n2. **保持一致性**：系统才能发挥作用\r\n3. **长期盈利**：单笔不重要，整体盈利\r\n\r\n### 常见的执行障碍\r\n\r\n1. 信号\"不完美\"\r\n2. 前一笔亏损影响心态\r\n3. 对市场有主观看法\r\n4. 害怕再次亏损\r\n\r\n### 克服方法\r\n\r\n1. 制定明确的规则\r\n2. 写交易日志复盘\r\n3. 相信系统的长期优势\r\n4. 接受单笔亏损是正常的\r\n\r\n> 交易系统的价值在于严格执行，如果总是主观判断，系统就失去了意义。', NULL, 2, 1, NULL, '2025-12-30 13:35:36', '2026-01-01 01:04:25'), (27, 9, '系统失效与调整案例', 'failure', 'BTC', '4H', '2024-04-15', NULL, NULL, NULL, NULL, NULL, '# 交易系统失效案例分析\r\n\r\n## 案例背景\r\n\r\n2024年4月，趋势跟踪系统在震荡市中连续止损，需要识别系统失效并调整。\r\n\r\n## 阻力受阻形态参考\r\n\r\n:::candlestick resistance_rejection:::\r\n\r\n## 连续亏损记录\r\n\r\n### 第1笔交易\r\n\r\n- 入场：66000\r\n- 止损：64000\r\n- 结果：-3%\r\n\r\n### 第2笔交易\r\n\r\n- 入场：65500\r\n- 止损：63500\r\n- 结果：-3%\r\n\r\n### 第3笔交易\r\n\r\n- 入场：64500\r\n- 止损：62500\r\n- 结果：-3%\r\n\r\n### 累计亏损\r\n\r\n- 3笔交易亏损9%\r\n- 系统出现问题\r\n\r\n## 失效原因分析\r\n\r\n### 市场环境变化\r\n\r\n1. **趋势转震荡**：市场从趋势转为区间震荡\r\n2. **波动率下降**：价格在窄幅区间波动\r\n3. **假信号增多**：频繁触发入场又止损\r\n\r\n### 系统不适应\r\n\r\n- 趋势系统在震荡市表现差\r\n- 需要识别市场状态\r\n- 及时调整或暂停\r\n\r\n## 识别系统失效的信号\r\n\r\n### 量化指标\r\n\r\n1. 连续3笔以上止损\r\n2. 胜率明显下降\r\n3. 盈亏比恶化\r\n\r\n### 市场特征\r\n\r\n1. 价格在区间内反复\r\n2. 均线纠缠\r\n3. 成交量萎缩\r\n\r\n## 应对措施\r\n\r\n### 短期措施\r\n\r\n1. **暂停交易**：停止使用该系统\r\n2. **减小仓位**：如果继续，减半仓位\r\n3. **观察等待**：等待市场状态改变\r\n\r\n### 长期措施\r\n\r\n1. **增加过滤器**：识别震荡市\r\n2. **多系统组合**：趋势+震荡系统\r\n3. **动态调整**：根据市场切换系统\r\n\r\n## 震荡市识别方法\r\n\r\n### ADX指标\r\n\r\n- ADX < 20：震荡市\r\n- ADX > 25：趋势市\r\n- 可以作为系统开关\r\n\r\n### 布林带宽度\r\n\r\n- 带宽收窄：震荡市\r\n- 带宽扩大：趋势市\r\n\r\n## 经验教训\r\n\r\n### 核心认知\r\n\r\n1. 没有永远有效的系统\r\n2. 市场状态会变化\r\n3. 需要识别并适应\r\n\r\n### 改进方向\r\n\r\n1. 增加市场状态判断\r\n2. 准备多套系统\r\n3. 设置系统暂停规则\r\n\r\n> 当系统连续失效时，不是系统有问题，而是市场环境变了。聪明的做法是暂停，而不是继续亏损。', NULL, 3, 1, NULL, '2025-12-30 13:35:36', '2026-01-01 01:04:25'), (28, 10, '正确止损保护本金案例', 'success', 'BTC', '4H', '2024-04-18', NULL, NULL, NULL, NULL, NULL, '# 止损保护本金案例\r\n\r\n## 案例背景\r\n\r\n2024年4月中旬，BTC从66000开始下跌，本案例展示正确止损如何保护本金。\r\n\r\n## 支撑突破形态参考\r\n\r\n:::candlestick support_break:::\r\n\r\n## 交易设置\r\n\r\n### 入场分析\r\n\r\n- 价格在64000附近出现支撑\r\n- 出现看涨吞没形态\r\n- 决定做多\r\n\r\n### 交易参数\r\n\r\n| 项目 | 数值 |\r\n|-----|------|\r\n| 入场价 | 64500 |\r\n| 止损价 | 62500（支撑下方） |\r\n| 目标价 | 68500 |\r\n| 风险 | 2000点（3.1%） |\r\n| 仓位 | 总资金5% |\r\n\r\n## 实际走势\r\n\r\n### 入场后\r\n\r\n- 价格短暂上涨至65500\r\n- 随后开始下跌\r\n- 跌破64000支撑\r\n\r\n### 止损执行\r\n\r\n- 价格跌至62500\r\n- 触发止损，自动平仓\r\n- 亏损：-3.1%\r\n\r\n### 后续走势\r\n\r\n- 止损后价格继续下跌\r\n- 最低跌至56000\r\n- 如果不止损，亏损将达-13%\r\n\r\n## 止损的价值\r\n\r\n### 本次交易对比\r\n\r\n| 情况 | 亏损 |\r\n|-----|------|\r\n| 执行止损 | -3.1% |\r\n| 不止损持有 | -13%+ |\r\n| 止损保护 | 节省10%+ |\r\n\r\n### 资金保护\r\n\r\n- 止损后保留96.9%本金\r\n- 可以继续寻找机会\r\n- 不会陷入深度套牢\r\n\r\n## 止损执行要点\r\n\r\n### 止损设置原则\r\n\r\n1. **技术位止损**：设在支撑/阻力外\r\n2. **固定比例止损**：不超过总资金2-3%\r\n3. **波动率止损**：根据ATR设置\r\n\r\n### 止损执行心态\r\n\r\n1. 止损是交易成本，不是失败\r\n2. 小亏是为了避免大亏\r\n3. 保住本金才能继续交易\r\n\r\n### 常见止损错误\r\n\r\n1. 不设止损\r\n2. 止损设太近（频繁触发）\r\n3. 止损设太远（亏损过大）\r\n4. 手动移除止损\r\n\r\n## 止损后的正确做法\r\n\r\n### 不要做的事\r\n\r\n1. 立即反向开仓报复\r\n2. 加大仓位想回本\r\n3. 情绪化交易\r\n\r\n### 应该做的事\r\n\r\n1. 记录交易日志\r\n2. 分析止损原因\r\n3. 等待下一个信号\r\n4. 保持正常仓位\r\n\r\n> 止损不是认输，而是保护。每一次正确的止损，都是在为未来的盈利保存实力。', NULL, 1, 1, NULL, '2025-12-30 13:35:36', '2026-01-01 01:04:25'), (29, 10, '仓位过重爆仓案例', 'failure', 'BTC', '1H', '2024-04-12', NULL, NULL, NULL, NULL, NULL, '# 仓位过重导致爆仓案例\r\n\r\n## 案例背景\r\n\r\n这是一个反面教材，展示仓位管理不当如何导致爆仓。\r\n\r\n## 大阴线形态参考\r\n\r\n:::candlestick bearish_candle:::\r\n\r\n## 错误的交易\r\n\r\n### 交易者心态\r\n\r\n- 前几笔交易盈利，信心膨胀\r\n- 认为\"这次一定对\"\r\n- 想快速翻倍\r\n\r\n### 错误的决策\r\n\r\n| 项目 | 错误做法 | 正确做法 |\r\n|-----|---------|---------|\r\n| 杠杆 | 20倍 | 3-5倍 |\r\n| 仓位 | 50%资金 | 5-10%资金 |\r\n| 止损 | 未设置 | 必须设置 |\r\n\r\n### 交易参数\r\n\r\n- 本金：10000U\r\n- 开仓：5000U保证金\r\n- 杠杆：20倍\r\n- 实际仓位：100000U\r\n- 入场价：67000\r\n\r\n## 灾难发生\r\n\r\n### 市场走势\r\n\r\n- 入场后价格下跌\r\n- 从67000跌至64000\r\n- 跌幅约4.5%\r\n\r\n### 爆仓计算\r\n\r\n- 实际仓位：100000U\r\n- 价格下跌4.5%\r\n- 亏损：4500U\r\n- 保证金：5000U\r\n- 触发强平\r\n\r\n### 最终结果\r\n\r\n- 爆仓，损失5000U\r\n- 本金损失50%\r\n- 一笔交易毁掉账户\r\n\r\n## 正确的仓位管理\r\n\r\n### 仓位计算公式\r\n\r\n```\r\n仓位 = (本金 × 风险比例) / 止损距离\r\n\r\n例如：\r\n本金：10000U\r\n风险比例：2%\r\n止损距离：3%\r\n仓位 = (10000 × 2%) / 3% = 6666U\r\n```\r\n\r\n### 杠杆使用原则\r\n\r\n| 杠杆倍数 | 适用情况 |\r\n|---------|---------|\r\n| 1-3倍 | 保守/新手 |\r\n| 3-5倍 | 正常交易 |\r\n| 5-10倍 | 高确定性机会 |\r\n| 10倍以上 | 不建议 |\r\n\r\n### 单笔风险控制\r\n\r\n- 单笔亏损不超过总资金2%\r\n- 总持仓不超过总资金30%\r\n- 相关品种仓位要合并计算\r\n\r\n## 爆仓后的反思\r\n\r\n### 根本原因\r\n\r\n1. 贪婪，想快速致富\r\n2. 过度自信\r\n3. 没有风险意识\r\n4. 没有止损习惯\r\n\r\n### 教训\r\n\r\n1. 杠杆是双刃剑\r\n2. 仓位管理比方向判断更重要\r\n3. 活着比赚钱更重要\r\n4. 慢慢变富才是正道\r\n\r\n> 爆仓不是因为方向错了，而是因为仓位太重。控制仓位，才能在市场中长期生存。', NULL, 2, 1, NULL, '2025-12-30 13:35:36', '2026-01-01 01:04:25'), (30, 10, '风险控制成功案例', 'success', 'ETH', '4H', '2024-03-01', NULL, NULL, NULL, NULL, NULL, '# 完整风险控制案例\r\n\r\n## 案例背景\r\n\r\n本案例展示一个完整的风险控制流程，从入场到出场的全过程。\r\n\r\n## 看涨吞没形态参考\r\n\r\n:::candlestick bullish_engulfing:::\r\n\r\n## 交易前准备\r\n\r\n### 账户状态\r\n\r\n- 总资金：20000U\r\n- 当前持仓：0\r\n- 可用资金：20000U\r\n\r\n### 风险预算\r\n\r\n- 单笔风险：2%（400U）\r\n- 最大持仓：30%（6000U）\r\n- 日最大亏损：5%（1000U）\r\n\r\n## 交易分析\r\n\r\n### 机会识别\r\n\r\n- ETH在3000附近形成支撑\r\n- 出现双底形态\r\n- MACD底背离\r\n\r\n### 交易计划\r\n\r\n| 项目 | 数值 | 计算 |\r\n|-----|------|------|\r\n| 入场价 | 3050 | - |\r\n| 止损价 | 2900 | 支撑下方 |\r\n| 止损距离 | 150点 | 4.9% |\r\n| 风险金额 | 400U | 总资金2% |\r\n| 仓位大小 | 8163U | 400/4.9% |\r\n| 目标价 | 3350 | 1:2盈亏比 |\r\n\r\n## 交易执行\r\n\r\n### 入场\r\n\r\n- 在3050挂单入场\r\n- 同时设置止损2900\r\n- 设置止盈3350\r\n\r\n### 持仓管理\r\n\r\n**第1天**\r\n- 价格上涨至3150\r\n- 浮盈3.3%\r\n- 保持原止损\r\n\r\n**第3天**\r\n- 价格达到3200\r\n- 止损上移至3050（保本）\r\n- 锁定零风险\r\n\r\n**第5天**\r\n- 价格达到3350\r\n- 触发止盈，自动平仓\r\n\r\n## 交易结果\r\n\r\n### 盈亏统计\r\n\r\n| 项目 | 数值 |\r\n|-----|------|\r\n| 入场价 | 3050 |\r\n| 出场价 | 3350 |\r\n| 盈利点数 | 300点 |\r\n| 盈利比例 | 9.8% |\r\n| 盈利金额 | 800U |\r\n| 风险回报比 | 1:2 |\r\n\r\n### 风险控制回顾\r\n\r\n1. ✓ 单笔风险控制在2%\r\n2. ✓ 设置了止损\r\n3. ✓ 及时移动止损保本\r\n4. ✓ 按计划止盈\r\n\r\n## 风险控制清单\r\n\r\n### 交易前\r\n\r\n- [ ] 确定风险预算\r\n- [ ] 计算合适仓位\r\n- [ ] 设定止损位置\r\n- [ ] 设定止盈目标\r\n\r\n### 交易中\r\n\r\n- [ ] 严格执行止损\r\n- [ ] 适时移动止损\r\n- [ ] 不随意加仓\r\n- [ ] 记录交易日志\r\n\r\n### 交易后\r\n\r\n- [ ] 复盘交易过程\r\n- [ ] 评估风险控制\r\n- [ ] 总结经验教训\r\n\r\n> 风险控制不是限制盈利，而是确保长期生存。每一笔交易都要有完整的风险控制计划。', NULL, 3, 1, NULL, '2025-12-30 13:35:36', '2026-01-01 01:04:25');
INSERT INTO `learn_case` (`id`, `chapter_id`, `title`, `case_type`, `symbol`, `timeframe`, `entry_date`, `background`, `analysis`, `entry_setup`, `result`, `lessons`, `content`, `image_urls`, `sort_order`, `status`, `create_by`, `create_time`, `update_time`) VALUES (31, 11, '2024年BTC牛市趋势跟踪案例', 'success', 'BTC', '1D', '2024-01-15', NULL, NULL, NULL, NULL, NULL, '# BTC牛市趋势跟踪实战\r\n\r\n## 案例背景\r\n\r\n2024年初，BTC开启新一轮牛市，从42000涨至73000。本案例展示如何跟踪这波趋势。\r\n\r\n## 均线多头排列形态图解\r\n\r\n:::candlestick ma_bullish_alignment:::\r\n\r\n## 趋势识别\r\n\r\n### 趋势确认信号\r\n\r\n1. **均线排列**：EMA20 > EMA50 > EMA200\r\n2. **价格位置**：持续在均线上方\r\n3. **高低点**：不断创新高，低点抬升\r\n4. **MACD**：零轴上方运行\r\n\r\n### 确认时间点\r\n\r\n- 2024年1月中旬\r\n- 价格突破45000\r\n- 趋势确认成立\r\n\r\n## 趋势跟踪策略\r\n\r\n### 入场规则\r\n\r\n- 价格回调至EMA20附近\r\n- 出现止跌信号\r\n- 顺势做多\r\n\r\n### 出场规则\r\n\r\n- 跌破EMA50止损\r\n- 或达到目标止盈\r\n- 或趋势结束信号\r\n\r\n## 实际交易记录\r\n\r\n### 第1笔交易\r\n\r\n| 项目 | 数值 |\r\n|-----|------|\r\n| 入场 | 43500（回调至EMA20） |\r\n| 止损 | 41000 |\r\n| 出场 | 48000 |\r\n| 盈利 | +10.3% |\r\n\r\n### 第2笔交易\r\n\r\n| 项目 | 数值 |\r\n|-----|------|\r\n| 入场 | 51000（突破后回踩） |\r\n| 止损 | 48000 |\r\n| 出场 | 58000 |\r\n| 盈利 | +13.7% |\r\n\r\n### 第3笔交易\r\n\r\n| 项目 | 数值 |\r\n|-----|------|\r\n| 入场 | 61000（回调入场） |\r\n| 止损 | 57000 |\r\n| 出场 | 69000 |\r\n| 盈利 | +13.1% |\r\n\r\n### 总收益\r\n\r\n- 3笔交易累计：+37%+\r\n- 期间BTC涨幅：约74%\r\n- 捕捉效率：约50%\r\n\r\n## 趋势跟踪要点\r\n\r\n### 核心原则\r\n\r\n1. **顺势而为**：只做趋势方向\r\n2. **回调入场**：不追高，等回调\r\n3. **让利润奔跑**：不要过早止盈\r\n4. **严格止损**：趋势破坏就离场\r\n\r\n### 常见错误\r\n\r\n1. 趋势中做空\r\n2. 追高入场\r\n3. 小赚就跑\r\n4. 不设止损\r\n\r\n## 趋势结束信号\r\n\r\n### 警示信号\r\n\r\n1. 价格跌破EMA20\r\n2. EMA20开始走平\r\n3. MACD顶背离\r\n4. 成交量萎缩\r\n\r\n### 确认信号\r\n\r\n1. 价格跌破EMA50\r\n2. EMA20下穿EMA50\r\n3. 创出更低的低点\r\n\r\n> 趋势是你的朋友，在趋势中要有耐心持有，不要被短期波动吓出局。', NULL, 1, 1, NULL, '2025-12-30 13:35:36', '2026-01-01 01:04:26'), (32, 11, '趋势中回调买入技巧案例', 'success', 'ETH', '4H', '2024-02-20', NULL, NULL, NULL, NULL, NULL, '# 趋势回调买入技巧\r\n\r\n## 案例背景\r\n\r\n2024年2月，ETH处于上涨趋势中，本案例展示如何在回调中找到最佳买点。\r\n\r\n## 均线支撑形态图解\r\n\r\n:::candlestick ma_support:::\r\n\r\n## 回调类型分析\r\n\r\n### 回调的分类\r\n\r\n| 类型 | 幅度 | 特征 | 操作 |\r\n|-----|------|------|------|\r\n| 浅回调 | 3-5% | 强势，快速 | 激进买入 |\r\n| 正常回调 | 5-10% | 健康，到均线 | 标准买入 |\r\n| 深回调 | 10-15% | 需确认，可能转势 | 谨慎买入 |\r\n\r\n### 本次回调\r\n\r\n- 从3200回调至2950\r\n- 回调幅度：7.8%\r\n- 属于正常回调\r\n\r\n## 买入时机选择\r\n\r\n### 方法一：均线支撑\r\n\r\n- 价格回调至EMA20（2980）\r\n- 在均线附近企稳\r\n- 出现止跌K线\r\n\r\n### 方法二：斐波那契回撤\r\n\r\n- 上涨波段：2600→3200\r\n- 38.2%回撤位：2970\r\n- 50%回撤位：2900\r\n- 价格在38.2%附近止跌\r\n\r\n### 方法三：前低支撑\r\n\r\n- 前期低点：2950\r\n- 价格触及后反弹\r\n- 形成双重支撑\r\n\r\n## 交易执行\r\n\r\n### 入场设置\r\n\r\n| 项目 | 数值 |\r\n|-----|------|\r\n| 入场价 | 2980（均线+斐波那契共振） |\r\n| 止损价 | 2850（50%回撤下方） |\r\n| 目标价 | 3400（新高） |\r\n| 盈亏比 | 1:3.2 |\r\n\r\n### 入场确认\r\n\r\n1. 价格触及支撑区\r\n2. 出现锤子线\r\n3. 次日阳线确认\r\n4. 成交量温和放大\r\n\r\n## 实际结果\r\n\r\n- 入场后价格企稳回升\r\n- 7天后达到3400目标\r\n- 盈利：+14.1%\r\n\r\n## 回调买入检查清单\r\n\r\n### 买入前确认\r\n\r\n- [ ] 大趋势是否向上\r\n- [ ] 回调幅度是否合理\r\n- [ ] 是否到达支撑位\r\n- [ ] 是否出现止跌信号\r\n- [ ] 成交量是否萎缩\r\n\r\n### 最佳买点特征\r\n\r\n1. 多重支撑共振\r\n2. 缩量回调\r\n3. 出现反转K线\r\n4. 指标超卖\r\n\r\n> 在趋势中，回调是送钱的机会。关键是找到支撑位，等待确认信号。', NULL, 2, 1, NULL, '2025-12-30 13:35:36', '2026-01-01 01:04:26'), (33, 11, '趋势末端出场案例', 'success', 'BTC', '1D', '2024-03-20', NULL, NULL, NULL, NULL, NULL, '# 趋势末端识别与出场\r\n\r\n## 案例背景\r\n\r\n2024年3月，BTC在73000见顶后开始回落。本案例展示如何识别趋势末端并及时出场。\r\n\r\n## 顶背离形态图解\r\n\r\n:::candlestick macd_top_divergence:::\r\n\r\n## 趋势末端信号\r\n\r\n### 价格信号\r\n\r\n1. **冲高回落**：创新高后快速回落\r\n2. **长上影线**：多次出现长上影线\r\n3. **无法创新高**：反弹无法突破前高\r\n\r\n### 指标信号\r\n\r\n1. **MACD顶背离**：价格新高，MACD未新高\r\n2. **RSI超买**：RSI持续在70以上\r\n3. **成交量背离**：价格新高，量能萎缩\r\n\r\n### 均线信号\r\n\r\n1. **远离均线**：价格远离EMA20\r\n2. **均线走平**：EMA20开始走平\r\n3. **均线死叉**：EMA20下穿EMA50\r\n\r\n## 本案例信号\r\n\r\n### 3月14日（见顶日）\r\n\r\n- 价格创73000新高\r\n- MACD出现顶背离\r\n- RSI达到85（极度超买）\r\n- 成交量创天量后萎缩\r\n- 收盘留下长上影线\r\n\r\n### 信号评分\r\n\r\n| 信号 | 是否出现 | 权重 |\r\n|-----|---------|------|\r\n| 顶背离 | ✓ | 高 |\r\n| RSI超买 | ✓ | 中 |\r\n| 天量 | ✓ | 高 |\r\n| 长上影线 | ✓ | 中 |\r\n| 总评 | 强烈见顶 | - |\r\n\r\n## 出场执行\r\n\r\n### 出场策略\r\n\r\n| 方案 | 操作 | 出场价 |\r\n|-----|------|--------|\r\n| 激进 | 见顶信号出现立即出场 | 71000 |\r\n| 稳健 | 跌破EMA20出场 | 67000 |\r\n| 保守 | 跌破EMA50出场 | 62000 |\r\n\r\n### 实际操作\r\n\r\n- 采用稳健方案\r\n- 在67000出场\r\n- 保留了大部分利润\r\n\r\n## 出场后走势\r\n\r\n- 价格继续下跌\r\n- 最低跌至56000\r\n- 跌幅达23%\r\n- 出场决策正确\r\n\r\n## 趋势末端出场要点\r\n\r\n### 出场原则\r\n\r\n1. **不要贪婪**：见好就收\r\n2. **分批出场**：不要一次性全出\r\n3. **宁可早出**：错过顶部比套在顶部好\r\n4. **严格执行**：信号出现就行动\r\n\r\n### 出场后心态\r\n\r\n1. 不要后悔没在最高点出\r\n2. 不要急于抄底\r\n3. 等待新的趋势信号\r\n\r\n> 会买的是徒弟，会卖的是师傅。识别趋势末端，及时出场，是保护利润的关键。', NULL, 3, 1, NULL, '2025-12-30 13:35:36', '2026-01-01 01:04:26'), (34, 12, 'BTC横盘区间交易案例', 'success', 'BTC', '4H', '2024-04-25', NULL, NULL, NULL, NULL, NULL, '# BTC区间震荡交易案例\r\n\r\n## 案例背景\r\n\r\n2024年4月下旬，BTC在60000-67000区间震荡，本案例展示区间交易策略。\r\n\r\n## 支撑反弹形态图解\r\n\r\n:::candlestick support_bounce:::\r\n\r\n## 区间识别\r\n\r\n### 区间特征\r\n\r\n- 上边界：67000（多次受阻）\r\n- 下边界：60000（多次支撑）\r\n- 区间宽度：约11.7%\r\n- 持续时间：约2周\r\n\r\n### 确认方法\r\n\r\n1. 价格至少2次触及上下边界\r\n2. 均线走平，纠缠在一起\r\n3. ADX < 20（无趋势）\r\n4. 布林带收口\r\n\r\n## 区间交易策略\r\n\r\n### 策略规则\r\n\r\n| 位置 | 操作 | 止损 | 止盈 |\r\n|-----|------|------|------|\r\n| 下边界 | 做多 | 边界下方3% | 区间中部或上边界 |\r\n| 上边界 | 做空 | 边界上方3% | 区间中部或下边界 |\r\n| 中间区域 | 观望 | - | - |\r\n\r\n### 仓位控制\r\n\r\n- 区间交易仓位减半\r\n- 因为胜率相对较低\r\n- 需要更多次交易\r\n\r\n## 实际交易\r\n\r\n### 第1笔：下边界做多\r\n\r\n| 项目 | 数值 |\r\n|-----|------|\r\n| 入场 | 60500（下边界附近） |\r\n| 止损 | 58500 |\r\n| 止盈 | 65000（区间中上部） |\r\n| 结果 | +7.4% |\r\n\r\n### 第2笔：上边界做空\r\n\r\n| 项目 | 数值 |\r\n|-----|------|\r\n| 入场 | 66500（上边界附近） |\r\n| 止损 | 68500 |\r\n| 止盈 | 62000 |\r\n| 结果 | +6.8% |\r\n\r\n### 第3笔：下边界做多\r\n\r\n| 项目 | 数值 |\r\n|-----|------|\r\n| 入场 | 61000 |\r\n| 止损 | 59000 |\r\n| 止盈 | 65000 |\r\n| 结果 | +6.6% |\r\n\r\n### 总收益\r\n\r\n- 3笔交易：+20.8%\r\n- 胜率：100%（运气好）\r\n- 平均盈利：6.9%\r\n\r\n## 区间交易要点\r\n\r\n### 入场技巧\r\n\r\n1. 在边界附近等待反转信号\r\n2. 不要在区间中间入场\r\n3. 可以分批建仓\r\n\r\n### 出场技巧\r\n\r\n1. 不要贪心等到对面边界\r\n2. 区间中部可以先出一半\r\n3. 设置移动止损\r\n\r\n### 风险控制\r\n\r\n1. 区间可能突破，必须止损\r\n2. 仓位要比趋势交易小\r\n3. 假突破后可以反手\r\n\r\n## 区间结束信号\r\n\r\n### 突破信号\r\n\r\n1. 放量突破边界\r\n2. 收盘站稳边界外\r\n3. 回踩边界获支撑/阻力\r\n\r\n### 应对方法\r\n\r\n- 突破方向顺势交易\r\n- 原区间交易策略失效\r\n- 切换到趋势策略\r\n\r\n> 区间交易的核心是高抛低吸，但要时刻警惕区间突破，做好止损准备。', NULL, 1, 1, NULL, '2025-12-30 13:35:36', '2026-01-01 01:04:26'), (35, 12, '假突破识别与应对案例', 'success', 'ETH', '4H', '2024-05-05', NULL, NULL, NULL, NULL, NULL, '# 假突破识别与应对\r\n\r\n## 案例背景\r\n\r\n2024年5月初，ETH在3000-3300区间震荡，出现向上假突破后回落。\r\n\r\n## 阻力受阻形态图解\r\n\r\n:::candlestick resistance_rejection:::\r\n\r\n## 假突破过程\r\n\r\n### 突破前\r\n\r\n- ETH在3000-3300震荡\r\n- 多次测试3300阻力\r\n- 市场期待突破\r\n\r\n### \"突破\"发生\r\n\r\n- 价格冲高至3380\r\n- 突破3300阻力\r\n- 很多人追多入场\r\n\r\n### 假突破确认\r\n\r\n- 价格快速回落\r\n- 收盘回到3300下方\r\n- 形成长上影线\r\n- 成交量不足\r\n\r\n## 假突破特征\r\n\r\n### 与真突破对比\r\n\r\n| 特征 | 真突破 | 假突破 |\r\n|-----|--------|--------|\r\n| 成交量 | 明显放大 | 量能不足 |\r\n| K线形态 | 大阳线 | 长上影线 |\r\n| 收盘位置 | 站稳突破位上方 | 回到突破位下方 |\r\n| 后续走势 | 继续上涨或高位整理 | 快速回落 |\r\n\r\n### 假突破原因\r\n\r\n1. 主力诱多出货\r\n2. 止损盘触发后回落\r\n3. 上方抛压太重\r\n4. 缺乏跟风盘\r\n\r\n## 应对策略\r\n\r\n### 策略一：等待确认\r\n\r\n- 不在突破瞬间追入\r\n- 等待收盘确认\r\n- 或等待回踩确认\r\n\r\n### 策略二：假突破反手\r\n\r\n- 确认假突破后做空\r\n- 止损设在假突破高点上方\r\n- 目标看区间下边界\r\n\r\n## 实际交易\r\n\r\n### 假突破做空\r\n\r\n| 项目 | 数值 |\r\n|-----|------|\r\n| 入场 | 3250（确认假突破后） |\r\n| 止损 | 3400（假突破高点上方） |\r\n| 目标 | 3050（区间下边界） |\r\n| 结果 | +6.2% |\r\n\r\n## 避免假突破陷阱\r\n\r\n### 入场前检查\r\n\r\n- [ ] 成交量是否放大\r\n- [ ] K线实体是否饱满\r\n- [ ] 是否收盘站稳\r\n- [ ] 是否有回踩确认\r\n\r\n### 被套后处理\r\n\r\n1. 如果止损合理，执行止损\r\n2. 不要死扛等回本\r\n3. 可以考虑反手\r\n\r\n> 假突破是市场的陷阱，也是机会。学会识别假突破，可以避免亏损，甚至反向获利。', NULL, 2, 1, NULL, '2025-12-30 13:35:36', '2026-01-01 01:04:26'), (36, 12, '网格交易实战案例', 'success', 'BTC', '1H', '2024-04-20', NULL, NULL, NULL, NULL, NULL, '# 网格交易策略实战\r\n\r\n## 案例背景\r\n\r\n2024年4月，BTC在62000-68000区间震荡，适合使用网格交易策略。\r\n\r\n## 支撑反弹形态参考\r\n\r\n:::candlestick support_bounce:::\r\n\r\n## 网格交易原理\r\n\r\n### 基本概念\r\n\r\n- 在价格区间内设置多个买卖点\r\n- 价格下跌时分批买入\r\n- 价格上涨时分批卖出\r\n- 赚取波动差价\r\n\r\n### 适用场景\r\n\r\n1. 震荡市场\r\n2. 有明确的价格区间\r\n3. 波动率适中\r\n\r\n## 网格设置\r\n\r\n### 参数设计\r\n\r\n| 参数 | 数值 |\r\n|-----|------|\r\n| 区间上限 | 68000 |\r\n| 区间下限 | 62000 |\r\n| 网格数量 | 6格 |\r\n| 每格间距 | 1000点（约1.5%） |\r\n| 每格资金 | 总资金的10% |\r\n\r\n### 网格分布\r\n\r\n| 格子 | 买入价 | 卖出价 |\r\n|-----|--------|--------|\r\n| 1 | 62000 | 63000 |\r\n| 2 | 63000 | 64000 |\r\n| 3 | 64000 | 65000 |\r\n| 4 | 65000 | 66000 |\r\n| 5 | 66000 | 67000 |\r\n| 6 | 67000 | 68000 |\r\n\r\n## 实际运行\r\n\r\n### 第1天\r\n\r\n- 起始价格：65000\r\n- 买入：64000、63000各一格\r\n- 持仓：2格\r\n\r\n### 第3天\r\n\r\n- 价格反弹至66000\r\n- 卖出：65000一格\r\n- 盈利：+1.5%\r\n\r\n### 第5天\r\n\r\n- 价格继续涨至67500\r\n- 卖出：66000、67000各一格\r\n- 累计盈利：+4.5%\r\n\r\n### 第7天\r\n\r\n- 价格回落至64000\r\n- 买入：65000、66000、67000各一格\r\n- 持仓增加\r\n\r\n### 运行2周总结\r\n\r\n- 完成交易：12次\r\n- 盈利交易：12次\r\n- 总收益：+8.2%\r\n\r\n## 网格交易要点\r\n\r\n### 优点\r\n\r\n1. 不需要判断方向\r\n2. 自动化执行\r\n3. 震荡市稳定盈利\r\n4. 心态压力小\r\n\r\n### 缺点\r\n\r\n1. 趋势市可能亏损\r\n2. 资金利用率低\r\n3. 需要足够的资金\r\n4. 可能错过大行情\r\n\r\n### 风险控制\r\n\r\n1. 设置区间止损（跌破下限止损）\r\n2. 控制总仓位\r\n3. 选择合适的币种\r\n4. 定期检查调整\r\n\r\n## 网格参数优化\r\n\r\n### 网格密度\r\n\r\n- 密集网格：交易频繁，单次利润小\r\n- 稀疏网格：交易较少，单次利润大\r\n- 根据波动率选择\r\n\r\n### 资金分配\r\n\r\n- 等额分配：每格资金相同\r\n- 金字塔分配：越低仓位越大\r\n- 根据风险偏好选择\r\n\r\n> 网格交易是震荡市的利器，但要注意趋势风险，设置好止损保护。', NULL, 3, 1, NULL, '2025-12-30 13:35:36', '2026-01-01 01:04:26'), (37, 13, '有效突破入场案例', 'success', 'BTC', '1D', '2024-02-28', NULL, NULL, NULL, NULL, NULL, '# 有效突破交易案例\r\n\r\n## 案例背景\r\n2024年2月底，BTC突破52000关键阻力位，开启新一轮上涨。\r\n\r\n## 阻力突破形态图解\r\n\r\n:::candlestick resistance_break:::\r\n\r\n## 突破前形态\r\n- 价格在48000-52000区间震荡约2周\r\n- 52000是前期重要高点\r\n- 成交量逐渐萎缩（蓄势）\r\n\r\n## 突破信号\r\n1. 日线收盘突破52000\r\n2. 成交量放大至平均的2.5倍\r\n3. K线实体饱满，无长上影线\r\n\r\n## 交易执行\r\n| 项目 | 数值 |\r\n|-----|------|\r\n| 入场价 | 53000（突破确认后） |\r\n| 止损价 | 50000（突破位下方） |\r\n| 目标价 | 60000 |\r\n| 盈亏比 | 1:2.3 |\r\n\r\n## 结果\r\n- 突破后持续上涨\r\n- 2周达到60000目标\r\n- 盈利：+13.2%\r\n\r\n## 有效突破特征\r\n1. 成交量明显放大\r\n2. 收盘站稳突破位\r\n3. 后续不快速回落', NULL, 1, 1, NULL, '2025-12-30 13:35:36', '2026-01-01 01:04:26'), (38, 13, '假突破止损案例', 'failure', 'ETH', '4H', '2024-05-10', NULL, NULL, NULL, NULL, NULL, '# 假突破止损案例\r\n\r\n## 案例背景\r\n2024年5月，ETH向上突破3300后快速回落，触发止损。\r\n\r\n## 阻力受阻形态参考\r\n\r\n:::candlestick resistance_rejection:::\r\n\r\n## 突破过程\r\n- 价格突破3300阻力\r\n- 最高触及3380\r\n- 但成交量不足\r\n- 收盘回到3300下方\r\n\r\n## 交易执行\r\n| 项目 | 数值 |\r\n|-----|------|\r\n| 入场价 | 3320（突破后追入） |\r\n| 止损价 | 3200 |\r\n| 结果 | 触发止损，-3.6% |\r\n\r\n## 失败原因\r\n1. 追入太急，没等确认\r\n2. 成交量不足\r\n3. 收盘未站稳\r\n\r\n## 教训\r\n1. 突破要等收盘确认\r\n2. 关注成交量配合\r\n3. 止损必须执行', NULL, 2, 1, NULL, '2025-12-30 13:35:36', '2026-01-01 01:04:26'), (39, 13, '回踩确认入场案例', 'success', 'BTC', '4H', '2024-03-05', NULL, NULL, NULL, NULL, NULL, '# 突破回踩入场案例\r\n\r\n## 案例背景\r\n2024年3月初，BTC突破60000后回踩确认，提供更好的入场机会。\r\n\r\n## 阻力突破形态图解\r\n\r\n:::candlestick resistance_break:::\r\n\r\n## 突破与回踩\r\n- 3月1日：突破60000\r\n- 3月3-4日：回踩至60500\r\n- 60000从阻力变支撑\r\n\r\n## 回踩入场优势\r\n1. 确认突破有效\r\n2. 入场价格更好\r\n3. 止损距离更近\r\n4. 盈亏比更优\r\n\r\n## 交易执行\r\n| 项目 | 数值 |\r\n|-----|------|\r\n| 入场价 | 60500（回踩支撑） |\r\n| 止损价 | 58500 |\r\n| 目标价 | 68000 |\r\n| 盈亏比 | 1:3.75 |\r\n\r\n## 结果\r\n- 回踩后继续上涨\r\n- 10天达到68000\r\n- 盈利：+12.4%\r\n\r\n## 回踩入场要点\r\n1. 等待回踩到突破位\r\n2. 观察是否获得支撑\r\n3. 出现止跌信号入场', NULL, 3, 1, NULL, '2025-12-30 13:35:36', '2026-01-01 01:04:26'), (40, 14, '周线日线4H共振案例', 'success', 'BTC', '4H', '2024-02-10', NULL, NULL, NULL, NULL, NULL, '# 多周期共振交易案例\r\n\r\n## 案例背景\r\n2024年2月，BTC在多个周期同时出现做多信号，形成共振。\r\n\r\n## 均线金叉形态图解\r\n\r\n:::candlestick ma_golden_cross:::\r\n\r\n## 多周期分析\r\n\r\n### 周线\r\n- 趋势向上，价格在MA20上方\r\n- MACD零轴上方\r\n\r\n### 日线\r\n- 回调至EMA20支撑\r\n- 出现锤子线\r\n\r\n### 4小时\r\n- MACD金叉\r\n- 突破短期下降趋势线\r\n\r\n## 共振信号\r\n- 周线定方向：做多\r\n- 日线找位置：EMA20支撑\r\n- 4H定时机：金叉入场\r\n\r\n## 交易执行\r\n| 项目 | 数值 |\r\n|-----|------|\r\n| 入场价 | 47500 |\r\n| 止损价 | 45000 |\r\n| 目标价 | 55000 |\r\n| 结果 | +15.8% |\r\n\r\n## 多周期共振优势\r\n1. 提高胜率\r\n2. 方向更确定\r\n3. 入场更精确', NULL, 1, 1, NULL, '2025-12-30 13:35:37', '2026-01-01 01:04:26'), (41, 14, '大小周期冲突处理案例', 'analysis', 'ETH', '4H', '2024-04-25', NULL, NULL, NULL, NULL, NULL, '# 周期冲突处理案例\r\n\r\n## 案例背景\r\n2024年4月，ETH出现大小周期信号冲突的情况。\r\n\r\n## 底背离形态参考\r\n\r\n:::candlestick macd_bottom_divergence:::\r\n\r\n## 冲突情况\r\n- 日线：下跌趋势，MACD死叉\r\n- 4小时：出现底背离，金叉信号\r\n\r\n## 分析\r\n- 大周期（日线）偏空\r\n- 小周期（4H）偏多\r\n- 信号冲突\r\n\r\n## 处理原则\r\n1. 大周期优先\r\n2. 小周期信号可能只是反弹\r\n3. 如果做多，要减仓\r\n\r\n## 实际操作\r\n- 选择观望\r\n- 等待周期信号一致\r\n- 避免在冲突中交易\r\n\r\n## 后续走势\r\n- 4H反弹后继续下跌\r\n- 日线趋势占主导\r\n- 观望决策正确\r\n\r\n## 教训\r\n大小周期冲突时，宁可错过，不要做错。', NULL, 2, 1, NULL, '2025-12-30 13:35:37', '2026-01-01 01:04:26'), (42, 14, '多周期精确入场案例', 'success', 'BTC', '1H', '2024-03-10', NULL, NULL, NULL, NULL, NULL, '# 多周期精确入场案例\r\n\r\n## 案例背景\r\n利用多周期分析，在1小时图上找到精确入场点。\r\n\r\n## 锤子线形态图解\r\n\r\n:::candlestick hammer:::\r\n\r\n## 分析过程\r\n\r\n### 日线确定方向\r\n- 上涨趋势\r\n- 回调至支撑区\r\n\r\n### 4小时确定区域\r\n- 回调至EMA50\r\n- 接近支撑位68000\r\n\r\n### 1小时精确入场\r\n- 出现双底形态\r\n- MACD底背离\r\n- 突破颈线入场\r\n\r\n## 交易执行\r\n| 项目 | 数值 |\r\n|-----|------|\r\n| 入场价 | 68500 |\r\n| 止损价 | 67500（双底下方） |\r\n| 目标价 | 72000 |\r\n| 盈亏比 | 1:3.5 |\r\n\r\n## 结果\r\n- 精确入场后上涨\r\n- 达到目标价\r\n- 盈利：+5.1%\r\n\r\n## 多周期入场技巧\r\n1. 大周期定方向\r\n2. 中周期定区域\r\n3. 小周期定时机', NULL, 3, 1, NULL, '2025-12-30 13:35:37', '2026-01-01 01:04:26'), (43, 15, '贪婪导致利润回吐案例', 'failure', 'BTC', '4H', '2024-03-15', NULL, NULL, NULL, NULL, NULL, '# 贪婪导致利润回吐\r\n\r\n## 案例背景\r\n一笔盈利的交易，因为贪婪没有止盈，最终利润全部回吐。\r\n\r\n## 射击之星形态参考\r\n\r\n:::candlestick shooting_star:::\r\n\r\n## 交易过程\r\n\r\n### 入场\r\n- 入场价：65000\r\n- 止损价：62000\r\n- 原计划目标：70000\r\n\r\n### 盈利阶段\r\n- 价格涨至72000\r\n- 浮盈：+10.8%\r\n- 超过原目标\r\n\r\n### 贪婪心理\r\n- \"还能涨更高\"\r\n- \"这次要赚大的\"\r\n- 没有执行止盈\r\n- 甚至移除了止损\r\n\r\n### 结果\r\n- 价格从72000回落\r\n- 跌至64000\r\n- 最终在63500止损\r\n- 从盈利10%变成亏损2.3%\r\n\r\n## 心理分析\r\n\r\n### 贪婪的表现\r\n1. 不断上调目标\r\n2. 忽视止盈信号\r\n3. 幻想更大利润\r\n4. 移除保护措施\r\n\r\n### 正确做法\r\n1. 达到目标就止盈\r\n2. 至少部分止盈\r\n3. 设置移动止损\r\n4. 遵守交易计划\r\n\r\n## 教训\r\n贪婪是交易的大敌，会买更要会卖。', NULL, 1, 1, NULL, '2025-12-30 13:35:37', '2026-01-01 01:04:26'), (44, 15, '恐惧错过行情案例', 'failure', 'ETH', '4H', '2024-02-25', NULL, NULL, NULL, NULL, NULL, '# FOMO恐惧错过案例\r\n\r\n## 案例背景\r\n因为害怕错过行情，在不合适的位置追高入场。\r\n\r\n## 上吊线形态参考\r\n\r\n:::candlestick hanging_man:::\r\n\r\n## 事件经过\r\n\r\n### 错过的机会\r\n- ETH从2800涨至3200\r\n- 之前一直在等回调\r\n- 回调没等到，价格直接涨\r\n\r\n### FOMO心理\r\n- \"不能再错过了\"\r\n- \"还会继续涨\"\r\n- \"现在不买就晚了\"\r\n\r\n### 追高入场\r\n- 在3200追多\r\n- 没有设止损\r\n- 仓位还加大了\r\n\r\n### 结果\r\n- 入场后价格回调\r\n- 跌至2950\r\n- 亏损：-7.8%\r\n\r\n## 心理分析\r\n\r\n### FOMO的危害\r\n1. 追高入场\r\n2. 忽视风险\r\n3. 仓位失控\r\n4. 情绪化交易\r\n\r\n### 正确心态\r\n1. 错过就错过\r\n2. 市场永远有机会\r\n3. 等待自己的入场点\r\n4. 不追不合适的行情\r\n\r\n## 教训\r\n错过行情不可怕，追高亏损才可怕。', NULL, 2, 1, NULL, '2025-12-30 13:35:37', '2026-01-01 01:04:26'), (45, 15, '报复性交易亏损案例', 'failure', 'BTC', '1H', '2024-04-18', NULL, NULL, NULL, NULL, NULL, '# 报复性交易案例\r\n\r\n## 案例背景\r\n一笔亏损后，情绪失控进行报复性交易，导致更大亏损。\r\n\r\n## 三只乌鸦形态参考\r\n\r\n:::candlestick three_black_crows:::\r\n\r\n## 事件经过\r\n\r\n### 第一笔亏损\r\n- 正常交易止损\r\n- 亏损：-2%\r\n- 心态开始失衡\r\n\r\n### 报复心理\r\n- \"要把亏的赚回来\"\r\n- \"下一笔一定对\"\r\n- 急于翻本\r\n\r\n### 报复性交易\r\n- 立即反向开仓\r\n- 仓位加倍\r\n- 没有分析，凭感觉\r\n\r\n### 连续亏损\r\n- 第2笔：-3%\r\n- 第3笔：-4%\r\n- 第4笔：-3%\r\n- 总亏损：-12%\r\n\r\n## 心理分析\r\n\r\n### 报复性交易特征\r\n1. 亏损后立即交易\r\n2. 加大仓位\r\n3. 不做分析\r\n4. 情绪化决策\r\n\r\n### 正确做法\r\n1. 亏损后暂停交易\r\n2. 冷静分析原因\r\n3. 保持正常仓位\r\n4. 等待下一个信号\r\n\r\n## 教训\r\n报复市场只会伤害自己，冷静是最好的武器。', NULL, 3, 1, NULL, '2025-12-30 13:35:37', '2026-01-01 01:04:26'), (46, 16, '模拟交易记录分析', 'analysis', 'BTC', '4H', '2024-05-01', NULL, NULL, NULL, NULL, NULL, '# 模拟交易月度分析\r\n\r\n## 交易概况\r\n- 交易周期：2024年4月\r\n- 交易品种：BTC\r\n- 交易次数：15笔\r\n\r\n## 均线支撑形态参考\r\n\r\n:::candlestick ma_support:::\r\n\r\n## 统计数据\r\n| 指标 | 数值 |\r\n|-----|------|\r\n| 总交易 | 15笔 |\r\n| 盈利 | 9笔 |\r\n| 亏损 | 6笔 |\r\n| 胜率 | 60% |\r\n| 平均盈利 | +4.2% |\r\n| 平均亏损 | -2.1% |\r\n| 盈亏比 | 2:1 |\r\n| 总收益 | +25.2% |\r\n\r\n## 交易分析\r\n\r\n### 优势\r\n1. 胜率达标（>50%）\r\n2. 盈亏比良好（>1.5）\r\n3. 严格执行止损\r\n\r\n### 问题\r\n1. 部分交易入场过早\r\n2. 有2笔追高交易\r\n3. 持仓时间偏短\r\n\r\n## 改进计划\r\n1. 等待更好的入场点\r\n2. 避免FOMO追高\r\n3. 让利润多跑一会', NULL, 1, 1, NULL, '2025-12-30 13:35:37', '2026-01-01 01:04:26'), (47, 16, '从模拟到实盘差异', 'analysis', 'ETH', '4H', '2024-05-15', NULL, NULL, NULL, NULL, NULL, '# 模拟与实盘差异分析\r\n\r\n## 锤子线形态参考\r\n\r\n:::candlestick hammer:::\r\n\r\n## 主要差异\r\n\r\n### 心理差异\r\n| 方面 | 模拟 | 实盘 |\r\n|-----|------|------|\r\n| 压力 | 小 | 大 |\r\n| 情绪 | 稳定 | 波动 |\r\n| 执行 | 容易 | 困难 |\r\n\r\n### 执行差异\r\n1. 实盘更容易犹豫\r\n2. 止损更难执行\r\n3. 容易过度交易\r\n\r\n## 过渡建议\r\n\r\n### 资金管理\r\n1. 从小资金开始\r\n2. 逐步增加仓位\r\n3. 保持风险控制\r\n\r\n### 心态调整\r\n1. 接受亏损是正常的\r\n2. 不要急于证明自己\r\n3. 保持模拟时的纪律\r\n\r\n### 执行要求\r\n1. 严格按计划执行\r\n2. 不临时改变策略\r\n3. 做好交易记录', NULL, 2, 1, NULL, '2025-12-30 13:35:37', '2026-01-01 01:04:26'), (48, 16, '系统验证案例', 'success', 'BTC', '4H', '2024-05-20', NULL, NULL, NULL, NULL, NULL, '# 交易系统验证报告\r\n\r\n## 系统概述\r\n- 系统名称：EMA趋势跟踪\r\n- 验证周期：3个月\r\n- 验证方式：模拟交易\r\n\r\n## 均线金叉形态参考\r\n\r\n:::candlestick ma_golden_cross:::\r\n\r\n## 验证结果\r\n\r\n### 统计数据\r\n| 指标 | 目标 | 实际 | 达标 |\r\n|-----|------|------|------|\r\n| 胜率 | >50% | 58% | ✓ |\r\n| 盈亏比 | >1.5 | 2.1 | ✓ |\r\n| 最大回撤 | <15% | 12% | ✓ |\r\n| 月均收益 | >5% | 8.2% | ✓ |\r\n\r\n### 系统评估\r\n- 趋势市表现优秀\r\n- 震荡市需要过滤\r\n- 整体可以实盘使用\r\n\r\n## 实盘计划\r\n\r\n### 资金分配\r\n- 初始资金：1000U\r\n- 单笔风险：2%\r\n- 最大持仓：20%\r\n\r\n### 执行要求\r\n1. 严格按系统信号\r\n2. 不主观判断\r\n3. 每周复盘\r\n\r\n## 结论\r\n系统验证通过，可以开始小资金实盘。', NULL, 3, 1, NULL, '2025-12-30 13:35:37', '2026-01-01 01:04:26'), (49, 17, '1000U起步实盘记录', 'success', 'BTC', '4H', '2024-06-01', NULL, NULL, NULL, NULL, NULL, '# 1000U小资金实盘记录\r\n\r\n## 账户设置\r\n- 初始资金：1000U\r\n- 交易品种：BTC\r\n- 杠杆：最高5倍\r\n- 单笔风险：2%（20U）\r\n\r\n## 均线支撑形态参考\r\n\r\n:::candlestick ma_support:::\r\n\r\n## 第一周交易\r\n\r\n### 交易1\r\n| 项目 | 数值 |\r\n|-----|------|\r\n| 方向 | 做多 |\r\n| 入场 | 67500 |\r\n| 止损 | 66000 |\r\n| 止盈 | 70500 |\r\n| 仓位 | 200U（20倍杠杆下的保证金） |\r\n| 结果 | +4.4%（+44U） |\r\n\r\n### 交易2\r\n| 项目 | 数值 |\r\n|-----|------|\r\n| 方向 | 做多 |\r\n| 入场 | 69000 |\r\n| 止损 | 67500 |\r\n| 结果 | 止损 -2.2%（-23U） |\r\n\r\n### 交易3\r\n| 项目 | 数值 |\r\n|-----|------|\r\n| 方向 | 做空 |\r\n| 入场 | 68000 |\r\n| 止损 | 69500 |\r\n| 止盈 | 65000 |\r\n| 结果 | +4.4%（+46U） |\r\n\r\n## 周总结\r\n- 交易次数：3笔\r\n- 盈利：2笔\r\n- 亏损：1笔\r\n- 净盈利：+67U（+6.7%）\r\n- 账户余额：1067U\r\n\r\n## 小资金交易要点\r\n1. 严格控制单笔风险\r\n2. 不要急于翻倍\r\n3. 积累经验比赚钱重要\r\n4. 保持交易记录', NULL, 1, 1, NULL, '2025-12-30 13:35:55', '2026-01-01 01:04:26'), (50, 17, '小资金仓位管理案例', 'analysis', 'ETH', '4H', '2024-06-05', NULL, NULL, NULL, NULL, NULL, '# 小资金仓位管理\r\n\r\n## 资金规模\r\n- 账户资金：1000U\r\n- 可用保证金：1000U\r\n\r\n## 支撑反弹形态参考\r\n\r\n:::candlestick support_bounce:::\r\n\r\n## 仓位计算示例\r\n\r\n### 案例：ETH做多\r\n- 入场价：3500\r\n- 止损价：3400\r\n- 止损距离：2.86%\r\n\r\n### 仓位计算\r\n```\r\n风险金额 = 1000 × 2% = 20U\r\n仓位价值 = 20 / 2.86% = 699U\r\n杠杆选择 = 3倍\r\n保证金 = 699 / 3 = 233U\r\n```\r\n\r\n### 实际开仓\r\n- 保证金：233U\r\n- 杠杆：3倍\r\n- 仓位价值：699U\r\n- 最大亏损：20U（2%）\r\n\r\n## 小资金仓位原则\r\n\r\n### 杠杆使用\r\n| 资金规模 | 建议杠杆 |\r\n|---------|---------|\r\n| <1000U | 2-3倍 |\r\n| 1000-5000U | 3-5倍 |\r\n| >5000U | 根据策略 |\r\n\r\n### 仓位控制\r\n1. 单笔不超过总资金30%\r\n2. 总持仓不超过50%\r\n3. 相关品种合并计算\r\n\r\n## 常见错误\r\n1. 杠杆过高\r\n2. 满仓操作\r\n3. 不计算止损距离\r\n4. 忽视手续费成本', NULL, 2, 1, NULL, '2025-12-30 13:35:55', '2026-01-01 01:04:26'), (51, 17, '首月实盘总结', 'analysis', 'BTC', '1D', '2024-06-30', NULL, NULL, NULL, NULL, NULL, '# 首月实盘交易总结\r\n\r\n## 账户变化\r\n- 初始资金：1000U\r\n- 月末资金：1156U\r\n- 月收益：+15.6%\r\n\r\n## 三白兵形态参考\r\n\r\n:::candlestick three_white_soldiers:::\r\n\r\n## 交易统计\r\n| 指标 | 数值 |\r\n|-----|------|\r\n| 总交易 | 12笔 |\r\n| 盈利 | 7笔 |\r\n| 亏损 | 5笔 |\r\n| 胜率 | 58.3% |\r\n| 平均盈利 | +3.8% |\r\n| 平均亏损 | -1.9% |\r\n| 盈亏比 | 2:1 |\r\n| 最大单笔盈利 | +5.2% |\r\n| 最大单笔亏损 | -2.1% |\r\n| 最大回撤 | -4.3% |\r\n\r\n## 经验总结\r\n\r\n### 做得好的\r\n1. 严格执行止损\r\n2. 仓位控制合理\r\n3. 没有情绪化交易\r\n\r\n### 需要改进的\r\n1. 有2笔追高交易\r\n2. 部分止盈过早\r\n3. 交易频率偏高\r\n\r\n## 下月计划\r\n1. 减少交易频率\r\n2. 提高入场质量\r\n3. 优化止盈策略', NULL, 3, 1, NULL, '2025-12-30 13:35:55', '2026-01-01 01:04:26'), (52, 18, '交易日志发现问题案例', 'analysis', 'BTC', '4H', '2024-07-01', NULL, NULL, NULL, NULL, NULL, '# 通过日志发现交易问题\r\n\r\n## 阻力受阻形态参考\r\n\r\n:::candlestick resistance_rejection:::\r\n\r\n## 日志记录示例\r\n\r\n### 交易记录表\r\n| 日期 | 品种 | 方向 | 入场 | 出场 | 盈亏 | 备注 |\r\n|-----|------|------|------|------|------|------|\r\n| 7/1 | BTC | 多 | 62000 | 63500 | +2.4% | 按计划 |\r\n| 7/2 | BTC | 多 | 64000 | 63000 | -1.6% | 追高 |\r\n| 7/3 | ETH | 多 | 3400 | 3500 | +2.9% | 按计划 |\r\n| 7/4 | BTC | 空 | 63000 | 64000 | -1.6% | 逆势 |\r\n| 7/5 | BTC | 多 | 64500 | 66000 | +2.3% | 按计划 |\r\n\r\n## 问题发现\r\n\r\n### 统计分析\r\n- 按计划交易：3笔，全部盈利\r\n- 非计划交易：2笔，全部亏损\r\n\r\n### 问题识别\r\n1. 追高交易导致亏损\r\n2. 逆势交易导致亏损\r\n3. 按计划交易全部盈利\r\n\r\n## 改进措施\r\n1. 只做计划内的交易\r\n2. 不追高，等回调\r\n3. 顺势交易，不逆势\r\n\r\n## 日志的价值\r\n通过日志可以客观发现问题，而不是凭感觉。', NULL, 1, 1, NULL, '2025-12-30 13:35:55', '2026-01-01 01:04:26'), (53, 18, '数据分析改进系统案例', 'success', 'BTC', '4H', '2024-07-15', NULL, NULL, NULL, NULL, NULL, '# 数据分析优化交易系统\r\n\r\n## 原始数据\r\n50笔交易记录分析\r\n\r\n## 均线支撑形态参考\r\n\r\n:::candlestick ma_support:::\r\n\r\n## 发现的规律\r\n\r\n### 按时段分析\r\n| 时段 | 交易数 | 胜率 | 备注 |\r\n|-----|--------|------|------|\r\n| 亚盘 | 15 | 40% | 表现差 |\r\n| 欧盘 | 20 | 65% | 表现好 |\r\n| 美盘 | 15 | 60% | 表现好 |\r\n\r\n### 按形态分析\r\n| 形态 | 交易数 | 胜率 |\r\n|-----|--------|------|\r\n| 突破 | 18 | 55% |\r\n| 回调 | 22 | 68% |\r\n| 反转 | 10 | 40% |\r\n\r\n## 优化决策\r\n\r\n### 基于数据的调整\r\n1. 减少亚盘交易\r\n2. 增加回调入场\r\n3. 减少反转交易\r\n\r\n### 优化后效果\r\n- 胜率从55%提升至63%\r\n- 盈亏比从1.8提升至2.1\r\n\r\n## 数据分析要点\r\n1. 样本要足够（至少30笔）\r\n2. 分类要合理\r\n3. 定期更新分析', NULL, 2, 1, NULL, '2025-12-30 13:35:55', '2026-01-01 01:04:26'), (54, 18, '情绪记录价值案例', 'analysis', 'ETH', '4H', '2024-07-20', NULL, NULL, NULL, NULL, NULL, '# 情绪记录的价值\r\n\r\n## 十字星形态参考\r\n\r\n:::candlestick doji:::\r\n\r\n## 情绪日志示例\r\n\r\n### 记录格式\r\n| 日期 | 交易前情绪 | 交易决策 | 结果 | 交易后情绪 |\r\n|-----|-----------|---------|------|-----------|\r\n| 7/15 | 平静(7) | 按计划 | +3% | 满意(8) |\r\n| 7/16 | 焦虑(4) | 追高 | -2% | 后悔(3) |\r\n| 7/17 | 愤怒(2) | 报复交易 | -3% | 沮丧(1) |\r\n| 7/18 | 平静(7) | 按计划 | +2% | 满意(7) |\r\n\r\n## 发现的规律\r\n\r\n### 情绪与结果关系\r\n| 情绪状态 | 胜率 | 平均盈亏 |\r\n|---------|------|---------|\r\n| 平静(6-8) | 70% | +2.5% |\r\n| 焦虑(4-5) | 40% | -0.5% |\r\n| 极端(1-3) | 20% | -2.0% |\r\n\r\n## 应用建议\r\n\r\n### 交易前检查\r\n1. 评估当前情绪（1-10分）\r\n2. 低于6分不交易\r\n3. 等情绪恢复再操作\r\n\r\n### 情绪管理\r\n1. 亏损后暂停交易\r\n2. 大赚后也要冷静\r\n3. 保持规律作息\r\n\r\n## 结论\r\n情绪是交易的隐形杀手，记录情绪可以帮助识别和管理。', NULL, 3, 1, NULL, '2025-12-30 13:35:55', '2026-01-01 01:04:26'), (55, 19, '头肩底反转案例', 'success', 'BTC', '4H', '2024-07-25', NULL, NULL, NULL, NULL, NULL, '# 头肩底形态交易案例\r\n\r\n## 看涨吞没形态参考\r\n\r\n:::candlestick bullish_engulfing:::\r\n\r\n## 形态识别\r\n\r\n### 形态结构\r\n- 左肩：58000\r\n- 头部：56000（最低点）\r\n- 右肩：58500\r\n- 颈线：61000\r\n\r\n### 形态特征\r\n1. 头部低于两肩\r\n2. 两肩大致对称\r\n3. 颈线相对水平\r\n4. 右肩成交量萎缩\r\n\r\n## 交易计划\r\n\r\n### 入场策略\r\n- 方式1：突破颈线入场\r\n- 方式2：突破后回踩入场\r\n\r\n### 目标计算\r\n- 头部到颈线距离：5000点\r\n- 目标价：61000 + 5000 = 66000\r\n\r\n## 交易执行\r\n| 项目 | 数值 |\r\n|-----|------|\r\n| 入场 | 61500（突破颈线） |\r\n| 止损 | 59000（右肩下方） |\r\n| 目标 | 66000 |\r\n| 结果 | +7.3% |\r\n\r\n## 头肩底要点\r\n1. 等待颈线突破确认\r\n2. 止损设在右肩下方\r\n3. 目标用形态高度计算', NULL, 1, 1, NULL, '2025-12-30 13:35:55', '2026-01-01 01:04:26'), (56, 19, '三角形突破案例', 'success', 'ETH', '4H', '2024-08-01', NULL, NULL, NULL, NULL, NULL, '# 对称三角形突破案例\r\n\r\n## 阻力突破形态图解\r\n\r\n:::candlestick resistance_break:::\r\n\r\n## 形态识别\r\n\r\n### 三角形结构\r\n- 上边：连接下降的高点\r\n- 下边：连接上升的低点\r\n- 收敛点：约在3300\r\n\r\n### 形态特征\r\n1. 高点逐渐降低\r\n2. 低点逐渐抬高\r\n3. 成交量逐渐萎缩\r\n4. 即将选择方向\r\n\r\n## 突破分析\r\n\r\n### 突破方向判断\r\n- 之前趋势向上\r\n- 大概率向上突破\r\n- 但也要做好向下准备\r\n\r\n### 突破确认\r\n- 向上突破上边\r\n- 成交量放大\r\n- 收盘站稳\r\n\r\n## 交易执行\r\n| 项目 | 数值 |\r\n|-----|------|\r\n| 入场 | 3350（突破上边） |\r\n| 止损 | 3200（三角形内） |\r\n| 目标 | 3600（三角形高度） |\r\n| 结果 | +7.5% |\r\n\r\n## 三角形交易要点\r\n1. 等待突破，不要提前猜\r\n2. 突破要有量配合\r\n3. 目标用三角形高度', NULL, 2, 1, NULL, '2025-12-30 13:35:55', '2026-01-01 01:04:26'), (57, 19, '斐波那契回撤入场案例', 'success', 'BTC', '4H', '2024-08-05', NULL, NULL, NULL, NULL, NULL, '# 斐波那契回撤交易案例\r\n\r\n## 均线支撑形态参考\r\n\r\n:::candlestick ma_support:::\r\n\r\n## 斐波那契应用\r\n\r\n### 绘制方法\r\n- 起点：上涨起点62000\r\n- 终点：上涨终点70000\r\n- 自动计算回撤位\r\n\r\n### 关键回撤位\r\n| 比例 | 价格 |\r\n|-----|------|\r\n| 23.6% | 68112 |\r\n| 38.2% | 66944 |\r\n| 50% | 66000 |\r\n| 61.8% | 65056 |\r\n\r\n## 交易分析\r\n\r\n### 回调观察\r\n- 价格从70000回调\r\n- 在38.2%位置（66944）获得支撑\r\n- 出现锤子线\r\n\r\n### 入场决策\r\n- 38.2%是常见回撤位\r\n- 有K线确认\r\n- 决定入场做多\r\n\r\n## 交易执行\r\n| 项目 | 数值 |\r\n|-----|------|\r\n| 入场 | 67000 |\r\n| 止损 | 65000（61.8%下方） |\r\n| 目标 | 71000（新高） |\r\n| 结果 | +6.0% |\r\n\r\n## 斐波那契使用要点\r\n1. 38.2%和61.8%最常用\r\n2. 需要K线确认\r\n3. 止损设在下一级回撤位', NULL, 3, 1, NULL, '2025-12-30 13:35:55', '2026-01-01 01:04:26'), (58, 20, '极度恐惧抄底案例', 'success', 'BTC', '1D', '2024-08-10', NULL, NULL, NULL, NULL, NULL, '# 恐惧贪婪指数抄底案例\r\n\r\n## 市场背景\r\n- 2024年8月市场大跌\r\n- BTC从70000跌至50000\r\n- 恐惧贪婪指数降至15（极度恐惧）\r\n\r\n## 锤子线底部形态图解\r\n\r\n:::candlestick hammer:::\r\n\r\n## 情绪指标分析\r\n\r\n### 恐惧贪婪指数\r\n| 区间 | 含义 | 操作建议 |\r\n|-----|------|---------|\r\n| 0-25 | 极度恐惧 | 考虑买入 |\r\n| 25-45 | 恐惧 | 观望/小仓买 |\r\n| 45-55 | 中性 | 观望 |\r\n| 55-75 | 贪婪 | 观望/小仓卖 |\r\n| 75-100 | 极度贪婪 | 考虑卖出 |\r\n\r\n### 当时数据\r\n- 恐惧贪婪指数：15\r\n- 资金费率：-0.1%（负值）\r\n- 社交媒体：极度悲观\r\n\r\n## 交易决策\r\n\r\n### 入场理由\r\n1. 极度恐惧往往是底部\r\n2. 技术面出现支撑\r\n3. 资金费率为负（空头过度）\r\n\r\n### 交易执行\r\n| 项目 | 数值 |\r\n|-----|------|\r\n| 入场 | 51000 |\r\n| 止损 | 47000 |\r\n| 目标 | 60000 |\r\n| 结果 | +17.6% |\r\n\r\n## 情绪指标使用要点\r\n1. 极端值才有参考意义\r\n2. 需要技术面配合\r\n3. 不要抄在下跌中', NULL, 1, 1, NULL, '2025-12-30 13:35:55', '2026-01-01 01:04:26'), (59, 20, '极度贪婪逃顶案例', 'success', 'BTC', '1D', '2024-03-12', NULL, NULL, NULL, NULL, NULL, '# 贪婪指数逃顶案例\r\n\r\n## 市场背景\r\n- 2024年3月BTC创新高\r\n- 价格达到73000\r\n- 市场情绪极度亢奋\r\n\r\n## 射击之星形态图解\r\n\r\n:::candlestick shooting_star:::\r\n\r\n## 情绪指标分析\r\n\r\n### 当时数据\r\n- 恐惧贪婪指数：92（极度贪婪）\r\n- 资金费率：0.1%+（高位）\r\n- 社交媒体：FOMO情绪浓厚\r\n- 新闻：全是利好\r\n\r\n### 历史对比\r\n| 时间 | 价格 | 贪婪指数 | 后续 |\r\n|-----|------|---------|------|\r\n| 2021.04 | 64000 | 95 | 跌50% |\r\n| 2021.11 | 69000 | 84 | 跌75% |\r\n| 2024.03 | 73000 | 92 | ? |\r\n\r\n## 交易决策\r\n\r\n### 出场理由\r\n1. 极度贪婪是危险信号\r\n2. 资金费率过高\r\n3. 技术面出现背离\r\n\r\n### 执行\r\n- 在71000开始减仓\r\n- 分批出场\r\n- 保留20%观察\r\n\r\n## 后续走势\r\n- 价格从73000跌至56000\r\n- 跌幅23%\r\n- 逃顶决策正确\r\n\r\n## 教训\r\n当所有人都贪婪时，要保持警惕。', NULL, 2, 1, NULL, '2025-12-30 13:35:55', '2026-01-01 01:04:26'), (60, 20, '资金费率预警案例', 'analysis', 'BTC', '4H', '2024-03-10', NULL, NULL, NULL, NULL, NULL, '# 资金费率预警案例\r\n\r\n## 顶背离形态参考\r\n\r\n:::candlestick macd_top_divergence:::\r\n\r\n## 资金费率原理\r\n\r\n### 什么是资金费率\r\n- 永续合约的平衡机制\r\n- 多头付给空头（正费率）\r\n- 空头付给多头（负费率）\r\n\r\n### 费率含义\r\n| 费率 | 含义 | 信号 |\r\n|-----|------|------|\r\n| >0.1% | 多头过热 | 看跌预警 |\r\n| 0.01-0.1% | 正常偏多 | 中性 |\r\n| -0.01-0.01% | 平衡 | 中性 |\r\n| <-0.01% | 空头过热 | 看涨预警 |\r\n\r\n## 案例分析\r\n\r\n### 2024年3月数据\r\n- 3月10日费率：0.15%\r\n- 3月12日费率：0.2%\r\n- 3月14日费率：0.25%\r\n\r\n### 预警信号\r\n1. 费率持续走高\r\n2. 多头杠杆过重\r\n3. 市场过度乐观\r\n\r\n## 后续验证\r\n- 3月14日见顶73000\r\n- 随后大幅回调\r\n- 费率预警有效\r\n\r\n## 资金费率使用\r\n1. 极端值才有意义\r\n2. 结合其他指标\r\n3. 不要单独使用', NULL, 3, 1, NULL, '2025-12-30 13:35:55', '2026-01-01 01:04:27'), (61, 21, '金字塔加仓实战案例', 'success', 'BTC', '4H', '2024-08-15', NULL, NULL, NULL, NULL, NULL, '# 金字塔加仓策略实战\r\n\r\n## 策略原理\r\n- 首次建仓最大\r\n- 盈利后逐步加仓\r\n- 每次加仓减少\r\n\r\n## 均线多头排列形态参考\r\n\r\n:::candlestick ma_bullish_alignment:::\r\n\r\n## 实战案例\r\n\r\n### 初始建仓\r\n| 项目 | 数值 |\r\n|-----|------|\r\n| 入场价 | 58000 |\r\n| 仓位 | 50%计划仓位 |\r\n| 止损 | 56000 |\r\n\r\n### 第一次加仓\r\n| 项目 | 数值 |\r\n|-----|------|\r\n| 价格 | 60000（盈利3.4%） |\r\n| 加仓 | 30%计划仓位 |\r\n| 止损上移 | 58000 |\r\n\r\n### 第二次加仓\r\n| 项目 | 数值 |\r\n|-----|------|\r\n| 价格 | 62000（盈利6.9%） |\r\n| 加仓 | 20%计划仓位 |\r\n| 止损上移 | 60000 |\r\n\r\n## 最终结果\r\n- 平均成本：59400\r\n- 出场价：65000\r\n- 总盈利：+9.4%\r\n- 如果一次性入场：+12%\r\n- 但风险更低\r\n\r\n## 金字塔加仓要点\r\n1. 只在盈利时加仓\r\n2. 每次加仓量递减\r\n3. 加仓后上移止损\r\n4. 不要逆势加仓', NULL, 1, 1, NULL, '2025-12-30 13:35:55', '2026-01-01 01:04:27'), (62, 21, '分批止盈案例', 'success', 'ETH', '4H', '2024-08-20', NULL, NULL, NULL, NULL, NULL, '# 分批止盈策略案例\r\n\r\n## 策略设计\r\n- 目标1：盈利5%，出50%\r\n- 目标2：盈利10%，出30%\r\n- 目标3：盈利15%+，出剩余\r\n\r\n## 阻力受阻形态参考\r\n\r\n:::candlestick resistance_rejection:::\r\n\r\n## 实战案例\r\n\r\n### 入场\r\n| 项目 | 数值 |\r\n|-----|------|\r\n| 入场价 | 2600 |\r\n| 止损 | 2500 |\r\n| 仓位 | 1000U |\r\n\r\n### 第一次止盈\r\n- 价格：2730（+5%）\r\n- 出场：500U\r\n- 锁定利润：+25U\r\n\r\n### 第二次止盈\r\n- 价格：2860（+10%）\r\n- 出场：300U\r\n- 锁定利润：+30U\r\n\r\n### 第三次止盈\r\n- 价格：2990（+15%）\r\n- 出场：200U\r\n- 锁定利润：+30U\r\n\r\n## 总结\r\n- 总盈利：+85U（+8.5%）\r\n- 如果一次性在+15%出：+150U\r\n- 但分批更稳健\r\n\r\n## 分批止盈优势\r\n1. 锁定部分利润\r\n2. 让利润奔跑\r\n3. 心态更稳定\r\n4. 适合不确定行情', NULL, 2, 1, NULL, '2025-12-30 13:35:55', '2026-01-01 01:04:27'), (63, 21, '复利增长记录案例', 'success', 'BTC', '1D', '2024-09-01', NULL, NULL, NULL, NULL, NULL, '# 复利增长实战记录\r\n\r\n## 三白兵形态参考\r\n\r\n:::candlestick three_white_soldiers:::\r\n\r\n## 账户增长记录\r\n\r\n### 月度数据\r\n| 月份 | 起始资金 | 收益率 | 月末资金 |\r\n|-----|---------|--------|---------|\r\n| 6月 | 1000U | +15% | 1150U |\r\n| 7月 | 1150U | +12% | 1288U |\r\n| 8月 | 1288U | +10% | 1417U |\r\n| 9月 | 1417U | +8% | 1530U |\r\n\r\n### 复利效果\r\n- 4个月总收益：+53%\r\n- 如果单利：+45%\r\n- 复利多赚：+8%\r\n\r\n## 复利关键\r\n\r\n### 保护本金\r\n1. 严格止损\r\n2. 控制回撤\r\n3. 不要爆仓\r\n\r\n### 稳定收益\r\n1. 不追求暴利\r\n2. 月均10%足够\r\n3. 长期坚持\r\n\r\n## 复利计算\r\n- 月收益10%\r\n- 年收益：(1.1)^12 - 1 = 213%\r\n- 两年：(1.1)^24 - 1 = 876%\r\n\r\n## 复利思维\r\n不要急于求成，稳定的小收益通过复利会变成大收益。', NULL, 3, 1, NULL, '2025-12-30 13:35:55', '2026-01-01 01:04:27'), (64, 22, '参数优化前后对比案例', 'success', 'BTC', '4H', '2024-09-05', NULL, NULL, NULL, NULL, NULL, '# 交易系统参数优化\r\n\r\n## 原始参数\r\n- 均线：EMA20/EMA50\r\n- 入场：回调至EMA20\r\n- 止损：EMA50下方\r\n\r\n## 均线金叉形态参考\r\n\r\n:::candlestick ma_golden_cross:::\r\n\r\n## 优化过程\r\n\r\n### 回测数据\r\n| 参数组合 | 胜率 | 盈亏比 | 总收益 |\r\n|---------|------|--------|--------|\r\n| EMA20/50 | 55% | 1.8 | +45% |\r\n| EMA15/40 | 58% | 1.7 | +48% |\r\n| EMA25/60 | 52% | 2.0 | +42% |\r\n| EMA20/55 | 57% | 1.9 | +52% |\r\n\r\n### 最优参数\r\n- 选择：EMA20/55\r\n- 胜率提升：2%\r\n- 收益提升：7%\r\n\r\n## 优化后验证\r\n- 样本外测试：3个月\r\n- 实际胜率：56%\r\n- 实际收益：+38%\r\n- 验证通过\r\n\r\n## 参数优化要点\r\n1. 不要过度优化\r\n2. 要做样本外验证\r\n3. 参数变化要小\r\n4. 关注稳健性', NULL, 1, 1, NULL, '2025-12-30 13:35:56', '2026-01-01 01:04:27'), (65, 22, '过度优化失败案例', 'failure', 'ETH', '1H', '2024-09-10', NULL, NULL, NULL, NULL, NULL, '# 过度优化的教训\r\n\r\n## 均线死叉形态参考\r\n\r\n:::candlestick ma_death_cross:::\r\n\r\n## 优化过程\r\n\r\n### 原始系统\r\n- 简单均线系统\r\n- 回测收益：+50%\r\n- 参数：EMA20/50\r\n\r\n### 过度优化\r\n- 添加多个过滤条件\r\n- 精确调整参数\r\n- 回测收益：+150%\r\n\r\n### 优化后参数\r\n- EMA17/53\r\n- RSI(13) < 35入场\r\n- MACD(11,24,8)金叉\r\n- 布林带(19,1.8)\r\n\r\n## 实盘结果\r\n- 第1个月：+2%\r\n- 第2个月：-5%\r\n- 第3个月：-8%\r\n- 总计：-11%\r\n\r\n## 失败原因\r\n\r\n### 过度拟合\r\n1. 参数过于精确\r\n2. 条件过于复杂\r\n3. 只适合历史数据\r\n4. 无法适应新行情\r\n\r\n### 正确做法\r\n1. 保持系统简单\r\n2. 使用整数参数\r\n3. 条件不超过3个\r\n4. 重视样本外测试\r\n\r\n## 教训\r\n简单的系统往往更稳健，过度优化是陷阱。', NULL, 2, 1, NULL, '2025-12-30 13:35:56', '2026-01-01 01:04:27'), (66, 22, '规则优化成功案例', 'success', 'BTC', '4H', '2024-09-15', NULL, NULL, NULL, NULL, NULL, '# 交易规则优化案例\r\n\r\n## 原始规则问题\r\n- 震荡市频繁止损\r\n- 胜率下降明显\r\n- 需要增加过滤\r\n\r\n## 均线支撑形态参考\r\n\r\n:::candlestick ma_support:::\r\n\r\n## 优化方案\r\n\r\n### 增加ADX过滤\r\n- ADX > 25：趋势市，正常交易\r\n- ADX < 20：震荡市，暂停交易\r\n- 20-25：观望\r\n\r\n### 优化前后对比\r\n| 指标 | 优化前 | 优化后 |\r\n|-----|--------|--------|\r\n| 交易次数 | 50 | 35 |\r\n| 胜率 | 52% | 62% |\r\n| 盈亏比 | 1.8 | 1.9 |\r\n| 总收益 | +35% | +48% |\r\n\r\n## 优化效果\r\n- 减少了无效交易\r\n- 提高了胜率\r\n- 提升了总收益\r\n\r\n## 规则优化原则\r\n1. 针对具体问题\r\n2. 增加简单过滤\r\n3. 验证后再使用\r\n4. 不要过度复杂', NULL, 3, 1, NULL, '2025-12-30 13:35:56', '2026-01-01 01:04:27'), (67, 23, '趋势+震荡组合效果案例', 'success', 'BTC', '4H', '2024-09-20', NULL, NULL, NULL, NULL, NULL, '# 多策略组合实战\r\n\r\n## 均线支撑形态参考\r\n\r\n:::candlestick ma_support:::\r\n\r\n## 策略组合\r\n\r\n### 策略1：趋势跟踪\r\n- 适用：ADX > 25\r\n- 方法：均线回调入场\r\n- 资金：60%\r\n\r\n### 策略2：区间交易\r\n- 适用：ADX < 20\r\n- 方法：支撑阻力交易\r\n- 资金：40%\r\n\r\n## 实战记录\r\n\r\n### 9月数据\r\n| 周 | 市场状态 | 使用策略 | 收益 |\r\n|---|---------|---------|------|\r\n| 1 | 趋势 | 策略1 | +8% |\r\n| 2 | 震荡 | 策略2 | +4% |\r\n| 3 | 震荡 | 策略2 | +3% |\r\n| 4 | 趋势 | 策略1 | +6% |\r\n\r\n### 月度总结\r\n- 总收益：+21%\r\n- 单策略1：+14%（趋势周）\r\n- 单策略2：+7%（震荡周）\r\n- 组合优势明显\r\n\r\n## 组合优势\r\n1. 适应不同市场\r\n2. 收益更稳定\r\n3. 回撤更小\r\n4. 心态更好', NULL, 1, 1, NULL, '2025-12-30 13:35:56', '2026-01-01 01:04:27'), (68, 23, '策略相关性分析案例', 'analysis', 'BTC', '1D', '2024-09-25', NULL, NULL, NULL, NULL, NULL, '# 策略相关性分析\r\n\r\n## 支撑反弹形态参考\r\n\r\n:::candlestick support_bounce:::\r\n\r\n## 相关性概念\r\n\r\n### 什么是相关性\r\n- 两个策略收益的关联程度\r\n- 范围：-1到+1\r\n- 越低越好（分散风险）\r\n\r\n### 相关性含义\r\n| 相关性 | 含义 |\r\n|--------|------|\r\n| 0.8-1.0 | 高度正相关 |\r\n| 0.5-0.8 | 中度正相关 |\r\n| -0.5-0.5 | 低相关 |\r\n| -0.8--0.5 | 中度负相关 |\r\n\r\n## 策略分析\r\n\r\n### 我的策略组合\r\n| 策略 | 类型 |\r\n|-----|------|\r\n| A | BTC趋势 |\r\n| B | BTC震荡 |\r\n| C | ETH趋势 |\r\n\r\n### 相关性矩阵\r\n| | A | B | C |\r\n|---|---|---|---|\r\n| A | 1 | -0.3 | 0.7 |\r\n| B | -0.3 | 1 | -0.2 |\r\n| C | 0.7 | -0.2 | 1 |\r\n\r\n## 分析结论\r\n1. A和B负相关，组合好\r\n2. A和C高相关，风险集中\r\n3. 建议增加低相关策略\r\n\r\n## 优化建议\r\n1. 保留A+B组合\r\n2. C可以减少配置\r\n3. 考虑增加其他品种', NULL, 2, 1, NULL, '2025-12-30 13:35:56', '2026-01-01 01:04:27'), (69, 23, '组合回撤控制案例', 'success', 'BTC', '1D', '2024-09-30', NULL, NULL, NULL, NULL, NULL, '# 组合回撤控制\r\n\r\n## 支撑突破形态参考\r\n\r\n:::candlestick support_break:::\r\n\r\n## 回撤控制目标\r\n- 单策略最大回撤：<15%\r\n- 组合最大回撤：<10%\r\n\r\n## 控制方法\r\n\r\n### 1. 策略分散\r\n- 使用多个低相关策略\r\n- 单策略资金不超过40%\r\n\r\n### 2. 动态调整\r\n- 回撤5%：减仓20%\r\n- 回撤8%：减仓50%\r\n- 回撤10%：暂停交易\r\n\r\n### 3. 止损严格\r\n- 每笔交易必须止损\r\n- 单笔亏损<2%\r\n\r\n## 实际效果\r\n\r\n### 9月回撤记录\r\n| 日期 | 单策略回撤 | 组合回撤 |\r\n|-----|-----------|---------|\r\n| 9/5 | -8% | -4% |\r\n| 9/15 | -6% | -3% |\r\n| 9/25 | -5% | -2% |\r\n\r\n### 效果对比\r\n- 单策略最大回撤：-8%\r\n- 组合最大回撤：-4%\r\n- 回撤降低50%\r\n\r\n## 回撤控制要点\r\n1. 分散是关键\r\n2. 动态调整仓位\r\n3. 严格执行止损', NULL, 3, 1, NULL, '2025-12-30 13:35:56', '2026-01-01 01:04:27'), (70, 24, '半年交易数据分析', 'analysis', 'BTC', '1D', '2024-10-01', NULL, NULL, NULL, NULL, NULL, '# 半年交易数据总结\r\n\r\n## 均线多头排列形态参考\r\n\r\n:::candlestick ma_bullish_alignment:::\r\n\r\n## 整体数据\r\n\r\n### 账户变化\r\n- 起始资金：1000U\r\n- 结束资金：2850U\r\n- 总收益：+185%\r\n\r\n### 交易统计\r\n| 指标 | 数值 |\r\n|-----|------|\r\n| 总交易 | 156笔 |\r\n| 盈利 | 92笔 |\r\n| 亏损 | 64笔 |\r\n| 胜率 | 59% |\r\n| 平均盈利 | +4.2% |\r\n| 平均亏损 | -2.1% |\r\n| 盈亏比 | 2:1 |\r\n| 最大回撤 | -12% |\r\n\r\n## 月度分析\r\n\r\n| 月份 | 收益 | 交易数 | 胜率 |\r\n|-----|------|--------|------|\r\n| 6月 | +15% | 22 | 55% |\r\n| 7月 | +25% | 28 | 61% |\r\n| 8月 | +35% | 30 | 63% |\r\n| 9月 | +28% | 26 | 58% |\r\n| 10月 | +22% | 25 | 60% |\r\n| 11月 | +18% | 25 | 56% |\r\n\r\n## 成长轨迹\r\n1. 前期：学习为主\r\n2. 中期：稳定盈利\r\n3. 后期：优化提升', NULL, 1, 1, NULL, '2025-12-30 13:35:56', '2026-01-01 01:04:27'), (71, 24, '成功交易复盘', 'success', 'BTC', '4H', '2024-10-05', NULL, NULL, NULL, NULL, NULL, '# 最佳交易复盘\r\n\r\n## 交易概况\r\n- 时间：2024年8月\r\n- 品种：BTC\r\n- 盈利：+35%\r\n\r\n## 锤子线底部形态图解\r\n\r\n:::candlestick hammer:::\r\n\r\n## 成功因素\r\n\r\n### 1. 时机把握\r\n- 在极度恐惧时入场\r\n- 恐惧指数15\r\n- 技术面支撑明确\r\n\r\n### 2. 仓位管理\r\n- 分批建仓\r\n- 金字塔加仓\r\n- 风险可控\r\n\r\n### 3. 持仓耐心\r\n- 没有过早止盈\r\n- 让利润奔跑\r\n- 移动止损保护\r\n\r\n### 4. 出场时机\r\n- 达到目标区域\r\n- 出现见顶信号\r\n- 分批止盈\r\n\r\n## 可复制的要素\r\n1. 等待极端情绪\r\n2. 技术面确认\r\n3. 分批操作\r\n4. 耐心持有\r\n\r\n## 经验总结\r\n最好的交易往往是逆人性的，在恐惧时买入，在贪婪时卖出。', NULL, 2, 1, NULL, '2025-12-30 13:35:56', '2026-01-01 01:04:27'), (72, 24, '失败交易教训', 'failure', 'ETH', '1H', '2024-10-10', NULL, NULL, NULL, NULL, NULL, '# 最大亏损交易复盘\r\n\r\n## 交易概况\r\n- 时间：2024年7月\r\n- 品种：ETH\r\n- 亏损：-8%\r\n\r\n## 三只乌鸦形态参考\r\n\r\n:::candlestick three_black_crows:::\r\n\r\n## 失败原因\r\n\r\n### 1. 违反规则\r\n- 没有等待确认信号\r\n- 提前入场\r\n- 主观判断\r\n\r\n### 2. 仓位过重\r\n- 单笔仓位15%\r\n- 超过计划的5%\r\n- 亏损放大\r\n\r\n### 3. 移除止损\r\n- 入场后移除止损\r\n- 想等反弹\r\n- 越亏越多\r\n\r\n### 4. 情绪失控\r\n- 亏损后加仓\r\n- 报复性交易\r\n- 恶性循环\r\n\r\n## 教训总结\r\n\r\n### 必须遵守的规则\r\n1. 永远设止损\r\n2. 不超仓位限制\r\n3. 不移除止损\r\n4. 亏损后暂停\r\n\r\n### 心态调整\r\n1. 接受亏损是正常的\r\n2. 单笔不重要\r\n3. 保护本金第一\r\n4. 明天还有机会\r\n\r\n## 改进措施\r\n1. 制定交易清单\r\n2. 每笔交易前检查\r\n3. 设置强制止损\r\n4. 亏损后休息', NULL, 3, 1, NULL, '2025-12-30 13:35:56', '2026-01-01 01:04:27');
COMMIT;

-- ----------------------------
-- Table structure for learn_chapter
-- ----------------------------
DROP TABLE IF EXISTS `learn_chapter`;
CREATE TABLE `learn_chapter`  (
  `id` bigint(20) NOT NULL AUTO_INCREMENT COMMENT '章节ID',
  `course_id` bigint(20) NOT NULL COMMENT '课程ID',
  `title` varchar(100) CHARACTER SET utf8mb4 COLLATE utf8mb4_general_ci NOT NULL COMMENT '章节标题',
  `content` longtext CHARACTER SET utf8mb4 COLLATE utf8mb4_general_ci NULL COMMENT '章节内容（Markdown）',
  `week_number` int(11) NULL DEFAULT NULL COMMENT '周数',
  `sort_order` int(11) NULL DEFAULT 0 COMMENT '排序',
  `status` tinyint(4) NULL DEFAULT 1 COMMENT '状态',
  `create_time` datetime NULL DEFAULT CURRENT_TIMESTAMP COMMENT '创建时间',
  `update_time` datetime NULL DEFAULT CURRENT_TIMESTAMP ON UPDATE CURRENT_TIMESTAMP COMMENT '更新时间',
  PRIMARY KEY (`id`) USING BTREE,
  INDEX `idx_course_id`(`course_id`) USING BTREE
) ENGINE = InnoDB AUTO_INCREMENT = 25 CHARACTER SET = utf8mb4 COLLATE = utf8mb4_general_ci COMMENT = '章节表';

-- ----------------------------
-- Records of learn_chapter
-- ----------------------------
BEGIN;
INSERT INTO `learn_chapter` (`id`, `course_id`, `title`, `content`, `week_number`, `sort_order`, `status`, `create_time`, `update_time`) VALUES (1, 1, '第1周：K线基础与市场认知', '## 学习目标\r\n- 理解K线的基本构成（开盘价、收盘价、最高价、最低价）\r\n- 掌握常见K线形态（锤子线、十字星、吞没形态等）\r\n- 了解数字货币市场的基本特点\r\n\r\n## 学习内容\r\n### K线基础\r\n- K线的四个价格要素\r\n- 阳线与阴线的含义\r\n- 实体与影线的意义\r\n\r\n### 常见K线形态\r\n- 单根K线形态：锤子线、上吊线、十字星\r\n- 双K线形态：吞没形态、孕线形态\r\n- 三K线形态：早晨之星、黄昏之星\r\n\r\n## 实践任务\r\n- [ ] 在TradingView上观察BTC日线图，识别至少10种K线形态\r\n- [ ] 记录每种形态出现后的价格走势\r\n- [ ] 总结K线形态的成功率', 1, 1, 1, '2025-12-14 23:46:59', '2025-12-14 23:46:59'), (2, 1, '第2周：支撑阻力与趋势线', '## 学习目标\r\n- 掌握支撑位和阻力位的识别方法\r\n- 学会绘制趋势线\r\n- 理解趋势的三种类型\r\n\r\n## 学习内容\r\n### 支撑与阻力\r\n- 支撑位的形成原理\r\n- 阻力位的形成原理\r\n- 支撑阻力的转换\r\n\r\n### 趋势线\r\n- 上升趋势线的绘制\r\n- 下降趋势线的绘制\r\n- 趋势线的有效性判断\r\n\r\n## 实践任务\r\n- [ ] 在BTC/ETH图表上标注关键支撑阻力位\r\n- [ ] 绘制当前的趋势线\r\n- [ ] 记录价格触及支撑阻力时的反应', 2, 2, 1, '2025-12-14 23:46:59', '2025-12-14 23:46:59'), (3, 1, '第3周：移动平均线系统', '## 学习目标\r\n- 理解移动平均线的计算原理\r\n- 掌握常用均线周期的选择\r\n- 学会使用均线判断趋势\r\n\r\n## 学习内容\r\n### 移动平均线基础\r\n- SMA与EMA的区别\r\n- 常用均线周期：7/20/50/100/200\r\n- 均线的滞后性\r\n\r\n### 均线交易策略\r\n- 金叉与死叉\r\n- 均线支撑与阻力\r\n- 多均线系统\r\n\r\n## 实践任务\r\n- [ ] 设置20/50/200均线组合\r\n- [ ] 观察均线金叉死叉后的走势\r\n- [ ] 统计均线策略的胜率', 3, 3, 1, '2025-12-14 23:46:59', '2025-12-14 23:46:59'), (4, 1, '第4周：MACD指标深度学习', '## 学习目标\r\n- 理解MACD的计算原理\r\n- 掌握MACD的各种信号\r\n- 学会MACD与价格的背离分析\r\n\r\n## 学习内容\r\n### MACD基础\r\n- DIF线与DEA线\r\n- MACD柱状图\r\n- 零轴的意义\r\n\r\n### MACD信号\r\n- 金叉与死叉\r\n- 零轴上下的意义\r\n- 顶背离与底背离\r\n\r\n## 实践任务\r\n- [ ] 找出近期BTC的MACD背离案例\r\n- [ ] 记录MACD信号的准确率\r\n- [ ] 结合K线形态验证MACD信号', 4, 4, 1, '2025-12-14 23:46:59', '2025-12-14 23:46:59'), (5, 1, '第5周：RSI与布林带', '## 学习目标\r\n- 掌握RSI指标的使用\r\n- 理解布林带的原理和应用\r\n- 学会超买超卖的判断\r\n\r\n## 学习内容\r\n### RSI指标\r\n- RSI的计算方法\r\n- 超买超卖区域\r\n- RSI背离\r\n\r\n### 布林带\r\n- 布林带的三条线\r\n- 布林带收窄与扩张\r\n- 布林带突破策略\r\n\r\n## 实践任务\r\n- [ ] 观察RSI在70/30区域的价格反应\r\n- [ ] 记录布林带收窄后的突破方向\r\n- [ ] 结合RSI和布林带制定交易计划', 5, 5, 1, '2025-12-14 23:46:59', '2025-12-14 23:46:59'), (6, 1, '第6周：成交量分析', '## 学习目标\r\n- 理解成交量的重要性\r\n- 掌握量价关系分析\r\n- 学会识别异常成交量\r\n\r\n## 学习内容\r\n### 成交量基础\r\n- 成交量的意义\r\n- 量价配合原则\r\n- 缩量与放量\r\n\r\n### 量价分析\r\n- 上涨放量的含义\r\n- 下跌缩量的含义\r\n- 天量与地量\r\n\r\n## 实践任务\r\n- [ ] 分析BTC重要转折点的成交量特征\r\n- [ ] 记录量价背离的案例\r\n- [ ] 总结成交量对趋势的验证作用', 6, 6, 1, '2025-12-14 23:46:59', '2025-12-14 23:46:59'), (7, 1, '第7周：基本面与消息面分析', '## 学习目标\r\n- 了解影响加密货币的宏观因素\r\n- 掌握重要经济数据的解读\r\n- 学会评估消息面的影响\r\n\r\n## 学习内容\r\n### 宏观经济因素\r\n- 美联储政策对加密货币的影响\r\n- 美元指数(DXY)与BTC的关系\r\n- 美股与加密货币的联动\r\n\r\n### 消息面分析\r\n- 监管政策的影响\r\n- 项目基本面评估\r\n- 市场情绪指标\r\n\r\n## 实践任务\r\n- [ ] 关注本周重要经济数据发布\r\n- [ ] 记录消息发布后的市场反应\r\n- [ ] 建立自己的消息面分析框架', 7, 7, 1, '2025-12-14 23:46:59', '2025-12-14 23:46:59'), (8, 1, '第8周：链上数据入门', '## 学习目标\r\n- 了解链上数据的类型\r\n- 掌握常用链上指标\r\n- 学会使用链上数据辅助决策\r\n\r\n## 学习内容\r\n### 链上数据基础\r\n- 交易所流入流出\r\n- 巨鲸地址追踪\r\n- 活跃地址数\r\n\r\n### 常用链上指标\r\n- MVRV比率\r\n- SOPR指标\r\n- 矿工持仓变化\r\n\r\n## 实践任务\r\n- [ ] 注册Glassnode/CryptoQuant账号\r\n- [ ] 观察交易所净流入流出数据\r\n- [ ] 记录链上数据与价格的关系', 8, 8, 1, '2025-12-14 23:46:59', '2025-12-14 23:46:59'), (9, 2, '第9周：交易系统构建', '## 学习目标\r\n- 理解交易系统的组成要素\r\n- 设计自己的交易规则\r\n- 建立入场和出场标准\r\n\r\n## 学习内容\r\n### 交易系统要素\r\n- 市场选择\r\n- 入场信号\r\n- 出场信号\r\n- 仓位管理\r\n- 风险控制\r\n\r\n### 系统设计原则\r\n- 简单有效\r\n- 可执行性\r\n- 可量化\r\n\r\n## 实践任务\r\n- [ ] 写出自己的交易系统规则\r\n- [ ] 定义明确的入场条件\r\n- [ ] 定义明确的出场条件', 9, 1, 1, '2025-12-14 23:46:59', '2025-12-14 23:46:59'), (10, 2, '第10周：风险管理基础', '## 学习目标\r\n- 理解风险管理的重要性\r\n- 掌握仓位计算方法\r\n- 学会设置止损止盈\r\n\r\n## 学习内容\r\n### 风险管理原则\r\n- 单笔风险控制在1-2%\r\n- 总仓位控制\r\n- 相关性风险\r\n\r\n### 仓位计算\r\n- 固定金额法\r\n- 固定比例法\r\n- 凯利公式\r\n\r\n## 实践任务\r\n- [ ] 计算自己的单笔最大风险金额\r\n- [ ] 制定仓位管理规则\r\n- [ ] 设计止损止盈策略', 10, 2, 1, '2025-12-14 23:46:59', '2025-12-14 23:46:59'), (11, 2, '第11周：趋势跟随策略', '## 学习目标\r\n- 掌握趋势跟随的核心理念\r\n- 学会识别趋势的开始和结束\r\n- 建立趋势跟随交易系统\r\n\r\n## 学习内容\r\n### 趋势跟随原理\r\n- 趋势的定义\r\n- 趋势的持续性\r\n- 顺势而为\r\n\r\n### 趋势跟随策略\r\n- 均线突破策略\r\n- 通道突破策略\r\n- 动量策略\r\n\r\n## 实践任务\r\n- [ ] 回测趋势跟随策略\r\n- [ ] 记录策略的胜率和盈亏比\r\n- [ ] 优化策略参数', 11, 3, 1, '2025-12-14 23:46:59', '2025-12-14 23:46:59'), (12, 2, '第12周：震荡交易策略', '## 学习目标\r\n- 识别震荡市场\r\n- 掌握区间交易方法\r\n- 学会在震荡中获利\r\n\r\n## 学习内容\r\n### 震荡市场特征\r\n- 价格在区间内波动\r\n- 成交量萎缩\r\n- 指标钝化\r\n\r\n### 震荡交易策略\r\n- 支撑阻力交易\r\n- 布林带回归策略\r\n- RSI超买超卖策略\r\n\r\n## 实践任务\r\n- [ ] 识别当前市场是趋势还是震荡\r\n- [ ] 在震荡区间内模拟交易\r\n- [ ] 记录震荡策略的表现', 12, 4, 1, '2025-12-14 23:46:59', '2025-12-14 23:46:59'), (13, 2, '第13周：突破交易策略', '## 学习目标\r\n- 识别有效突破\r\n- 过滤假突破\r\n- 建立突破交易系统\r\n\r\n## 学习内容\r\n### 突破类型\r\n- 水平突破\r\n- 趋势线突破\r\n- 形态突破\r\n\r\n### 突破确认\r\n- 成交量确认\r\n- 收盘价确认\r\n- 回踩确认\r\n\r\n## 实践任务\r\n- [ ] 找出近期的突破案例\r\n- [ ] 分析突破成功和失败的原因\r\n- [ ] 制定突破交易规则', 13, 5, 1, '2025-12-14 23:46:59', '2025-12-14 23:46:59'), (14, 2, '第14周：多时间框架分析', '## 学习目标\r\n- 理解多时间框架的意义\r\n- 学会从大到小分析\r\n- 建立多周期交易系统\r\n\r\n## 学习内容\r\n### 时间框架选择\r\n- 周线定方向\r\n- 日线找机会\r\n- 4小时精确入场\r\n\r\n### 多周期共振\r\n- 趋势一致性\r\n- 信号共振\r\n- 时间周期配合\r\n\r\n## 实践任务\r\n- [ ] 分析BTC的周线、日线、4小时图\r\n- [ ] 找出多周期共振的交易机会\r\n- [ ] 记录多周期分析的效果', 14, 6, 1, '2025-12-14 23:46:59', '2025-12-14 23:46:59'), (15, 2, '第15周：交易心理学', '## 学习目标\r\n- 认识常见的交易心理陷阱\r\n- 学会控制情绪\r\n- 建立正确的交易心态\r\n\r\n## 学习内容\r\n### 常见心理陷阱\r\n- 贪婪与恐惧\r\n- 过度交易\r\n- 报复性交易\r\n- 确认偏误\r\n\r\n### 心理控制方法\r\n- 交易日志\r\n- 冥想与放松\r\n- 规则化交易\r\n\r\n## 实践任务\r\n- [ ] 记录每笔交易时的情绪状态\r\n- [ ] 识别自己的心理弱点\r\n- [ ] 制定情绪管理计划', 15, 7, 1, '2025-12-14 23:46:59', '2025-12-14 23:46:59'), (16, 2, '第16周：模拟交易实战', '## 学习目标\r\n- 在模拟环境中验证策略\r\n- 积累交易经验\r\n- 完善交易系统\r\n\r\n## 学习内容\r\n### 模拟交易要点\r\n- 像真实交易一样对待\r\n- 严格执行规则\r\n- 详细记录每笔交易\r\n\r\n### 交易复盘\r\n- 每日复盘\r\n- 每周总结\r\n- 策略优化\r\n\r\n## 实践任务\r\n- [ ] 完成至少20笔模拟交易\r\n- [ ] 计算策略的实际表现\r\n- [ ] 总结需要改进的地方', 16, 8, 1, '2025-12-14 23:46:59', '2025-12-14 23:46:59'), (17, 3, '第17周：小资金实盘开始', '## 学习目标\r\n- 从模拟过渡到实盘\r\n- 控制初始资金规模\r\n- 适应真实市场环境\r\n\r\n## 学习内容\r\n### 实盘准备\r\n- 资金规划\r\n- 心理准备\r\n- 风险预案\r\n\r\n### 小资金策略\r\n- 降低仓位\r\n- 减少交易频率\r\n- 专注执行\r\n\r\n## 实践任务\r\n- [ ] 投入不超过总资金10%开始实盘\r\n- [ ] 严格执行已验证的策略\r\n- [ ] 记录实盘与模拟的差异', 17, 1, 1, '2025-12-14 23:46:59', '2025-12-14 23:46:59'), (18, 3, '第18周：交易日志深度分析', '## 学习目标\r\n- 建立完善的交易日志系统\r\n- 学会从日志中发现问题\r\n- 持续改进交易表现\r\n\r\n## 学习内容\r\n### 交易日志要素\r\n- 入场理由\r\n- 出场理由\r\n- 情绪状态\r\n- 市场环境\r\n\r\n### 日志分析方法\r\n- 统计分析\r\n- 模式识别\r\n- 问题诊断\r\n\r\n## 实践任务\r\n- [ ] 完善交易日志模板\r\n- [ ] 分析过去一个月的交易记录\r\n- [ ] 找出最大的改进点', 18, 2, 1, '2025-12-14 23:46:59', '2025-12-14 23:46:59'), (19, 3, '第19周：高级技术分析', '## 学习目标\r\n- 学习高级图表形态\r\n- 掌握斐波那契工具\r\n- 理解市场结构\r\n\r\n## 学习内容\r\n### 高级形态\r\n- 头肩顶/底\r\n- 双顶/双底\r\n- 三角形态\r\n- 旗形与楔形\r\n\r\n### 斐波那契工具\r\n- 回撤位\r\n- 扩展位\r\n- 时间周期\r\n\r\n## 实践任务\r\n- [ ] 识别当前市场的图表形态\r\n- [ ] 使用斐波那契工具分析\r\n- [ ] 结合形态制定交易计划', 19, 3, 1, '2025-12-14 23:46:59', '2025-12-14 23:46:59'), (20, 3, '第20周：市场情绪深度分析', '## 学习目标\r\n- 深入理解市场情绪\r\n- 掌握情绪指标的使用\r\n- 学会逆向思维\r\n\r\n## 学习内容\r\n### 情绪指标\r\n- 恐惧贪婪指数\r\n- 资金费率\r\n- 多空比\r\n- 社交媒体情绪\r\n\r\n### 逆向交易\r\n- 极端情绪的识别\r\n- 逆向交易时机\r\n- 风险控制\r\n\r\n## 实践任务\r\n- [ ] 每日记录市场情绪指标\r\n- [ ] 分析情绪与价格的关系\r\n- [ ] 尝试在极端情绪时逆向交易', 20, 4, 1, '2025-12-14 23:46:59', '2025-12-14 23:46:59'), (21, 3, '第21周：资金管理进阶', '## 学习目标\r\n- 学习高级资金管理技术\r\n- 理解复利的力量\r\n- 建立长期盈利思维\r\n\r\n## 学习内容\r\n### 高级资金管理\r\n- 金字塔加仓\r\n- 分批止盈\r\n- 动态仓位调整\r\n\r\n### 复利增长\r\n- 复利计算\r\n- 回撤控制\r\n- 长期目标设定\r\n\r\n## 实践任务\r\n- [ ] 计算不同复利率下的资金增长\r\n- [ ] 制定资金增长计划\r\n- [ ] 设定合理的收益目标', 21, 5, 1, '2025-12-14 23:46:59', '2025-12-14 23:46:59'), (22, 3, '第22周：交易系统优化', '## 学习目标\r\n- 评估交易系统表现\r\n- 识别优化方向\r\n- 避免过度优化\r\n\r\n## 学习内容\r\n### 系统评估指标\r\n- 胜率\r\n- 盈亏比\r\n- 最大回撤\r\n- 夏普比率\r\n\r\n### 优化方法\r\n- 参数优化\r\n- 规则优化\r\n- 过滤条件优化\r\n\r\n## 实践任务\r\n- [ ] 计算系统的各项指标\r\n- [ ] 识别系统的弱点\r\n- [ ] 进行有针对性的优化', 22, 6, 1, '2025-12-14 23:46:59', '2025-12-14 23:46:59'), (23, 3, '第23周：多策略组合', '## 学习目标\r\n- 理解策略组合的意义\r\n- 学会策略相关性分析\r\n- 建立多策略交易系统\r\n\r\n## 学习内容\r\n### 策略组合原理\r\n- 分散风险\r\n- 平滑收益曲线\r\n- 适应不同市场\r\n\r\n### 组合构建\r\n- 策略相关性\r\n- 资金分配\r\n- 动态调整\r\n\r\n## 实践任务\r\n- [ ] 分析已有策略的相关性\r\n- [ ] 设计策略组合方案\r\n- [ ] 测试组合的表现', 23, 7, 1, '2025-12-14 23:46:59', '2025-12-14 23:46:59'), (24, 3, '第24周：总结与展望', '## 学习目标\r\n- 回顾半年学习成果\r\n- 总结交易经验\r\n- 制定未来发展计划\r\n\r\n## 学习内容\r\n### 学习总结\r\n- 知识体系回顾\r\n- 技能掌握评估\r\n- 交易表现分析\r\n\r\n### 未来规划\r\n- 持续学习方向\r\n- 资金规模扩展\r\n- 长期职业规划\r\n\r\n## 实践任务\r\n- [ ] 写一份半年学习总结\r\n- [ ] 分析自己的交易数据\r\n- [ ] 制定下一阶段的目标', 24, 8, 1, '2025-12-14 23:46:59', '2025-12-14 23:46:59');
COMMIT;

-- ----------------------------
-- Table structure for learn_checkin
-- ----------------------------
DROP TABLE IF EXISTS `learn_checkin`;
CREATE TABLE `learn_checkin`  (
  `id` bigint(20) NOT NULL AUTO_INCREMENT,
  `user_id` bigint(20) NOT NULL COMMENT '用户ID',
  `checkin_date` date NOT NULL COMMENT '打卡日期',
  `study_minutes` int(11) NULL DEFAULT 0 COMMENT '学习时长(分钟)',
  `chapters_completed` int(11) NULL DEFAULT 0 COMMENT '完成章节数',
  `quizzes_completed` int(11) NULL DEFAULT 0 COMMENT '完成测验数',
  `cases_viewed` int(11) NULL DEFAULT 0 COMMENT '查看案例数',
  `create_time` datetime NULL DEFAULT CURRENT_TIMESTAMP,
  `update_time` datetime NULL DEFAULT CURRENT_TIMESTAMP ON UPDATE CURRENT_TIMESTAMP,
  PRIMARY KEY (`id`) USING BTREE,
  UNIQUE INDEX `uk_user_date`(`user_id`, `checkin_date`) USING BTREE,
  INDEX `idx_user_id`(`user_id`) USING BTREE,
  INDEX `idx_checkin_date`(`checkin_date`) USING BTREE
) ENGINE = InnoDB AUTO_INCREMENT = 32 CHARACTER SET = utf8mb4 COLLATE = utf8mb4_general_ci COMMENT = '学习打卡记录';

-- ----------------------------
-- Records of learn_checkin
-- ----------------------------
BEGIN;
INSERT INTO `learn_checkin` (`id`, `user_id`, `checkin_date`, `study_minutes`, `chapters_completed`, `quizzes_completed`, `cases_viewed`, `create_time`, `update_time`) VALUES (1, 1, '2025-12-01', 45, 1, 1, 2, '2025-12-31 21:12:44', '2025-12-31 21:12:44'), (2, 1, '2025-12-02', 60, 1, 0, 3, '2025-12-31 21:12:44', '2025-12-31 21:12:44'), (3, 1, '2025-12-03', 30, 0, 1, 1, '2025-12-31 21:12:44', '2025-12-31 21:12:44'), (4, 1, '2025-12-04', 90, 2, 1, 4, '2025-12-31 21:12:44', '2025-12-31 21:12:44'), (5, 1, '2025-12-05', 0, 0, 0, 0, '2025-12-31 21:12:44', '2025-12-31 21:12:44'), (6, 1, '2025-12-06', 120, 2, 2, 5, '2025-12-31 21:12:44', '2025-12-31 21:12:44'), (7, 1, '2025-12-07', 75, 1, 1, 3, '2025-12-31 21:12:44', '2025-12-31 21:12:44'), (8, 1, '2025-12-08', 45, 1, 0, 2, '2025-12-31 21:12:44', '2025-12-31 21:12:44'), (9, 1, '2025-12-09', 0, 0, 0, 0, '2025-12-31 21:12:44', '2025-12-31 21:12:44'), (10, 1, '2025-12-10', 60, 1, 1, 2, '2025-12-31 21:12:44', '2025-12-31 21:12:44'), (11, 1, '2025-12-11', 90, 2, 1, 4, '2025-12-31 21:12:44', '2025-12-31 21:12:44'), (12, 1, '2025-12-12', 30, 0, 1, 1, '2025-12-31 21:12:44', '2025-12-31 21:12:44'), (13, 1, '2025-12-13', 150, 3, 2, 6, '2025-12-31 21:12:44', '2025-12-31 21:12:44'), (14, 1, '2025-12-14', 45, 1, 0, 2, '2025-12-31 21:12:44', '2025-12-31 21:12:44'), (15, 1, '2025-12-15', 60, 1, 1, 3, '2025-12-31 21:12:44', '2025-12-31 21:12:44'), (16, 1, '2025-12-16', 0, 0, 0, 0, '2025-12-31 21:12:44', '2025-12-31 21:12:44'), (17, 1, '2025-12-17', 75, 1, 1, 3, '2025-12-31 21:12:44', '2025-12-31 21:12:44'), (18, 1, '2025-12-18', 90, 2, 1, 4, '2025-12-31 21:12:44', '2025-12-31 21:12:44'), (19, 1, '2025-12-19', 45, 1, 0, 2, '2025-12-31 21:12:44', '2025-12-31 21:12:44'), (20, 1, '2025-12-20', 120, 2, 2, 5, '2025-12-31 21:12:44', '2025-12-31 21:12:44'), (21, 1, '2025-12-21', 60, 1, 1, 2, '2025-12-31 21:12:44', '2025-12-31 21:12:44'), (22, 1, '2025-12-22', 30, 0, 1, 1, '2025-12-31 21:12:44', '2025-12-31 21:12:44'), (23, 1, '2025-12-23', 0, 0, 0, 0, '2025-12-31 21:12:44', '2025-12-31 21:12:44'), (24, 1, '2025-12-24', 90, 2, 1, 4, '2025-12-31 21:12:44', '2025-12-31 21:12:44'), (25, 1, '2025-12-25', 75, 1, 1, 3, '2025-12-31 21:12:44', '2025-12-31 21:12:44'), (26, 1, '2025-12-26', 60, 1, 1, 2, '2025-12-31 21:12:44', '2025-12-31 21:12:44'), (27, 1, '2025-12-27', 45, 1, 0, 2, '2025-12-31 21:12:44', '2025-12-31 21:12:44'), (28, 1, '2025-12-28', 120, 2, 2, 5, '2025-12-31 21:12:44', '2025-12-31 21:12:44'), (29, 1, '2025-12-29', 90, 2, 1, 4, '2025-12-31 21:12:44', '2025-12-31 21:12:44'), (30, 1, '2025-12-30', 60, 1, 1, 3, '2025-12-31 21:12:44', '2025-12-31 21:12:44'), (31, 1, '2025-12-31', 30, 0, 0, 1, '2025-12-31 21:12:44', '2025-12-31 21:12:44');
COMMIT;

-- ----------------------------
-- Table structure for learn_course
-- ----------------------------
DROP TABLE IF EXISTS `learn_course`;
CREATE TABLE `learn_course`  (
  `id` bigint(20) NOT NULL AUTO_INCREMENT COMMENT '课程ID',
  `title` varchar(100) CHARACTER SET utf8mb4 COLLATE utf8mb4_general_ci NOT NULL COMMENT '课程标题',
  `description` text CHARACTER SET utf8mb4 COLLATE utf8mb4_general_ci NULL COMMENT '课程描述',
  `cover_image` varchar(255) CHARACTER SET utf8mb4 COLLATE utf8mb4_general_ci NULL DEFAULT NULL COMMENT '封面图片',
  `stage` int(11) NOT NULL COMMENT '阶段：1/2/3',
  `sort_order` int(11) NULL DEFAULT 0 COMMENT '排序',
  `status` tinyint(4) NULL DEFAULT 1 COMMENT '状态：0草稿 1发布',
  `create_by` bigint(20) NULL DEFAULT NULL COMMENT '创建人',
  `create_time` datetime NULL DEFAULT CURRENT_TIMESTAMP COMMENT '创建时间',
  `update_time` datetime NULL DEFAULT CURRENT_TIMESTAMP ON UPDATE CURRENT_TIMESTAMP COMMENT '更新时间',
  PRIMARY KEY (`id`) USING BTREE,
  INDEX `idx_stage`(`stage`) USING BTREE
) ENGINE = InnoDB AUTO_INCREMENT = 4 CHARACTER SET = utf8mb4 COLLATE = utf8mb4_general_ci COMMENT = '课程表';

-- ----------------------------
-- Records of learn_course
-- ----------------------------
BEGIN;
INSERT INTO `learn_course` (`id`, `title`, `description`, `cover_image`, `stage`, `sort_order`, `status`, `create_by`, `create_time`, `update_time`) VALUES (1, '阶段一：基础构建期', '第1-8周，建立交易基础知识体系，包括K线技术、技术指标、基本面分析等', NULL, 1, 1, 1, 1, '2025-12-14 23:46:59', '2025-12-14 23:46:59'), (2, '阶段二：策略整合与实战期', '第9-16周，整合所学知识，建立交易系统，开始模拟实战', NULL, 2, 2, 1, 1, '2025-12-14 23:46:59', '2025-12-14 23:46:59'), (3, '阶段三：进阶与稳定期', '第17-24周，实盘交易，持续优化，追求稳定盈利', NULL, 3, 3, 1, 1, '2025-12-14 23:46:59', '2025-12-14 23:46:59');
COMMIT;

-- ----------------------------
-- Table structure for learn_material
-- ----------------------------
DROP TABLE IF EXISTS `learn_material`;
CREATE TABLE `learn_material`  (
  `id` bigint(20) NOT NULL AUTO_INCREMENT COMMENT '资料ID',
  `chapter_id` bigint(20) NOT NULL COMMENT '章节ID',
  `title` varchar(200) CHARACTER SET utf8mb4 COLLATE utf8mb4_general_ci NOT NULL COMMENT '资料标题',
  `description` varchar(500) CHARACTER SET utf8mb4 COLLATE utf8mb4_general_ci NULL DEFAULT NULL COMMENT '资料描述',
  `material_type` varchar(20) CHARACTER SET utf8mb4 COLLATE utf8mb4_general_ci NOT NULL COMMENT '资料类型：markdown/pdf/video/link',
  `content` longtext CHARACTER SET utf8mb4 COLLATE utf8mb4_general_ci NULL COMMENT '资料内容（markdown类型）',
  `file_url` varchar(500) CHARACTER SET utf8mb4 COLLATE utf8mb4_general_ci NULL DEFAULT NULL COMMENT '文件URL（pdf/video类型）',
  `link_url` varchar(500) CHARACTER SET utf8mb4 COLLATE utf8mb4_general_ci NULL DEFAULT NULL COMMENT '外部链接（link类型）',
  `sort_order` int(11) NULL DEFAULT 0 COMMENT '排序',
  `status` tinyint(4) NULL DEFAULT 1 COMMENT '状态：0禁用 1启用',
  `create_by` bigint(20) NULL DEFAULT NULL COMMENT '创建人',
  `create_time` datetime NULL DEFAULT CURRENT_TIMESTAMP COMMENT '创建时间',
  `update_time` datetime NULL DEFAULT CURRENT_TIMESTAMP ON UPDATE CURRENT_TIMESTAMP COMMENT '更新时间',
  PRIMARY KEY (`id`) USING BTREE,
  INDEX `idx_chapter_id`(`chapter_id`) USING BTREE
) ENGINE = InnoDB AUTO_INCREMENT = 25 CHARACTER SET = utf8mb4 COLLATE = utf8mb4_general_ci COMMENT = '学习资料表';

-- ----------------------------
-- Records of learn_material
-- ----------------------------
BEGIN;
INSERT INTO `learn_material` (`id`, `chapter_id`, `title`, `description`, `material_type`, `content`, `file_url`, `link_url`, `sort_order`, `status`, `create_by`, `create_time`, `update_time`) VALUES (1, 1, '常见的K线形态及其价格走势分析', '详细介绍18种常见K线形态，包括形态特征、价格走势预测和成功率统计', 'markdown', '# 常见的K线形态及其价格走势分析\r\n\r\n## 一、单根K线形态\r\n\r\n### 1. 锤子线（Hammer）\r\n\r\n:::candlestick hammer:::\r\n\r\n**形态特征**：下影线长度至少是实体的2倍，上影线很短或没有，出现在下跌趋势末端。\r\n\r\n**价格走势**：\r\n- 出现后通常预示下跌趋势可能反转\r\n- 多头开始入场，价格有望上涨\r\n- 需要后续阳线确认\r\n\r\n**成功率**：约60-65%（需配合成交量确认可提高至70%）\r\n\r\n---\r\n\r\n### 2. 倒锤子线（Inverted Hammer）\r\n\r\n:::candlestick inverted_hammer:::\r\n\r\n**形态特征**：上影线长度至少是实体的2倍，下影线很短或没有，出现在下跌趋势末端。\r\n\r\n**价格走势**：\r\n- 表明买方尝试推高价格\r\n- 若次日高开，确认反转信号\r\n- 可能开启上涨行情\r\n\r\n**成功率**：约55-60%\r\n\r\n---\r\n\r\n### 3. 上吊线（Hanging Man）\r\n\r\n:::candlestick hanging_man:::\r\n\r\n**形态特征**：与锤子线形态相同，但出现在上涨趋势末端。\r\n\r\n**价格走势**：\r\n- 预示上涨动能减弱\r\n- 空头开始试探性打压\r\n- 可能出现趋势反转下跌\r\n\r\n**成功率**：约55-60%\r\n\r\n---\r\n\r\n### 4. 射击之星（Shooting Star）\r\n\r\n:::candlestick shooting_star:::\r\n\r\n**形态特征**：上影线长，实体小，下影线很短或没有，出现在上涨趋势末端。\r\n\r\n**价格走势**：\r\n- 多头冲高后被空头打压\r\n- 强烈的见顶信号\r\n- 后续大概率下跌\r\n\r\n**成功率**：约65-70%\r\n\r\n---\r\n\r\n### 5. 十字星（Doji）\r\n\r\n:::candlestick doji:::\r\n\r\n**形态特征**：开盘价与收盘价几乎相等，形成十字形状。\r\n\r\n**价格走势**：\r\n- 表示多空力量均衡\r\n- 趋势可能发生转变\r\n- 需结合位置和后续K线判断方向\r\n\r\n**成功率**：约50%（单独使用意义不大，需配合其他信号）\r\n\r\n---\r\n\r\n### 6. 大阳线/大阴线\r\n\r\n:::candlestick bullish_candle:::\r\n\r\n**形态特征**：实体很长，影线很短。\r\n\r\n**价格走势**：\r\n- 大阳线：强烈看涨信号，多头占绝对优势\r\n- 大阴线：强烈看跌信号，空头占绝对优势\r\n- 通常预示趋势延续\r\n\r\n**成功率**：约70-75%（趋势延续）\r\n\r\n---\r\n\r\n## 二、双K线组合形态\r\n\r\n### 7. 看涨吞没（Bullish Engulfing）\r\n\r\n:::candlestick bullish_engulfing:::\r\n\r\n**形态特征**：第二根阳线实体完全包住第一根阴线实体，出现在下跌趋势中。\r\n\r\n**价格走势**：\r\n- 强烈的反转信号\r\n- 多头力量压倒空头\r\n- 后续上涨概率高\r\n\r\n**成功率**：约63-68%\r\n\r\n---\r\n\r\n### 8. 看跌吞没（Bearish Engulfing）\r\n\r\n:::candlestick bearish_engulfing:::\r\n\r\n**形态特征**：第二根阴线实体完全包住第一根阳线实体，出现在上涨趋势中。\r\n\r\n**价格走势**：\r\n- 强烈的见顶信号\r\n- 空头力量压倒多头\r\n- 后续下跌概率高\r\n\r\n**成功率**：约65-70%\r\n\r\n---\r\n\r\n### 9. 乌云盖顶（Dark Cloud Cover）\r\n\r\n:::candlestick dark_cloud_cover:::\r\n\r\n**形态特征**：第一根为大阳线，第二根阴线高开后收盘价深入阳线实体50%以上。\r\n\r\n**价格走势**：\r\n- 上涨趋势中的反转信号\r\n- 多头动能衰竭\r\n- 预示价格将下跌\r\n\r\n**成功率**：约60-65%\r\n\r\n---\r\n\r\n### 10. 刺透形态（Piercing Pattern）\r\n\r\n:::candlestick piercing_pattern:::\r\n\r\n**形态特征**：第一根为大阴线，第二根阳线低开后收盘价深入阴线实体50%以上。\r\n\r\n**价格走势**：\r\n- 下跌趋势中的反转信号\r\n- 空头动能衰竭\r\n- 预示价格将上涨\r\n\r\n**成功率**：约60-64%\r\n\r\n---\r\n\r\n### 11. 平头顶部/底部\r\n\r\n**形态特征**：两根或多根K线的最高价（顶部）或最低价（底部）几乎相等。\r\n\r\n**价格走势**：\r\n- 平头顶部：形成阻力，价格可能下跌\r\n- 平头底部：形成支撑，价格可能上涨\r\n\r\n**成功率**：约55-60%\r\n\r\n---\r\n\r\n## 三、三K线组合形态\r\n\r\n### 12. 早晨之星（Morning Star）\r\n\r\n:::candlestick morning_star:::\r\n\r\n**形态特征**：\r\n1. 第一根：大阴线\r\n2. 第二根：小实体（星线），向下跳空\r\n3. 第三根：大阳线，深入第一根阴线实体\r\n\r\n**价格走势**：\r\n- 经典的底部反转形态\r\n- 空头力量耗尽，多头接管\r\n- 后续上涨概率很高\r\n\r\n**成功率**：约70-78%\r\n\r\n---\r\n\r\n### 13. 黄昏之星（Evening Star）\r\n\r\n:::candlestick evening_star:::\r\n\r\n**形态特征**：\r\n1. 第一根：大阳线\r\n2. 第二根：小实体（星线），向上跳空\r\n3. 第三根：大阴线，深入第一根阳线实体\r\n\r\n**价格走势**：\r\n- 经典的顶部反转形态\r\n- 多头力量耗尽，空头接管\r\n- 后续下跌概率很高\r\n\r\n**成功率**：约72-79%\r\n\r\n---\r\n\r\n### 14. 三只乌鸦（Three Black Crows）\r\n\r\n:::candlestick three_black_crows:::\r\n\r\n**形态特征**：连续三根阴线，每根开盘价在前一根实体内，收盘价创新低。\r\n\r\n**价格走势**：\r\n- 强烈的看跌信号\r\n- 空头完全控制市场\r\n- 下跌趋势确立\r\n\r\n**成功率**：约75-80%\r\n\r\n---\r\n\r\n### 15. 红三兵（Three White Soldiers）\r\n\r\n:::candlestick three_white_soldiers:::\r\n\r\n**形态特征**：连续三根阳线，每根开盘价在前一根实体内，收盘价创新高。\r\n\r\n**价格走势**：\r\n- 强烈的看涨信号\r\n- 多头完全控制市场\r\n- 上涨趋势确立\r\n\r\n**成功率**：约70-75%\r\n\r\n---\r\n\r\n### 16. 三内升/三内降\r\n\r\n**形态特征**：\r\n- 三内升：看跌吞没后第三根阳线收盘高于第二根\r\n- 三内降：看涨吞没后第三根阴线收盘低于第二根\r\n\r\n**价格走势**：\r\n- 确认吞没形态的有效性\r\n- 增强反转信号的可靠性\r\n\r\n**成功率**：约65-70%\r\n\r\n---\r\n\r\n## 四、持续形态\r\n\r\n### 17. 上升三法（Rising Three Methods）\r\n\r\n**形态特征**：\r\n1. 一根大阳线\r\n2. 三根小阴线（在阳线范围内）\r\n3. 一根大阳线突破\r\n\r\n**价格走势**：\r\n- 上涨趋势中的整理形态\r\n- 整理后继续上涨\r\n- 是加仓的好时机\r\n\r\n**成功率**：约65-70%\r\n\r\n---\r\n\r\n### 18. 下降三法（Falling Three Methods）\r\n\r\n**形态特征**：\r\n1. 一根大阴线\r\n2. 三根小阳线（在阴线范围内）\r\n3. 一根大阴线突破\r\n\r\n**价格走势**：\r\n- 下跌趋势中的整理形态\r\n- 整理后继续下跌\r\n- 是做空的好时机\r\n\r\n**成功率**：约65-70%\r\n\r\n---\r\n\r\n## 五、K线形态成功率总结\r\n\r\n| 形态名称 | 类型 | 成功率 | 可靠性 |\r\n|---------|------|--------|--------|\r\n| 早晨之星 | 反转（看涨） | 70-78% | ⭐⭐⭐⭐⭐ |\r\n| 黄昏之星 | 反转（看跌） | 72-79% | ⭐⭐⭐⭐⭐ |\r\n| 三只乌鸦 | 反转（看跌） | 75-80% | ⭐⭐⭐⭐⭐ |\r\n| 红三兵 | 反转（看涨） | 70-75% | ⭐⭐⭐⭐ |\r\n| 射击之星 | 反转（看跌） | 65-70% | ⭐⭐⭐⭐ |\r\n| 看跌吞没 | 反转（看跌） | 65-70% | ⭐⭐⭐⭐ |\r\n| 看涨吞没 | 反转（看涨） | 63-68% | ⭐⭐⭐⭐ |\r\n| 上升/下降三法 | 持续 | 65-70% | ⭐⭐⭐⭐ |\r\n| 锤子线 | 反转（看涨） | 60-65% | ⭐⭐⭐ |\r\n| 乌云盖顶 | 反转（看跌） | 60-65% | ⭐⭐⭐ |\r\n| 刺透形态 | 反转（看涨） | 60-64% | ⭐⭐⭐ |\r\n| 倒锤子线 | 反转（看涨） | 55-60% | ⭐⭐⭐ |\r\n| 上吊线 | 反转（看跌） | 55-60% | ⭐⭐⭐ |\r\n| 十字星 | 不确定 | ~50% | ⭐⭐ |\r\n\r\n---\r\n\r\n## 六、提高K线形态成功率的方法\r\n\r\n### 1. 结合趋势判断\r\n\r\n- 顺势交易成功率更高\r\n- 反转形态需在明确趋势末端出现\r\n\r\n### 2. 配合成交量\r\n\r\n- 放量突破更可靠\r\n- 缩量反转需谨慎\r\n\r\n### 3. 关注关键位置\r\n\r\n- 支撑/阻力位出现的形态更有效\r\n- 整数关口的形态意义更大\r\n\r\n### 4. 多周期验证\r\n\r\n- 大周期形态优先级更高\r\n- 多周期共振信号更可靠\r\n\r\n### 5. 等待确认\r\n\r\n- 不要在形态完成前入场\r\n- 等待后续K线确认\r\n\r\n---\r\n\r\n## 七、重要提示\r\n\r\n1. **成功率仅供参考**：以上数据来源于历史统计，实际交易中会因市场环境、品种特性等因素有所不同。\r\n\r\n2. **不要单独使用K线形态**：应结合其他技术指标（均线、MACD、RSI等）和基本面分析。\r\n\r\n3. **严格止损**：即使是高成功率的形态也可能失败，必须设置止损保护资金。\r\n\r\n4. **仓位管理**：根据形态可靠性调整仓位大小，高可靠性形态可适当加大仓位。\r\n\r\n5. **持续学习**：在实盘中不断验证和总结，形成自己的交易系统。', NULL, NULL, 1, 1, 1, '2025-12-20 22:52:16', '2026-01-01 01:16:28'), (2, 2, '支撑阻力位识别与交易策略', '详解支撑阻力的形成原理、识别方法和实战交易策略', 'markdown', '# 支撑阻力位识别与交易策略\r\n\r\n## 一、支撑位与阻力位的本质\r\n\r\n### 1. 什么是支撑位\r\n\r\n**定义**：价格下跌过程中，买方力量集中的价格区域，能够阻止价格继续下跌。\r\n\r\n**形成原因**：\r\n- 前期低点：交易者记忆中的\"便宜价格\"\r\n- 整数关口：心理价位（如BTC的50000、60000）\r\n- 均线位置：MA20、MA50、MA200等\r\n- 斐波那契回撤位：38.2%、50%、61.8%\r\n\r\n### 2. 什么是阻力位\r\n\r\n**定义**：价格上涨过程中，卖方力量集中的价格区域，能够阻止价格继续上涨。\r\n\r\n**形成原因**：\r\n- 前期高点：套牢盘解套卖出\r\n- 整数关口：获利了结心理\r\n- 下降趋势线：技术性卖压\r\n- 前期成交密集区：筹码堆积\r\n\r\n---\r\n\r\n## 二、识别支撑阻力的方法\r\n\r\n### 1. 水平支撑阻力\r\n\r\n:::candlestick support_bounce:::\r\n\r\n**识别要点**：\r\n- 找出价格多次触及但未突破的水平线\r\n- 触及次数越多，该位置越重要\r\n- 时间跨度越长，有效性越强\r\n\r\n**有效性评估**：\r\n| 触及次数 | 时间跨度 | 有效性 |\r\n|---------|---------|--------|\r\n| 2次 | < 1周 | 弱 |\r\n| 3次 | 1-4周 | 中 |\r\n| 4次+ | > 1月 | 强 |\r\n\r\n### 2. 动态支撑阻力\r\n\r\n**常用均线**：\r\n- MA7/MA20：短期支撑阻力\r\n- MA50：中期趋势参考\r\n- MA200：长期牛熊分界线\r\n\r\n**使用技巧**：\r\n- 上涨趋势中，均线是支撑\r\n- 下跌趋势中，均线是阻力\r\n- 多条均线汇聚处更有效\r\n\r\n### 3. 趋势线支撑阻力\r\n\r\n**绘制规则**：\r\n- 上升趋势线：连接两个以上的低点\r\n- 下降趋势线：连接两个以上的高点\r\n- 至少需要3个触点才算有效\r\n\r\n---\r\n\r\n## 三、支撑阻力的转换\r\n\r\n### 核心原则：突破后角色互换\r\n\r\n:::candlestick support_to_resistance:::\r\n\r\n**支撑变阻力**：\r\n- 价格跌破支撑位后\r\n- 原支撑位变成新的阻力位\r\n- 反弹到该位置容易受阻\r\n\r\n**阻力变支撑**：\r\n- 价格突破阻力位后\r\n- 原阻力位变成新的支撑位\r\n- 回踩该位置容易获得支撑\r\n\r\n### 实战应用\r\n\r\n```\r\n突破买入策略：\r\n1. 价格突破阻力位\r\n2. 等待回踩确认（原阻力变支撑）\r\n3. 在支撑位附近入场做多\r\n4. 止损设在支撑位下方\r\n```\r\n\r\n---\r\n\r\n## 四、交易策略\r\n\r\n### 1. 支撑位做多策略\r\n\r\n:::candlestick support_bounce:::\r\n\r\n**入场条件**：\r\n- 价格回落到重要支撑位\r\n- 出现看涨K线形态（锤子线、吞没等）\r\n- 成交量萎缩后放量\r\n\r\n**止损设置**：支撑位下方1-2%\r\n\r\n**止盈目标**：前期高点或下一阻力位\r\n\r\n### 2. 阻力位做空策略\r\n\r\n:::candlestick resistance_rejection:::\r\n\r\n**入场条件**：\r\n- 价格上涨到重要阻力位\r\n- 出现看跌K线形态（射击之星、吞没等）\r\n- 上涨动能减弱\r\n\r\n**止损设置**：阻力位上方1-2%\r\n\r\n**止盈目标**：前期低点或下一支撑位\r\n\r\n### 3. 突破交易策略\r\n\r\n:::candlestick resistance_break:::\r\n\r\n**有效突破特征**：\r\n- 收盘价突破（非影线突破）\r\n- 突破时成交量放大\r\n- 突破幅度超过1-3%\r\n\r\n**假突破识别**：\r\n- 仅影线突破，收盘回到区间内\r\n- 突破时成交量萎缩\r\n- 快速回落到原区间\r\n\r\n---\r\n\r\n## 五、实战技巧\r\n\r\n### 1. 支撑阻力是区域而非精确点位\r\n\r\n- 不要期望价格精确触及某个价格\r\n- 应该将支撑阻力视为一个区域（±1-2%）\r\n- 在区域内分批建仓更安全\r\n\r\n### 2. 结合多重确认\r\n\r\n- 水平支撑 + 均线支撑 = 更强支撑\r\n- 阻力位 + 斐波那契位 = 更强阻力\r\n- 多重确认提高交易成功率\r\n\r\n### 3. 关注突破后的回踩\r\n\r\n- 真正的突破往往会有回踩确认\r\n- 回踩不破是最佳入场时机\r\n- 回踩跌破说明是假突破\r\n\r\n---\r\n\r\n## 六、常见错误\r\n\r\n1. **过度依赖单一支撑阻力**：应结合多个因素判断\r\n2. **忽视时间周期**：大周期的支撑阻力更重要\r\n3. **不设止损**：支撑阻力可能被突破，必须止损\r\n4. **追涨杀跌**：应该在支撑买入，在阻力卖出\r\n5. **频繁交易**：只在重要位置交易，减少噪音干扰', NULL, NULL, 1, 1, 1, '2025-12-20 23:56:13', '2026-01-01 01:16:28'), (3, 3, '移动平均线完全指南', '深入讲解均线原理、常用均线组合和实战交易系统', 'markdown', '# 移动平均线完全指南\r\n\r\n## 一、均线基础知识\r\n\r\n### 1. SMA vs EMA\r\n\r\n**简单移动平均线（SMA）**：\r\n- 计算方式：N日收盘价之和 ÷ N\r\n- 特点：平滑，反应较慢\r\n- 适用：判断长期趋势\r\n\r\n**指数移动平均线（EMA）**：\r\n- 计算方式：给近期价格更高权重\r\n- 特点：灵敏，反应较快\r\n- 适用：短期交易信号\r\n\r\n### 2. 常用均线周期\r\n\r\n| 周期 | 用途 | 适用场景 |\r\n|-----|------|---------|\r\n| MA7 | 超短期趋势 | 日内交易 |\r\n| MA20 | 短期趋势 | 波段交易 |\r\n| MA50 | 中期趋势 | 趋势跟踪 |\r\n| MA100 | 中长期趋势 | 趋势确认 |\r\n| MA200 | 长期趋势 | 牛熊分界 |\r\n\r\n---\r\n\r\n## 二、均线的核心用法\r\n\r\n### 1. 趋势判断\r\n\r\n**多头排列**：\r\n\r\n:::candlestick ma_bullish_alignment:::\r\n\r\n- MA7 > MA20 > MA50 > MA200\r\n- 价格在所有均线上方\r\n- 表示强势上涨趋势\r\n\r\n**空头排列**：\r\n- MA7 < MA20 < MA50 < MA200\r\n- 价格在所有均线下方\r\n- 表示强势下跌趋势\r\n\r\n### 2. 金叉与死叉\r\n\r\n**金叉（买入信号）**：\r\n\r\n:::candlestick ma_golden_cross:::\r\n\r\n- 短期均线上穿长期均线\r\n- 常用组合：MA7上穿MA20、MA20上穿MA50\r\n- 在零轴上方的金叉更可靠\r\n\r\n**死叉（卖出信号）**：\r\n\r\n:::candlestick ma_death_cross:::\r\n\r\n- 短期均线下穿长期均线\r\n- 常用组合：MA7下穿MA20、MA20下穿MA50\r\n- 在零轴下方的死叉更可靠\r\n\r\n### 3. 均线支撑与阻力\r\n\r\n**上涨趋势中**：\r\n\r\n:::candlestick ma_support:::\r\n\r\n- 均线是动态支撑\r\n- 价格回踩均线是买入机会\r\n- MA20是最常用的回踩均线\r\n\r\n**下跌趋势中**：\r\n- 均线是动态阻力\r\n- 价格反弹到均线是卖出机会\r\n- 反弹不过均线继续看跌\r\n\r\n---\r\n\r\n## 三、经典均线交易系统\r\n\r\n### 1. 双均线系统\r\n\r\n**参数设置**：MA20 + MA50\r\n\r\n**交易规则**：\r\n- MA20上穿MA50：买入\r\n- MA20下穿MA50：卖出\r\n- 价格在双均线上方持有\r\n\r\n**优点**：简单易执行\r\n**缺点**：震荡市假信号多\r\n\r\n### 2. 三均线系统\r\n\r\n**参数设置**：MA7 + MA20 + MA50\r\n\r\n**交易规则**：\r\n- 三线多头排列：做多\r\n- 三线空头排列：做空\r\n- MA7回踩MA20是加仓点\r\n\r\n### 3. 葛兰碧八大法则\r\n\r\n**四个买入信号**：\r\n1. 均线由下降转为走平或上升，价格从下方突破均线\r\n2. 价格跌破均线后快速回升突破均线\r\n3. 价格在均线上方回落但未跌破均线又上涨\r\n4. 价格跌破均线后远离均线，可能反弹\r\n\r\n**四个卖出信号**：\r\n1. 均线由上升转为走平或下降，价格从上方跌破均线\r\n2. 价格突破均线后快速回落跌破均线\r\n3. 价格在均线下方反弹但未突破均线又下跌\r\n4. 价格突破均线后远离均线，可能回调\r\n\r\n---\r\n\r\n## 四、均线的局限性\r\n\r\n### 1. 滞后性\r\n\r\n- 均线是滞后指标\r\n- 信号出现时趋势可能已走完一段\r\n- 解决方案：结合其他领先指标\r\n\r\n### 2. 震荡市失效\r\n\r\n- 横盘震荡时频繁金叉死叉\r\n- 产生大量假信号\r\n- 解决方案：加入趋势过滤条件\r\n\r\n### 3. 参数敏感\r\n\r\n- 不同参数效果差异大\r\n- 没有万能参数\r\n- 解决方案：根据品种和周期调整\r\n\r\n---\r\n\r\n## 五、实战建议\r\n\r\n1. **大周期定方向**：先看日线/周线均线排列\r\n2. **小周期找入场**：在4小时/1小时找具体入场点\r\n3. **均线+K线形态**：均线附近出现反转K线再入场\r\n4. **严格止损**：跌破关键均线止损出场\r\n5. **顺势交易**：只在均线多头排列时做多', NULL, NULL, 1, 1, 1, '2025-12-20 23:56:13', '2026-01-01 01:16:28'), (4, 4, 'MACD指标深度解析与实战应用', '全面讲解MACD的计算原理、信号识别和背离交易策略', 'markdown', '# MACD指标深度解析与实战应用\r\n\r\n## 一、MACD基础原理\r\n\r\n### 1. MACD的组成\r\n\r\n**DIF线（快线）**：\r\n- 计算：EMA12 - EMA26\r\n- 反映短期与中期趋势的差异\r\n- 快速反应价格变化\r\n\r\n**DEA线（慢线）**：\r\n- 计算：DIF的9日EMA\r\n- 对DIF进行平滑处理\r\n- 产生交叉信号\r\n\r\n**MACD柱状图**：\r\n- 计算：(DIF - DEA) × 2\r\n- 红柱：DIF > DEA，多头动能\r\n- 绿柱：DIF < DEA，空头动能\r\n\r\n### 2. 零轴的意义\r\n\r\n**零轴上方**：\r\n- DIF > 0，短期均线在长期均线上方\r\n- 市场处于多头趋势\r\n- 做多为主\r\n\r\n**零轴下方**：\r\n- DIF < 0，短期均线在长期均线下方\r\n- 市场处于空头趋势\r\n- 做空或观望\r\n\r\n---\r\n\r\n## 二、MACD交易信号\r\n\r\n### 1. 金叉与死叉\r\n\r\n**金叉买入信号**：\r\n\r\n:::candlestick macd_golden_cross:::\r\n\r\n- DIF上穿DEA\r\n- 零轴上方金叉：强势买入信号\r\n- 零轴下方金叉：弱势反弹信号\r\n\r\n**死叉卖出信号**：\r\n- DIF下穿DEA\r\n- 零轴下方死叉：强势卖出信号\r\n- 零轴上方死叉：弱势回调信号\r\n\r\n### 2. 柱状图信号\r\n\r\n**红柱变化**：\r\n- 红柱放大：多头动能增强\r\n- 红柱缩小：多头动能减弱\r\n- 红柱转绿：趋势可能反转\r\n\r\n**绿柱变化**：\r\n- 绿柱放大：空头动能增强\r\n- 绿柱缩小：空头动能减弱\r\n- 绿柱转红：趋势可能反转\r\n\r\n---\r\n\r\n## 三、MACD背离（核心技术）\r\n\r\n### 1. 顶背离（看跌信号）\r\n\r\n:::candlestick macd_top_divergence:::\r\n\r\n**定义**：价格创新高，但MACD未创新高\r\n\r\n**识别要点**：\r\n- 价格形成更高的高点\r\n- DIF或MACD柱形成更低的高点\r\n- 通常出现在上涨趋势末端\r\n\r\n**交易策略**：\r\n- 出现顶背离后减仓或平仓\r\n- 等待MACD死叉确认后做空\r\n- 止损设在新高上方\r\n\r\n**成功率**：约65-75%\r\n\r\n### 2. 底背离（看涨信号）\r\n\r\n:::candlestick macd_bottom_divergence:::\r\n\r\n**定义**：价格创新低，但MACD未创新低\r\n\r\n**识别要点**：\r\n- 价格形成更低的低点\r\n- DIF或MACD柱形成更高的低点\r\n- 通常出现在下跌趋势末端\r\n\r\n**交易策略**：\r\n- 出现底背离后关注买入机会\r\n- 等待MACD金叉确认后做多\r\n- 止损设在新低下方\r\n\r\n**成功率**：约60-70%\r\n\r\n### 3. 隐藏背离\r\n\r\n**隐藏顶背离**：\r\n- 价格形成更低的高点\r\n- MACD形成更高的高点\r\n- 预示下跌趋势延续\r\n\r\n**隐藏底背离**：\r\n- 价格形成更高的低点\r\n- MACD形成更低的低点\r\n- 预示上涨趋势延续\r\n\r\n---\r\n\r\n## 四、MACD实战技巧\r\n\r\n### 1. 多周期MACD分析\r\n\r\n**周线MACD**：\r\n- 判断大趋势方向\r\n- 金叉做多，死叉做空\r\n\r\n**日线MACD**：\r\n- 寻找入场时机\r\n- 与周线方向一致时入场\r\n\r\n**4小时MACD**：\r\n- 精确入场点位\r\n- 短线交易参考\r\n\r\n### 2. MACD + 其他指标\r\n\r\n**MACD + 均线**：\r\n- MACD金叉 + 价格站上MA20 = 强买入\r\n- MACD死叉 + 价格跌破MA20 = 强卖出\r\n\r\n**MACD + RSI**：\r\n- MACD底背离 + RSI超卖 = 高概率反转\r\n- MACD顶背离 + RSI超买 = 高概率见顶\r\n\r\n### 3. 柱状图缩头战法\r\n\r\n**红柱缩头**：\r\n- 红柱开始缩小\r\n- 预示上涨动能减弱\r\n- 可以考虑减仓\r\n\r\n**绿柱缩头**：\r\n- 绿柱开始缩小\r\n- 预示下跌动能减弱\r\n- 可以考虑建仓\r\n\r\n---\r\n\r\n## 五、MACD的局限性\r\n\r\n1. **滞后性**：信号出现时趋势可能已走完一段\r\n2. **震荡市失效**：横盘时频繁金叉死叉\r\n3. **背离不一定反转**：可能出现多次背离后才反转\r\n4. **参数固定**：默认参数不一定适合所有品种\r\n\r\n---\r\n\r\n## 六、MACD交易系统示例\r\n\r\n```\r\n入场条件：\r\n1. 周线MACD在零轴上方（大趋势向上）\r\n2. 日线MACD金叉\r\n3. 价格站上MA20\r\n4. 出现看涨K线形态\r\n\r\n出场条件：\r\n1. 日线MACD死叉\r\n2. 或价格跌破MA20\r\n3. 或达到目标止盈位\r\n\r\n止损设置：\r\n- 入场价下方2-3%\r\n- 或前期低点下方\r\n```', NULL, NULL, 1, 1, 1, '2025-12-20 23:56:13', '2026-01-01 01:16:29'), (5, 5, 'RSI与布林带实战指南', '详解RSI超买超卖、布林带突破策略及组合应用', 'markdown', '# RSI与布林带实战指南\r\n\r\n## 一、RSI指标详解\r\n\r\n### 1. RSI基础知识\r\n\r\n**计算公式**：\r\nRSI = 100 - 100/(1 + RS)\r\nRS = N日内上涨平均值 / N日内下跌平均值\r\n\r\n**常用参数**：\r\n- RSI(14)：最常用，平衡灵敏度和稳定性\r\n- RSI(7)：更灵敏，适合短线\r\n- RSI(21)：更稳定，适合中长线\r\n\r\n### 2. RSI区域划分\r\n\r\n| RSI值 | 区域 | 市场状态 |\r\n|------|------|---------|\r\n| > 80 | 极度超买 | 强烈卖出信号 |\r\n| 70-80 | 超买区 | 注意风险 |\r\n| 30-70 | 正常区 | 趋势延续 |\r\n| 20-30 | 超卖区 | 关注买入 |\r\n| < 20 | 极度超卖 | 强烈买入信号 |\r\n\r\n### 3. RSI交易信号\r\n\r\n**超买超卖策略**：\r\n\r\n:::candlestick rsi_oversold:::\r\n\r\n- RSI > 70 后回落跌破70：卖出信号\r\n- RSI < 30 后反弹突破30：买入信号\r\n- 注意：强势趋势中RSI可能长期超买/超卖\r\n\r\n**RSI背离**：\r\n- 价格新高，RSI未新高：顶背离，看跌\r\n- 价格新低，RSI未新低：底背离，看涨\r\n- 背离是RSI最有价值的信号\r\n\r\n**RSI中轴线**：\r\n- RSI > 50：多头占优\r\n- RSI < 50：空头占优\r\n- RSI突破/跌破50是趋势确认信号\r\n\r\n---\r\n\r\n## 二、布林带详解\r\n\r\n### 1. 布林带组成\r\n\r\n**中轨**：20日简单移动平均线（MA20）\r\n**上轨**：中轨 + 2倍标准差\r\n**下轨**：中轨 - 2倍标准差\r\n\r\n**带宽**：(上轨 - 下轨) / 中轨\r\n- 带宽收窄：波动率降低，即将突破\r\n- 带宽扩张：波动率增加，趋势形成\r\n\r\n### 2. 布林带形态\r\n\r\n**收口形态（Squeeze）**：\r\n\r\n:::candlestick bollinger_squeeze:::\r\n\r\n- 上下轨距离缩小\r\n- 表示市场处于盘整\r\n- 预示即将出现大行情\r\n\r\n**开口形态**：\r\n- 上下轨距离扩大\r\n- 表示趋势正在形成\r\n- 顺势交易的好时机\r\n\r\n**喇叭口形态**：\r\n- 上下轨急剧扩张\r\n- 表示波动剧烈\r\n- 注意风险控制\r\n\r\n### 3. 布林带交易策略\r\n\r\n**突破策略**：\r\n\r\n:::candlestick bollinger_breakout:::\r\n\r\n- 价格突破上轨：可能开启上涨趋势\r\n- 价格跌破下轨：可能开启下跌趋势\r\n- 需要成交量配合确认\r\n\r\n**回归策略**：\r\n- 价格触及上轨后回落：短线卖出\r\n- 价格触及下轨后反弹：短线买入\r\n- 适用于震荡市场\r\n\r\n**中轨策略**：\r\n- 价格站上中轨：看多\r\n- 价格跌破中轨：看空\r\n- 中轨是趋势分界线\r\n\r\n---\r\n\r\n## 三、RSI + 布林带组合策略\r\n\r\n### 1. 超卖 + 下轨买入\r\n\r\n**入场条件**：\r\n- RSI < 30（超卖）\r\n- 价格触及布林带下轨\r\n- 出现看涨K线形态\r\n\r\n**止损**：下轨下方1-2%\r\n**止盈**：中轨或上轨\r\n\r\n### 2. 超买 + 上轨卖出\r\n\r\n**入场条件**：\r\n- RSI > 70（超买）\r\n- 价格触及布林带上轨\r\n- 出现看跌K线形态\r\n\r\n**止损**：上轨上方1-2%\r\n**止盈**：中轨或下轨\r\n\r\n### 3. 背离 + 布林带确认\r\n\r\n**底部信号**：\r\n- RSI底背离\r\n- 价格在布林带下轨附近\r\n- 布林带开始收口\r\n\r\n**顶部信号**：\r\n- RSI顶背离\r\n- 价格在布林带上轨附近\r\n- 布林带开始收口\r\n\r\n---\r\n\r\n## 四、实战技巧\r\n\r\n### 1. RSI使用技巧\r\n\r\n- 强势上涨中，RSI可能长期在50-80区间\r\n- 强势下跌中，RSI可能长期在20-50区间\r\n- 不要机械地在70卖出、30买入\r\n- 结合趋势判断更重要\r\n\r\n### 2. 布林带使用技巧\r\n\r\n- 布林带收口后的突破方向很重要\r\n- 沿着上轨/下轨运行是强势信号\r\n- 价格回到中轨是趋势减弱信号\r\n- 假突破后往往反向运动\r\n\r\n### 3. 多周期分析\r\n\r\n- 大周期确定方向\r\n- 小周期寻找入场点\r\n- RSI和布林带在不同周期的共振更可靠\r\n\r\n---\r\n\r\n## 五、常见错误\r\n\r\n1. **逆势抄底摸顶**：超买可以更超买，超卖可以更超卖\r\n2. **忽视趋势**：震荡指标在趋势市中容易失效\r\n3. **单一指标决策**：应结合多个指标和K线形态\r\n4. **不设止损**：任何策略都可能失败\r\n5. **过度交易**：只在高概率信号出现时交易', NULL, NULL, 1, 1, 1, '2025-12-20 23:56:13', '2026-01-01 01:16:29'), (6, 6, '成交量分析与量价关系', '深入讲解成交量的意义、量价配合原则和实战应用', 'markdown', '# 成交量分析与量价关系\r\n\r\n## 一、成交量基础\r\n\r\n### 1. 成交量的意义\r\n\r\n**成交量代表**：\r\n- 市场参与度\r\n- 资金流入流出\r\n- 多空双方的博弈强度\r\n\r\n**核心原则**：\r\n- 量是价的先行指标\r\n- 没有成交量配合的价格变动不可靠\r\n- 成交量是验证趋势的重要工具\r\n\r\n### 2. 成交量的类型\r\n\r\n| 类型 | 特征 | 含义 |\r\n|-----|------|------|\r\n| 放量 | 成交量明显放大 | 市场活跃，趋势可能延续或反转 |\r\n| 缩量 | 成交量明显萎缩 | 市场观望，趋势可能减弱 |\r\n| 天量 | 历史级别大成交量 | 可能是阶段性顶部或底部 |\r\n| 地量 | 极度萎缩的成交量 | 可能是底部信号 |\r\n\r\n---\r\n\r\n## 二、量价关系核心法则\r\n\r\n### 1. 量价配合（健康趋势）\r\n\r\n**上涨放量**：\r\n\r\n:::candlestick volume_breakout:::\r\n\r\n- 价格上涨，成交量放大\r\n- 说明买方积极，上涨有支撑\r\n- 趋势健康，可以持有或加仓\r\n\r\n**下跌缩量**：\r\n\r\n:::candlestick volume_pullback:::\r\n\r\n- 价格下跌，成交量萎缩\r\n- 说明卖压不大，只是正常回调\r\n- 回调结束后可能继续上涨\r\n\r\n### 2. 量价背离（趋势警告）\r\n\r\n**上涨缩量**：\r\n- 价格上涨，成交量萎缩\r\n- 说明买方力量减弱\r\n- 上涨可能难以持续\r\n\r\n**下跌放量**：\r\n- 价格下跌，成交量放大\r\n- 说明卖压沉重\r\n- 下跌可能加速\r\n\r\n### 3. 特殊量价形态\r\n\r\n**天量天价**：\r\n\r\n:::candlestick volume_climax_top:::\r\n\r\n- 成交量创新高，价格也创新高\r\n- 可能是阶段性顶部\r\n- 主力可能在出货\r\n\r\n**地量地价**：\r\n- 成交量极度萎缩，价格处于低位\r\n- 可能是阶段性底部\r\n- 卖方力量耗尽\r\n\r\n---\r\n\r\n## 三、成交量形态分析\r\n\r\n### 1. 堆量\r\n\r\n**特征**：成交量逐步放大，形成\"量堆\"\r\n\r\n**含义**：\r\n- 上涨中堆量：主力在吸筹或拉升\r\n- 下跌中堆量：主力在出货\r\n\r\n### 2. 突放巨量\r\n\r\n**特征**：某一天成交量突然放大数倍\r\n\r\n**含义**：\r\n- 上涨中突放巨量：可能见顶\r\n- 下跌中突放巨量：可能见底（恐慌盘）\r\n- 需要结合位置判断\r\n\r\n### 3. 缩量整理\r\n\r\n**特征**：价格横盘，成交量持续萎缩\r\n\r\n**含义**：\r\n- 上涨后缩量整理：蓄势待涨\r\n- 下跌后缩量整理：可能筑底\r\n- 等待放量突破方向\r\n\r\n---\r\n\r\n## 四、成交量实战策略\r\n\r\n### 1. 放量突破买入\r\n\r\n**条件**：\r\n- 价格突破重要阻力位\r\n- 成交量明显放大（至少1.5倍以上）\r\n- 收盘价站稳突破位\r\n\r\n**操作**：\r\n- 突破当日或次日买入\r\n- 止损设在突破位下方\r\n- 目标看前期高点\r\n\r\n### 2. 缩量回踩买入\r\n\r\n**条件**：\r\n- 上涨趋势中的回调\r\n- 回调时成交量萎缩\r\n- 价格回到支撑位\r\n\r\n**操作**：\r\n- 在支撑位附近买入\r\n- 止损设在支撑位下方\r\n- 目标看前期高点\r\n\r\n### 3. 放量滞涨卖出\r\n\r\n**条件**：\r\n- 价格在高位\r\n- 成交量放大但价格不涨\r\n- 可能出现长上影线\r\n\r\n**操作**：\r\n- 减仓或清仓\r\n- 等待回调后再判断\r\n- 可能是主力出货\r\n\r\n---\r\n\r\n## 五、加密货币成交量特点\r\n\r\n### 1. 24小时交易\r\n\r\n- 没有开盘收盘概念\r\n- 成交量分布更均匀\r\n- 关注UTC时间的日成交量\r\n\r\n### 2. 多交易所分散\r\n\r\n- 成交量分散在多个交易所\r\n- 需要看聚合数据\r\n- 单一交易所数据可能失真\r\n\r\n### 3. 合约与现货\r\n\r\n- 合约成交量通常大于现货\r\n- 关注现货成交量更有参考价值\r\n- 合约成交量反映投机情绪\r\n\r\n---\r\n\r\n## 六、成交量指标\r\n\r\n### 1. OBV（能量潮）\r\n\r\n**计算**：\r\n- 上涨日：OBV = 前日OBV + 当日成交量\r\n- 下跌日：OBV = 前日OBV - 当日成交量\r\n\r\n**用法**：\r\n- OBV上升：资金流入\r\n- OBV下降：资金流出\r\n- OBV与价格背离是重要信号\r\n\r\n### 2. 成交量均线\r\n\r\n**常用参数**：5日、10日、20日\r\n\r\n**用法**：\r\n- 成交量 > 均线：放量\r\n- 成交量 < 均线：缩量\r\n- 均线金叉死叉判断量能趋势\r\n\r\n---\r\n\r\n## 七、实战要点\r\n\r\n1. **量在价先**：成交量变化往往领先于价格\r\n2. **突破看量**：有效突破必须有成交量配合\r\n3. **顶部放量**：高位放量要警惕\r\n4. **底部缩量**：低位缩量可能是底部\r\n5. **结合位置**：同样的量在不同位置含义不同', NULL, NULL, 1, 1, 1, '2025-12-20 23:56:13', '2026-01-01 01:16:29'), (7, 7, '加密货币基本面与消息面分析框架', '系统讲解影响加密货币的宏观因素、消息面解读和分析框架', 'markdown', '# 加密货币基本面与消息面分析框架\r\n\r\n## 一、宏观经济因素\r\n\r\n### 1. 美联储政策\r\n\r\n**利率决议**：\r\n- 加息：利空加密货币（资金流向传统市场）\r\n- 降息：利好加密货币（流动性增加）\r\n- 维持不变：看市场预期\r\n\r\n**量化宽松/紧缩**：\r\n- QE（印钱）：利好加密货币\r\n- QT（缩表）：利空加密货币\r\n\r\n**关注时间**：\r\n- FOMC会议（每年8次）\r\n- 美联储主席讲话\r\n- 会议纪要发布\r\n\r\n### 2. 美元指数（DXY）\r\n\r\n**负相关关系**：\r\n- DXY上涨 → BTC通常下跌\r\n- DXY下跌 → BTC通常上涨\r\n\r\n**关注要点**：\r\n- DXY突破关键位置\r\n- DXY与BTC的背离\r\n- 美元强弱周期\r\n\r\n### 3. 美股走势\r\n\r\n**正相关关系**：\r\n- 纳斯达克与BTC高度相关\r\n- 美股大跌时BTC通常跟跌\r\n- 风险偏好影响两者\r\n\r\n**关注指标**：\r\n- 纳斯达克指数\r\n- 标普500指数\r\n- VIX恐慌指数\r\n\r\n### 4. 重要经济数据\r\n\r\n| 数据 | 发布时间 | 影响 |\r\n|-----|---------|------|\r\n| CPI通胀 | 每月中旬 | 高通胀利好BTC |\r\n| 非农就业 | 每月第一个周五 | 影响美联储决策 |\r\n| GDP | 每季度 | 经济健康度 |\r\n| PMI | 每月初 | 经济景气度 |\r\n\r\n---\r\n\r\n## 二、加密货币行业因素\r\n\r\n### 1. 监管政策\r\n\r\n**利好消息**：\r\n- ETF获批\r\n- 国家承认合法地位\r\n- 机构入场政策放开\r\n\r\n**利空消息**：\r\n- 交易所被起诉\r\n- 国家禁止交易\r\n- 稳定币监管收紧\r\n\r\n**关注地区**：\r\n- 美国SEC/CFTC动态\r\n- 中国政策变化\r\n- 欧盟MiCA法规\r\n\r\n### 2. 技术发展\r\n\r\n**比特币**：\r\n- 减半事件（约4年一次）\r\n- 闪电网络发展\r\n- Taproot等升级\r\n\r\n**以太坊**：\r\n- 合并（PoS转型）\r\n- Layer2发展\r\n- EIP提案\r\n\r\n### 3. 机构动态\r\n\r\n**关注对象**：\r\n- MicroStrategy持仓变化\r\n- 灰度GBTC流入流出\r\n- 贝莱德等传统机构动态\r\n\r\n**影响分析**：\r\n- 机构买入：长期利好\r\n- 机构卖出：短期利空\r\n- 新机构入场：市场信心增强\r\n\r\n---\r\n\r\n## 三、消息面分析框架\r\n\r\n### 1. 消息分类\r\n\r\n**按影响程度**：\r\n- 重大消息：ETF、减半、重大监管\r\n- 中等消息：交易所上币、合作公告\r\n- 轻微消息：日常新闻、小项目动态\r\n\r\n**按时效性**：\r\n- 突发消息：需要快速反应\r\n- 预期消息：提前布局\r\n- 长期趋势：影响大方向\r\n\r\n### 2. 消息解读原则\r\n\r\n**买预期，卖事实**：\r\n- 利好消息公布前上涨\r\n- 消息落地后可能回调\r\n- 典型案例：ETF获批前后\r\n\r\n**市场已经Price In**：\r\n- 预期内的消息影响有限\r\n- 超预期的消息影响大\r\n- 关注市场预期差\r\n\r\n**消息的持续性**：\r\n- 一次性消息：影响短暂\r\n- 持续性消息：影响深远\r\n- 判断消息的长期影响\r\n\r\n### 3. 消息来源\r\n\r\n**官方渠道**：\r\n- 项目官方Twitter/Blog\r\n- 交易所公告\r\n- 监管机构官网\r\n\r\n**媒体渠道**：\r\n- CoinDesk、The Block\r\n- 彭博社、路透社\r\n- 中文媒体：金色财经等\r\n\r\n**社交媒体**：\r\n- Twitter加密KOL\r\n- Reddit、Discord社区\r\n- 注意辨别真假消息\r\n\r\n---\r\n\r\n## 四、建立分析框架\r\n\r\n### 1. 每日分析清单\r\n\r\n```\r\n□ 美股期货/亚盘表现\r\n□ DXY走势\r\n□ 重要经济数据发布\r\n□ 加密货币新闻头条\r\n□ 链上数据异常\r\n□ 社交媒体情绪\r\n```\r\n\r\n### 2. 每周分析清单\r\n\r\n```\r\n□ 美联储官员讲话\r\n□ 重要经济数据回顾\r\n□ 监管政策动态\r\n□ 机构持仓变化\r\n□ 技术发展进展\r\n□ 市场情绪指标\r\n```\r\n\r\n### 3. 消息影响评估\r\n\r\n**评估维度**：\r\n1. 消息真实性（来源可靠吗？）\r\n2. 影响范围（整个市场还是单个币种？）\r\n3. 影响时长（短期还是长期？）\r\n4. 市场预期（是否已经Price In？）\r\n5. 当前位置（高位利好还是低位利好？）\r\n\r\n---\r\n\r\n## 五、实战建议\r\n\r\n### 1. 不要追消息\r\n\r\n- 消息出来时往往已经晚了\r\n- 主力可能借消息出货\r\n- 等待市场消化后再决策\r\n\r\n### 2. 技术面优先\r\n\r\n- 消息面辅助判断\r\n- 技术面决定入场点\r\n- 两者结合效果最好\r\n\r\n### 3. 建立信息渠道\r\n\r\n- 关注可靠的信息源\r\n- 过滤噪音信息\r\n- 培养信息敏感度\r\n\r\n### 4. 记录和复盘\r\n\r\n- 记录重要消息和市场反应\r\n- 总结消息与价格的关系\r\n- 提高消息解读能力', NULL, NULL, 1, 1, 1, '2025-12-20 23:56:13', '2025-12-20 23:56:13'), (8, 8, '链上数据分析入门指南', '系统介绍链上数据类型、常用指标和分析工具', 'markdown', '# 链上数据分析入门指南\r\n\r\n## 一、链上数据概述\r\n\r\n### 1. 什么是链上数据\r\n\r\n**定义**：记录在区块链上的所有交易和地址信息\r\n\r\n**特点**：\r\n- 公开透明：任何人都可以查看\r\n- 不可篡改：数据真实可靠\r\n- 实时更新：反映最新市场动态\r\n\r\n**价值**：\r\n- 了解大户/机构动向\r\n- 判断市场供需关系\r\n- 预测价格走势\r\n\r\n### 2. 链上数据类型\r\n\r\n| 类型 | 内容 | 用途 |\r\n|-----|------|------|\r\n| 交易数据 | 转账记录、交易量 | 判断市场活跃度 |\r\n| 地址数据 | 持币地址、活跃地址 | 判断用户增长 |\r\n| 交易所数据 | 流入流出、余额 | 判断买卖压力 |\r\n| 矿工数据 | 算力、持仓 | 判断矿工行为 |\r\n| 巨鲸数据 | 大户持仓、转账 | 跟踪聪明钱 |\r\n\r\n---\r\n\r\n## 二、核心链上指标\r\n\r\n### 1. 交易所流入流出\r\n\r\n**交易所净流入**：\r\n- 净流入 > 0：币流入交易所，可能卖出，利空\r\n- 净流入 < 0：币流出交易所，可能囤币，利好\r\n\r\n**关注要点**：\r\n- 大额流入可能预示抛压\r\n- 持续流出表示长期持有意愿\r\n- 结合价格位置判断\r\n\r\n### 2. 交易所余额\r\n\r\n**余额变化**：\r\n- 余额增加：潜在卖压增加\r\n- 余额减少：潜在卖压减少\r\n\r\n**历史对比**：\r\n- 当前余额 vs 历史高点\r\n- 余额占总供应量比例\r\n- 长期趋势判断\r\n\r\n### 3. 活跃地址数\r\n\r\n**定义**：每日参与交易的唯一地址数量\r\n\r\n**解读**：\r\n- 活跃地址增加：网络使用增加，利好\r\n- 活跃地址减少：网络活跃度下降\r\n- 与价格背离是重要信号\r\n\r\n### 4. 新增地址数\r\n\r\n**定义**：每日新创建的地址数量\r\n\r\n**解读**：\r\n- 新增地址增加：新用户入场\r\n- 新增地址减少：市场热度下降\r\n- 牛市通常伴随新增地址激增\r\n\r\n---\r\n\r\n## 三、高级链上指标\r\n\r\n### 1. MVRV比率\r\n\r\n**计算**：市值 / 已实现市值\r\n\r\n**解读**：\r\n- MVRV > 3.5：市场过热，可能见顶\r\n- MVRV < 1：市场低估，可能见底\r\n- MVRV = 1：市值等于成本价\r\n\r\n**历史数据**：\r\n- 2017年顶部：MVRV ≈ 4.5\r\n- 2021年顶部：MVRV ≈ 3.5\r\n- 熊市底部：MVRV ≈ 0.8-1\r\n\r\n### 2. SOPR（支出产出利润率）\r\n\r\n**计算**：卖出价格 / 买入价格\r\n\r\n**解读**：\r\n- SOPR > 1：卖出者盈利\r\n- SOPR < 1：卖出者亏损\r\n- SOPR = 1：盈亏平衡点\r\n\r\n**应用**：\r\n- 牛市中SOPR回落到1是买入机会\r\n- 熊市中SOPR反弹到1是卖出机会\r\n\r\n### 3. NUPL（未实现净盈亏）\r\n\r\n**计算**：(市值 - 已实现市值) / 市值\r\n\r\n**解读**：\r\n- NUPL > 0.75：极度贪婪，可能见顶\r\n- NUPL 0.5-0.75：乐观\r\n- NUPL 0.25-0.5：希望\r\n- NUPL 0-0.25：焦虑\r\n- NUPL < 0：投降，可能见底\r\n\r\n### 4. 长期持有者供应量\r\n\r\n**定义**：持币超过155天的地址持有量\r\n\r\n**解读**：\r\n- LTH供应增加：长期看好，利好\r\n- LTH供应减少：长期持有者卖出，利空\r\n- LTH行为往往领先于价格\r\n\r\n---\r\n\r\n## 四、巨鲸追踪\r\n\r\n### 1. 巨鲸定义\r\n\r\n**比特币**：\r\n- 持有 > 1000 BTC：巨鲸\r\n- 持有 > 10000 BTC：超级巨鲸\r\n\r\n**以太坊**：\r\n- 持有 > 10000 ETH：巨鲸\r\n\r\n### 2. 巨鲸行为分析\r\n\r\n**巨鲸买入信号**：\r\n- 大额从交易所流出\r\n- 巨鲸地址余额增加\r\n- 新巨鲸地址出现\r\n\r\n**巨鲸卖出信号**：\r\n- 大额流入交易所\r\n- 巨鲸地址余额减少\r\n- 休眠地址激活\r\n\r\n### 3. 追踪工具\r\n\r\n- Whale Alert（Twitter）\r\n- Glassnode巨鲸指标\r\n- Santiment巨鲸追踪\r\n\r\n---\r\n\r\n## 五、链上数据工具\r\n\r\n### 1. 免费工具\r\n\r\n| 工具 | 网址 | 特点 |\r\n|-----|------|------|\r\n| Glassnode | glassnode.com | 专业全面 |\r\n| CryptoQuant | cryptoquant.com | 交易所数据强 |\r\n| Santiment | santiment.net | 社交+链上 |\r\n| IntoTheBlock | intotheblock.com | 可视化好 |\r\n\r\n### 2. 使用建议\r\n\r\n**入门阶段**：\r\n- 先熟悉2-3个核心指标\r\n- 每日观察交易所流入流出\r\n- 关注MVRV和SOPR\r\n\r\n**进阶阶段**：\r\n- 建立自己的指标组合\r\n- 结合技术分析使用\r\n- 开发自己的分析框架\r\n\r\n---\r\n\r\n## 六、链上分析实战\r\n\r\n### 1. 判断市场周期\r\n\r\n**牛市特征**：\r\n- 交易所余额持续下降\r\n- 活跃地址持续增加\r\n- MVRV > 2\r\n- 长期持有者开始卖出\r\n\r\n**熊市特征**：\r\n- 交易所余额增加\r\n- 活跃地址减少\r\n- MVRV < 1\r\n- 长期持有者持续买入\r\n\r\n### 2. 寻找买卖点\r\n\r\n**买入信号**：\r\n- 交易所大额流出\r\n- MVRV接近1\r\n- SOPR < 1后反弹\r\n- 巨鲸开始买入\r\n\r\n**卖出信号**：\r\n- 交易所大额流入\r\n- MVRV > 3\r\n- SOPR持续 > 1\r\n- 巨鲸开始卖出\r\n\r\n### 3. 注意事项\r\n\r\n1. **链上数据有滞后性**：不适合短线交易\r\n2. **需要结合其他分析**：不能单独使用\r\n3. **数据可能被操纵**：大户可能故意制造假象\r\n4. **不同周期参考不同指标**：灵活运用\r\n5. **持续学习更新**：链上分析在不断发展', NULL, NULL, 1, 1, 1, '2025-12-20 23:56:13', '2025-12-20 23:56:13'), (9, 9, '交易系统构建完全指南', '系统讲解交易系统的组成要素、设计原则和构建方法', 'markdown', '# 交易系统构建完全指南\r\n\r\n## 一、什么是交易系统\r\n\r\n### 1. 定义\r\n\r\n**交易系统**：一套完整的、可执行的交易规则集合，包括市场选择、入场、出场、仓位管理和风险控制。\r\n\r\n**核心特点**：\r\n- 规则明确：每个决策都有明确标准\r\n- 可重复执行：不依赖主观判断\r\n- 可量化验证：能够回测和统计\r\n\r\n### 2. 为什么需要交易系统\r\n\r\n**没有系统的问题**：\r\n- 情绪化交易\r\n- 决策不一致\r\n- 无法复盘改进\r\n- 长期难以盈利\r\n\r\n**有系统的优势**：\r\n- 克服人性弱点\r\n- 保持交易一致性\r\n- 可以持续优化\r\n- 实现稳定盈利\r\n\r\n---\r\n\r\n## 二、交易系统的五大要素\r\n\r\n### 1. 市场选择\r\n\r\n**选择标准**：\r\n- 流动性好（BTC、ETH等主流币）\r\n- 波动适中（太小无利润，太大风险高）\r\n- 自己熟悉的品种\r\n\r\n**建议**：\r\n- 新手专注1-2个品种\r\n- 深入了解品种特性\r\n- 不要频繁切换\r\n\r\n### 2. 入场信号\r\n\r\n**技术面入场**：\r\n\r\n:::candlestick hammer:::\r\n\r\n- K线形态（锤子线、吞没等）\r\n- 指标信号（MACD金叉、RSI超卖等）\r\n- 突破信号（阻力突破、趋势线突破）\r\n\r\n**入场规则示例**：\r\n```\r\n做多入场条件（全部满足）：\r\n1. 日线MA20 > MA50（趋势向上）\r\n2. 价格回踩MA20获得支撑\r\n3. 4小时MACD金叉\r\n4. 出现看涨K线形态\r\n```\r\n\r\n### 3. 出场信号\r\n\r\n**止盈出场**：\r\n- 固定目标位（如2R、3R）\r\n- 技术位止盈（前高、阻力位）\r\n- 移动止盈（跟踪止损）\r\n\r\n**止损出场**：\r\n- 固定止损（入场价下方2%）\r\n- 技术位止损（支撑位下方）\r\n- 时间止损（持仓超过N天未盈利）\r\n\r\n**出场规则示例**：\r\n```\r\n出场条件（满足任一）：\r\n1. 价格达到2倍风险收益（2R）\r\n2. 价格跌破MA20\r\n3. 4小时MACD死叉\r\n4. 止损价触发\r\n```\r\n\r\n### 4. 仓位管理\r\n\r\n**固定比例法**：\r\n- 每笔交易风险固定为总资金的1-2%\r\n- 根据止损距离计算仓位大小\r\n\r\n**仓位计算公式**：\r\n```\r\n仓位 = (总资金 × 风险比例) / 止损金额\r\n例：10000U × 2% / 100U = 2U仓位\r\n```\r\n\r\n### 5. 风险控制\r\n\r\n**单笔风险**：不超过总资金的2%\r\n**总仓位**：不超过总资金的30%\r\n**相关性**：避免同时持有高相关品种\r\n**最大回撤**：设定最大可接受回撤（如20%）\r\n\r\n---\r\n\r\n## 三、交易系统设计原则\r\n\r\n### 1. 简单有效\r\n\r\n- 规则越简单越好执行\r\n- 3-5个条件足够\r\n- 复杂不等于有效\r\n\r\n### 2. 顺势而为\r\n\r\n- 大趋势方向交易\r\n- 不要逆势抄底摸顶\r\n- 趋势是最好的朋友\r\n\r\n### 3. 严格止损\r\n\r\n- 每笔交易必须有止损\r\n- 止损后不要后悔\r\n- 小亏是交易的一部分\r\n\r\n### 4. 让利润奔跑\r\n\r\n- 不要过早止盈\r\n- 使用移动止损\r\n- 盈亏比至少1:2\r\n\r\n### 5. 可执行性\r\n\r\n- 规则必须明确无歧义\r\n- 自己能够严格执行\r\n- 不需要盯盘的更好\r\n\r\n---\r\n\r\n## 四、交易系统示例\r\n\r\n### 趋势跟踪系统\r\n\r\n```\r\n【市场】BTC/USDT 4小时图\r\n\r\n【入场条件】\r\n1. MA20 > MA50 > MA100（多头排列）\r\n2. 价格回踩MA20不破\r\n3. RSI > 50\r\n4. 出现看涨K线（锤子线/吞没）\r\n\r\n【出场条件】\r\n止盈：价格达到前期高点或2R\r\n止损：MA20下方1%\r\n\r\n【仓位】\r\n单笔风险2%，根据止损计算仓位\r\n\r\n【执行频率】\r\n每4小时检查一次信号\r\n```\r\n\r\n---\r\n\r\n## 五、系统验证与优化\r\n\r\n### 1. 回测验证\r\n\r\n- 使用历史数据测试\r\n- 至少100笔交易样本\r\n- 统计胜率、盈亏比、最大回撤\r\n\r\n### 2. 模拟交易\r\n\r\n- 用模拟盘验证\r\n- 至少1个月时间\r\n- 记录每笔交易\r\n\r\n### 3. 小资金实盘\r\n\r\n- 用小资金验证\r\n- 观察实盘与回测差异\r\n- 逐步增加资金\r\n\r\n### 4. 持续优化\r\n\r\n- 定期复盘交易记录\r\n- 找出系统弱点\r\n- 小幅调整优化\r\n\r\n---\r\n\r\n## 六、常见错误\r\n\r\n1. **过度优化**：针对历史数据过度拟合\r\n2. **频繁修改**：系统还没验证就修改\r\n3. **不执行系统**：有系统但不遵守\r\n4. **追求完美**：没有100%胜率的系统\r\n5. **忽视风控**：只关注入场不关注风险', NULL, NULL, 1, 1, 1, '2025-12-21 00:09:40', '2026-01-01 01:16:29'), (10, 10, '交易风险管理完全手册', '深入讲解风险管理原则、仓位计算和止损策略', 'markdown', '# 交易风险管理完全手册\r\n\r\n## 一、风险管理的重要性\r\n\r\n### 1. 为什么风险管理最重要\r\n\r\n**残酷的数学**：\r\n- 亏损50%需要盈利100%才能回本\r\n- 亏损90%需要盈利900%才能回本\r\n- 保住本金是第一要务\r\n\r\n**职业交易员的共识**：\r\n- 风险管理 > 入场技术\r\n- 活下来才能等到机会\r\n- 长期盈利靠的是风控\r\n\r\n### 2. 风险的类型\r\n\r\n| 类型 | 描述 | 应对方法 |\r\n|-----|------|---------|\r\n| 市场风险 | 价格波动带来的亏损 | 止损、仓位控制 |\r\n| 流动性风险 | 无法按预期价格成交 | 选择流动性好的品种 |\r\n| 系统性风险 | 整个市场崩盘 | 分散投资、控制总仓位 |\r\n| 操作风险 | 人为失误 | 规范操作流程 |\r\n| 黑天鹅风险 | 极端事件 | 永远不要满仓 |\r\n\r\n---\r\n\r\n## 二、仓位管理\r\n\r\n### 1. 固定金额法\r\n\r\n**方法**：每笔交易投入固定金额\r\n\r\n**示例**：\r\n- 总资金：10000U\r\n- 每笔投入：1000U（10%）\r\n- 优点：简单易执行\r\n- 缺点：没有考虑止损距离\r\n\r\n### 2. 固定比例法（推荐）\r\n\r\n**方法**：每笔交易风险固定为总资金的一定比例\r\n\r\n**计算公式**：\r\n```\r\n仓位大小 = (总资金 × 风险比例) / (入场价 - 止损价)\r\n\r\n示例：\r\n总资金：10000U\r\n风险比例：2%（200U）\r\n入场价：50000\r\n止损价：49000（2%止损）\r\n仓位 = 200 / 1000 = 0.2 BTC\r\n```\r\n\r\n**推荐风险比例**：\r\n- 保守：1%\r\n- 标准：2%\r\n- 激进：3%（不推荐超过）\r\n\r\n### 3. 凯利公式\r\n\r\n**公式**：f = (bp - q) / b\r\n\r\n其中：\r\n- f = 最优仓位比例\r\n- b = 盈亏比\r\n- p = 胜率\r\n- q = 败率（1-p）\r\n\r\n**示例**：\r\n- 胜率50%，盈亏比2:1\r\n- f = (2×0.5 - 0.5) / 2 = 25%\r\n- 实际使用建议取1/2或1/4凯利值\r\n\r\n---\r\n\r\n## 三、止损策略\r\n\r\n### 1. 固定百分比止损\r\n\r\n**方法**：入场价下方固定百分比\r\n\r\n**常用设置**：\r\n- 短线：1-2%\r\n- 波段：3-5%\r\n- 长线：5-10%\r\n\r\n**优点**：简单明确\r\n**缺点**：可能被正常波动扫损\r\n\r\n### 2. 技术位止损\r\n\r\n:::candlestick support_break:::\r\n\r\n**方法**：根据技术分析设置止损\r\n\r\n**常用位置**：\r\n- 前期低点下方\r\n- 支撑位下方\r\n- 均线下方\r\n- 趋势线下方\r\n\r\n**优点**：更合理\r\n**缺点**：止损距离不固定\r\n\r\n### 3. ATR止损\r\n\r\n**方法**：使用ATR（平均真实波幅）设置止损\r\n\r\n**计算**：\r\n- 止损 = 入场价 - N × ATR\r\n- N通常取1.5-3\r\n\r\n**优点**：适应市场波动\r\n**缺点**：需要计算\r\n\r\n### 4. 移动止损（跟踪止损）\r\n\r\n**方法**：随着盈利移动止损位\r\n\r\n**策略**：\r\n- 盈利1R后，止损移到成本价\r\n- 盈利2R后，止损移到1R位置\r\n- 持续跟踪保护利润\r\n\r\n---\r\n\r\n## 四、止盈策略\r\n\r\n### 1. 固定盈亏比止盈\r\n\r\n**方法**：设定固定的盈亏比目标\r\n\r\n**常用设置**：\r\n- 保守：1.5:1\r\n- 标准：2:1\r\n- 激进：3:1\r\n\r\n### 2. 分批止盈\r\n\r\n**方法**：分多次止盈\r\n\r\n**示例**：\r\n- 1R时平仓1/3\r\n- 2R时平仓1/3\r\n- 剩余1/3跟踪止损\r\n\r\n**优点**：锁定部分利润，保留上涨空间\r\n\r\n### 3. 技术位止盈\r\n\r\n**方法**：在技术阻力位止盈\r\n\r\n**常用位置**：\r\n- 前期高点\r\n- 斐波那契扩展位\r\n- 整数关口\r\n\r\n---\r\n\r\n## 五、资金管理规则\r\n\r\n### 1. 单笔风险控制\r\n\r\n- 单笔亏损不超过总资金2%\r\n- 连续亏损后降低仓位\r\n- 盈利后可适当增加仓位\r\n\r\n### 2. 总仓位控制\r\n\r\n- 总仓位不超过30-50%\r\n- 单一品种不超过20%\r\n- 保留现金应对机会\r\n\r\n### 3. 回撤控制\r\n\r\n- 设定最大回撤线（如20%）\r\n- 达到回撤线暂停交易\r\n- 复盘后再重新开始\r\n\r\n### 4. 盈利保护\r\n\r\n- 盈利后提取部分利润\r\n- 不要把所有盈利再投入\r\n- 建立安全垫\r\n\r\n---\r\n\r\n## 六、风险管理清单\r\n\r\n### 交易前检查\r\n\r\n```\r\n□ 止损位置是否明确？\r\n□ 仓位大小是否合理？\r\n□ 单笔风险是否在2%以内？\r\n□ 总仓位是否在控制范围？\r\n□ 是否有足够的风险回报比？\r\n```\r\n\r\n### 交易中检查\r\n\r\n```\r\n□ 是否严格执行止损？\r\n□ 是否过早止盈？\r\n□ 是否追加仓位？\r\n□ 情绪是否稳定？\r\n```\r\n\r\n### 交易后复盘\r\n\r\n```\r\n□ 是否遵守了交易计划？\r\n□ 风险控制是否到位？\r\n□ 有什么可以改进的？\r\n```\r\n\r\n---\r\n\r\n## 七、实战建议\r\n\r\n1. **永远使用止损**：没有止损的交易是赌博\r\n2. **控制单笔风险**：2%是黄金法则\r\n3. **不要加仓摊平**：亏损时加仓是大忌\r\n4. **保持耐心**：等待高概率机会\r\n5. **接受亏损**：亏损是交易的一部分\r\n6. **持续学习**：风险管理需要不断完善', NULL, NULL, 1, 1, 1, '2025-12-21 00:09:40', '2026-01-01 01:16:29'), (11, 11, '趋势跟随交易策略详解', '系统讲解趋势跟随的核心理念、识别方法和交易系统', 'markdown', '# 趋势跟随交易策略详解\r\n\r\n## 一、趋势跟随的核心理念\r\n\r\n### 1. 什么是趋势跟随\r\n\r\n**定义**：识别市场趋势方向，顺势建仓，持有直到趋势结束\r\n\r\n**核心思想**：\r\n- 趋势一旦形成，倾向于延续\r\n- 不预测顶底，只跟随趋势\r\n- 截断亏损，让利润奔跑\r\n\r\n### 2. 趋势跟随的优势\r\n\r\n- 不需要预测市场\r\n- 能够捕捉大行情\r\n- 规则明确易执行\r\n- 长期期望值为正\r\n\r\n### 3. 趋势跟随的挑战\r\n\r\n- 震荡市会频繁止损\r\n- 需要承受回撤\r\n- 胜率通常不高（30-40%）\r\n- 需要耐心等待趋势\r\n\r\n---\r\n\r\n## 二、趋势的识别\r\n\r\n### 1. 道氏理论定义\r\n\r\n**上升趋势**：\r\n- 高点不断抬高\r\n- 低点不断抬高\r\n- 形成上升通道\r\n\r\n**下降趋势**：\r\n- 高点不断降低\r\n- 低点不断降低\r\n- 形成下降通道\r\n\r\n### 2. 均线判断法\r\n\r\n**多头趋势**：\r\n\r\n:::candlestick ma_bullish_alignment:::\r\n\r\n- 价格 > MA20 > MA50 > MA200\r\n- 均线多头排列\r\n- 均线向上发散\r\n\r\n**空头趋势**：\r\n- 价格 < MA20 < MA50 < MA200\r\n- 均线空头排列\r\n- 均线向下发散\r\n\r\n### 3. 趋势线判断法\r\n\r\n**上升趋势线**：\r\n- 连接两个以上低点\r\n- 价格在趋势线上方运行\r\n- 趋势线被有效跌破则趋势结束\r\n\r\n**下降趋势线**：\r\n- 连接两个以上高点\r\n- 价格在趋势线下方运行\r\n- 趋势线被有效突破则趋势结束\r\n\r\n---\r\n\r\n## 三、经典趋势跟随策略\r\n\r\n### 1. 海龟交易法则\r\n\r\n**入场规则**：\r\n\r\n:::candlestick resistance_break:::\r\n\r\n- 突破20日最高价做多\r\n- 突破20日最低价做空\r\n\r\n**出场规则**：\r\n- 跌破10日最低价平多\r\n- 突破10日最高价平空\r\n\r\n**仓位管理**：\r\n- 使用ATR计算仓位\r\n- 单位仓位 = 账户1% / ATR\r\n\r\n### 2. 均线突破策略\r\n\r\n**入场规则**：\r\n- 价格突破MA50做多\r\n- 价格跌破MA50做空\r\n\r\n**出场规则**：\r\n- 价格跌破MA20平多\r\n- 价格突破MA20平空\r\n\r\n**过滤条件**：\r\n- MA50方向与交易方向一致\r\n- 成交量放大确认\r\n\r\n### 3. 通道突破策略\r\n\r\n**入场规则**：\r\n- 突破布林带上轨做多\r\n- 跌破布林带下轨做空\r\n\r\n**出场规则**：\r\n- 价格回到中轨平仓\r\n- 或使用移动止损\r\n\r\n---\r\n\r\n## 四、趋势跟随系统设计\r\n\r\n### 完整系统示例\r\n\r\n```\r\n【系统名称】均线趋势跟踪系统\r\n【适用品种】BTC/USDT\r\n【时间周期】日线\r\n\r\n【趋势判断】\r\n- MA50 > MA200：只做多\r\n- MA50 < MA200：只做空\r\n\r\n【入场条件】\r\n做多：\r\n1. MA50 > MA200（大趋势向上）\r\n2. 价格回踩MA50获得支撑\r\n3. 出现看涨K线形态\r\n4. 成交量放大\r\n\r\n【出场条件】\r\n止损：MA50下方2%\r\n止盈：移动止损，跌破MA20平仓\r\n\r\n【仓位管理】\r\n单笔风险：2%\r\n仓位计算：风险金额 / 止损距离\r\n```\r\n\r\n---\r\n\r\n## 五、趋势跟随的关键技巧\r\n\r\n### 1. 多周期确认\r\n\r\n- 周线定大方向\r\n- 日线找入场点\r\n- 4小时精确入场\r\n\r\n### 2. 等待回调入场\r\n\r\n- 不追涨杀跌\r\n- 等待价格回调到支撑\r\n- 回调不破是最佳入场点\r\n\r\n### 3. 金字塔加仓\r\n\r\n- 趋势确认后可以加仓\r\n- 每次加仓量递减\r\n- 加仓后调整止损\r\n\r\n### 4. 移动止损保护利润\r\n\r\n- 盈利后移动止损到成本\r\n- 随着趋势发展持续移动\r\n- 保护已有利润\r\n\r\n---\r\n\r\n## 六、趋势跟随的心理建设\r\n\r\n### 1. 接受低胜率\r\n\r\n- 趋势跟随胜率通常30-40%\r\n- 靠大盈利覆盖小亏损\r\n- 不要因为连续止损而放弃\r\n\r\n### 2. 耐心等待\r\n\r\n- 趋势不是每天都有\r\n- 大部分时间在等待\r\n- 宁可错过不可做错\r\n\r\n### 3. 坚持系统\r\n\r\n- 不要因为几次亏损就修改系统\r\n- 给系统足够的验证时间\r\n- 相信概率和期望值\r\n\r\n---\r\n\r\n## 七、常见错误\r\n\r\n1. **逆势交易**：在下跌趋势中抄底\r\n2. **过早止盈**：趋势还没结束就平仓\r\n3. **不止损**：希望价格回来\r\n4. **频繁交易**：震荡市强行交易\r\n5. **追涨杀跌**：在趋势末端入场', NULL, NULL, 1, 1, 1, '2025-12-21 00:09:40', '2026-01-01 01:16:29'), (12, 12, '震荡市场交易策略', '详解震荡市场的识别、区间交易和网格策略', 'markdown', '# 震荡市场交易策略\r\n\r\n## 一、震荡市场的识别\r\n\r\n### 1. 震荡市场特征\r\n\r\n**价格特征**：\r\n- 价格在一定区间内波动\r\n- 没有明显的趋势方向\r\n- 高点和低点相对稳定\r\n\r\n**技术指标特征**：\r\n- 均线走平或缠绕\r\n- ADX < 25（趋势强度弱）\r\n- 布林带收窄\r\n\r\n**成交量特征**：\r\n- 成交量萎缩\r\n- 没有明显放量\r\n\r\n### 2. 震荡与趋势的区分\r\n\r\n| 特征 | 趋势市场 | 震荡市场 |\r\n|-----|---------|---------|\r\n| 均线 | 多头/空头排列 | 缠绕走平 |\r\n| ADX | > 25 | < 25 |\r\n| 布林带 | 开口扩张 | 收口收窄 |\r\n| 高低点 | 不断抬高/降低 | 相对稳定 |\r\n\r\n### 3. 震荡区间的确定\r\n\r\n**水平区间**：\r\n- 找出多次触及的高点（阻力）\r\n- 找出多次触及的低点（支撑）\r\n- 形成水平通道\r\n\r\n**区间有效性**：\r\n- 至少2次触及上下边界\r\n- 时间跨度越长越有效\r\n- 触及次数越多越可靠\r\n\r\n---\r\n\r\n## 二、震荡交易策略\r\n\r\n### 1. 区间交易策略\r\n\r\n:::candlestick support_bounce:::\r\n\r\n**核心思想**：在支撑买入，在阻力卖出\r\n\r\n**做多条件**：\r\n1. 价格接近区间下沿（支撑）\r\n2. 出现看涨K线形态\r\n3. RSI进入超卖区（< 30）\r\n\r\n**做空条件**：\r\n1. 价格接近区间上沿（阻力）\r\n2. 出现看跌K线形态\r\n3. RSI进入超买区（> 70）\r\n\r\n**止损设置**：\r\n- 做多止损：支撑位下方1-2%\r\n- 做空止损：阻力位上方1-2%\r\n\r\n**止盈设置**：\r\n- 做多止盈：阻力位附近\r\n- 做空止盈：支撑位附近\r\n\r\n### 2. 布林带回归策略\r\n\r\n**做多条件**：\r\n1. 价格触及布林带下轨\r\n2. RSI < 30\r\n3. 出现看涨K线\r\n\r\n**做空条件**：\r\n1. 价格触及布林带上轨\r\n2. RSI > 70\r\n3. 出现看跌K线\r\n\r\n**出场**：\r\n- 价格回到布林带中轨\r\n\r\n### 3. RSI超买超卖策略\r\n\r\n**做多条件**：\r\n1. RSI < 30后反弹突破30\r\n2. 价格在支撑区域\r\n\r\n**做空条件**：\r\n1. RSI > 70后回落跌破70\r\n2. 价格在阻力区域\r\n\r\n---\r\n\r\n## 三、网格交易策略\r\n\r\n### 1. 网格交易原理\r\n\r\n**核心思想**：\r\n- 在价格区间内设置多个买卖点\r\n- 价格下跌时分批买入\r\n- 价格上涨时分批卖出\r\n- 赚取波动差价\r\n\r\n### 2. 网格设置方法\r\n\r\n**等差网格**：\r\n```\r\n区间：45000 - 55000\r\n网格数：10\r\n间距：1000\r\n\r\n买入价格：45000, 46000, 47000...\r\n卖出价格：46000, 47000, 48000...\r\n```\r\n\r\n**等比网格**：\r\n```\r\n区间：45000 - 55000\r\n比例：2%\r\n\r\n买入价格：45000, 45900, 46818...\r\n更适合大区间\r\n```\r\n\r\n### 3. 网格交易注意事项\r\n\r\n**优点**：\r\n- 不需要判断方向\r\n- 自动化执行\r\n- 震荡市稳定盈利\r\n\r\n**缺点**：\r\n- 趋势市会被套\r\n- 资金利用率低\r\n- 需要足够的资金\r\n\r\n**风险控制**：\r\n- 设置总止损线\r\n- 不要在下跌趋势中使用\r\n- 控制总仓位\r\n\r\n---\r\n\r\n## 四、震荡市的风险管理\r\n\r\n### 1. 识别假突破\r\n\r\n:::candlestick resistance_rejection:::\r\n\r\n**假突破特征**：\r\n- 突破时成交量不大\r\n- 快速回到区间内\r\n- 影线突破而非实体\r\n\r\n**应对方法**：\r\n- 等待收盘确认\r\n- 等待回踩确认\r\n- 设置合理止损\r\n\r\n### 2. 震荡转趋势的信号\r\n\r\n**突破信号**：\r\n- 放量突破区间\r\n- 收盘价站稳突破位\r\n- 回踩不破\r\n\r\n**应对方法**：\r\n- 突破后停止区间交易\r\n- 转为趋势跟踪策略\r\n- 或观望等待确认\r\n\r\n### 3. 仓位控制\r\n\r\n- 震荡交易仓位要小\r\n- 单笔风险控制在1%\r\n- 不要重仓博弈\r\n\r\n---\r\n\r\n## 五、震荡交易系统示例\r\n\r\n```\r\n【系统名称】区间震荡交易系统\r\n【适用条件】ADX < 25，布林带收窄\r\n\r\n【区间确定】\r\n- 上沿：近期2次以上触及的高点\r\n- 下沿：近期2次以上触及的低点\r\n\r\n【做多条件】\r\n1. 价格触及区间下沿\r\n2. RSI < 35\r\n3. 出现看涨K线（锤子线/吞没）\r\n\r\n【做空条件】\r\n1. 价格触及区间上沿\r\n2. RSI > 65\r\n3. 出现看跌K线（射击之星/吞没）\r\n\r\n【止损】\r\n- 做多：下沿下方1.5%\r\n- 做空：上沿上方1.5%\r\n\r\n【止盈】\r\n- 做多：上沿附近或中轨\r\n- 做空：下沿附近或中轨\r\n\r\n【退出条件】\r\n- 价格有效突破区间\r\n- ADX > 25\r\n- 转为趋势策略\r\n```\r\n\r\n---\r\n\r\n## 六、实战建议\r\n\r\n1. **先判断市场状态**：趋势还是震荡\r\n2. **不要在趋势市用震荡策略**：会被反复止损\r\n3. **控制仓位**：震荡交易利润有限\r\n4. **设置严格止损**：防止假突破变真突破\r\n5. **关注突破信号**：及时切换策略', NULL, NULL, 1, 1, 1, '2025-12-21 00:09:40', '2026-01-01 01:16:29'), (13, 13, '突破交易策略完全指南', '详解突破类型、有效突破识别和突破交易系统', 'markdown', '# 突破交易策略完全指南\r\n\r\n## 一、突破交易概述\r\n\r\n### 1. 什么是突破\r\n\r\n**定义**：价格突破重要的支撑/阻力位，开启新的趋势\r\n\r\n**突破的意义**：\r\n- 供需关系发生变化\r\n- 新的趋势可能开始\r\n- 提供明确的入场信号\r\n\r\n### 2. 突破的类型\r\n\r\n| 类型 | 描述 | 特点 |\r\n|-----|------|------|\r\n| 水平突破 | 突破水平支撑/阻力 | 最常见 |\r\n| 趋势线突破 | 突破上升/下降趋势线 | 趋势反转信号 |\r\n| 形态突破 | 突破图表形态 | 目标明确 |\r\n| 均线突破 | 突破重要均线 | 趋势确认 |\r\n\r\n---\r\n\r\n## 二、有效突破的识别\r\n\r\n### 1. 有效突破的特征\r\n\r\n**成交量确认**：\r\n\r\n:::candlestick volume_breakout:::\r\n\r\n- 突破时成交量明显放大\r\n- 至少是平均成交量的1.5倍\r\n- 量价配合是关键\r\n\r\n**收盘价确认**：\r\n- 收盘价站稳突破位\r\n- 不是仅影线突破\r\n- 日线收盘更可靠\r\n\r\n**突破幅度**：\r\n- 突破幅度超过1-3%\r\n- 幅度太小可能是假突破\r\n- 根据品种波动性调整\r\n\r\n**时间确认**：\r\n- 突破后能维持2-3根K线\r\n- 不是快速回落\r\n- 时间越长越可靠\r\n\r\n### 2. 假突破的识别\r\n\r\n**假突破特征**：\r\n- 突破时成交量萎缩\r\n- 快速回到原区间\r\n- 仅影线突破\r\n- 突破后无法维持\r\n\r\n**假突破的原因**：\r\n- 主力诱多/诱空\r\n- 止损盘触发后回落\r\n- 市场缺乏跟风盘\r\n\r\n### 3. 突破确认方法\r\n\r\n**回踩确认法**：\r\n- 等待突破后回踩\r\n- 回踩不破原突破位\r\n- 回踩后再入场\r\n\r\n**收盘确认法**：\r\n- 等待日线收盘\r\n- 收盘价站稳突破位\r\n- 次日确认后入场\r\n\r\n**成交量确认法**：\r\n- 突破时放量\r\n- 回踩时缩量\r\n- 再次上涨时放量\r\n\r\n---\r\n\r\n## 三、突破交易策略\r\n\r\n### 1. 即时突破策略\r\n\r\n**入场**：突破发生时立即入场\r\n\r\n**优点**：\r\n- 不会错过行情\r\n- 入场价格好\r\n\r\n**缺点**：\r\n- 假突破风险高\r\n- 需要快速反应\r\n\r\n**适用**：\r\n- 重大消息驱动的突破\r\n- 成交量明显放大的突破\r\n\r\n### 2. 回踩突破策略（推荐）\r\n\r\n:::candlestick resistance_break:::\r\n\r\n**入场**：等待突破后回踩再入场\r\n\r\n**优点**：\r\n- 过滤假突破\r\n- 风险回报比更好\r\n- 止损更明确\r\n\r\n**缺点**：\r\n- 可能错过强势突破\r\n- 需要耐心等待\r\n\r\n**入场条件**：\r\n1. 价格有效突破阻力\r\n2. 回踩到原阻力位（现支撑）\r\n3. 出现看涨K线形态\r\n4. 成交量萎缩后放量\r\n\r\n### 3. 形态突破策略\r\n\r\n**常见突破形态**：\r\n- 头肩底/顶\r\n- 双底/双顶\r\n- 三角形\r\n- 旗形/楔形\r\n\r\n**交易方法**：\r\n- 等待形态完成\r\n- 突破颈线入场\r\n- 目标位 = 形态高度\r\n\r\n---\r\n\r\n## 四、突破交易系统\r\n\r\n### 系统示例\r\n\r\n```\r\n【系统名称】回踩突破交易系统\r\n【适用品种】BTC/USDT\r\n【时间周期】4小时\r\n\r\n【突破确认】\r\n1. 价格突破重要阻力位\r\n2. 突破时成交量放大（> 1.5倍均量）\r\n3. 收盘价站稳突破位\r\n\r\n【入场条件】\r\n1. 突破确认后等待回踩\r\n2. 回踩到原阻力位（现支撑）\r\n3. 回踩时成交量萎缩\r\n4. 出现看涨K线形态\r\n\r\n【止损设置】\r\n- 支撑位下方1-2%\r\n- 或回踩低点下方\r\n\r\n【止盈设置】\r\n- 第一目标：前期高点\r\n- 第二目标：突破幅度的1-1.5倍\r\n- 使用移动止损保护利润\r\n\r\n【仓位管理】\r\n- 单笔风险2%\r\n- 可在回踩确认后加仓\r\n```\r\n\r\n---\r\n\r\n## 五、不同形态的突破交易\r\n\r\n### 1. 水平阻力突破\r\n\r\n**入场**：突破后回踩原阻力\r\n**止损**：原阻力下方\r\n**目标**：前期高点或等距测量\r\n\r\n### 2. 下降趋势线突破\r\n\r\n**入场**：突破趋势线后回踩\r\n**止损**：趋势线下方\r\n**目标**：前期高点\r\n\r\n### 3. 三角形突破\r\n\r\n**入场**：突破三角形边界\r\n**止损**：三角形内\r\n**目标**：三角形最宽处的距离\r\n\r\n### 4. 头肩底突破\r\n\r\n**入场**：突破颈线后回踩\r\n**止损**：右肩下方\r\n**目标**：头部到颈线的距离\r\n\r\n---\r\n\r\n## 六、突破交易的风险管理\r\n\r\n### 1. 止损设置\r\n\r\n- 突破位下方1-2%\r\n- 或回踩低点下方\r\n- 不要设置太紧\r\n\r\n### 2. 仓位控制\r\n\r\n- 首次入场用小仓位\r\n- 确认后可以加仓\r\n- 总仓位不超过计划\r\n\r\n### 3. 假突破应对\r\n\r\n- 严格执行止损\r\n- 不要补仓摊平\r\n- 等待下次机会\r\n\r\n---\r\n\r\n## 七、实战技巧\r\n\r\n1. **等待确认**：不要急于入场\r\n2. **关注成交量**：量价配合是关键\r\n3. **设置合理止损**：给价格波动空间\r\n4. **分批入场**：降低假突破风险\r\n5. **顺势突破**：大趋势方向的突破更可靠\r\n6. **避免追高**：突破后涨太多不要追', NULL, NULL, 1, 1, 1, '2025-12-21 00:09:40', '2026-01-01 01:16:29');
INSERT INTO `learn_material` (`id`, `chapter_id`, `title`, `description`, `material_type`, `content`, `file_url`, `link_url`, `sort_order`, `status`, `create_by`, `create_time`, `update_time`) VALUES (14, 14, '多时间框架分析方法', '系统讲解多周期分析的原理、方法和实战应用', 'markdown', '# 多时间框架分析方法\r\n\r\n## 一、多时间框架分析概述\r\n\r\n### 1. 什么是多时间框架分析\r\n\r\n**定义**：同时分析多个时间周期的图表，从大到小确定交易方向和入场点\r\n\r\n**核心思想**：\r\n- 大周期定方向\r\n- 中周期找机会\r\n- 小周期精入场\r\n\r\n### 2. 为什么需要多周期分析\r\n\r\n**单一周期的问题**：\r\n- 只见树木不见森林\r\n- 容易逆势交易\r\n- 入场点不精确\r\n\r\n**多周期的优势**：\r\n- 把握大趋势方向\r\n- 提高交易胜率\r\n- 优化入场点位\r\n\r\n---\r\n\r\n## 二、时间框架的选择\r\n\r\n### 1. 常用时间框架组合\r\n\r\n| 交易类型 | 大周期 | 中周期 | 小周期 |\r\n|---------|-------|-------|-------|\r\n| 日内交易 | 4小时 | 1小时 | 15分钟 |\r\n| 波段交易 | 日线 | 4小时 | 1小时 |\r\n| 趋势交易 | 周线 | 日线 | 4小时 |\r\n| 长线投资 | 月线 | 周线 | 日线 |\r\n\r\n### 2. 时间框架比例\r\n\r\n**推荐比例**：4-6倍\r\n\r\n**示例**：\r\n- 日线 → 4小时 → 1小时（6:4:1）\r\n- 4小时 → 1小时 → 15分钟（4:4:1）\r\n\r\n**原则**：\r\n- 比例太大：信息断层\r\n- 比例太小：信息重复\r\n\r\n---\r\n\r\n## 三、多周期分析方法\r\n\r\n### 1. 自上而下分析法\r\n\r\n**步骤**：\r\n\r\n**第一步：大周期定方向**\r\n- 判断大趋势（上涨/下跌/震荡）\r\n- 确定交易方向（只做多/只做空/双向）\r\n- 识别关键支撑阻力\r\n\r\n**第二步：中周期找机会**\r\n- 在大趋势方向寻找交易机会\r\n- 识别回调或突破信号\r\n- 确定大致入场区域\r\n\r\n**第三步：小周期精入场**\r\n- 在入场区域等待信号\r\n- 寻找精确入场点\r\n- 设置止损止盈\r\n\r\n### 2. 实战示例\r\n\r\n```\r\n【大周期-周线】\r\n- MA20 > MA50，多头趋势\r\n- 价格在MA20上方\r\n- 结论：只做多\r\n\r\n【中周期-日线】\r\n- 价格回调到MA20附近\r\n- RSI回落到50附近\r\n- 结论：寻找做多机会\r\n\r\n【小周期-4小时】\r\n- 等待MACD金叉\r\n- 出现看涨K线形态\r\n- 结论：入场做多\r\n```\r\n\r\n---\r\n\r\n## 四、多周期共振\r\n\r\n### 1. 什么是多周期共振\r\n\r\n**定义**：多个时间周期同时发出相同方向的信号\r\n\r\n**共振类型**：\r\n- 趋势共振：多周期趋势方向一致\r\n- 信号共振：多周期同时出现买卖信号\r\n- 位置共振：多周期支撑阻力重合\r\n\r\n### 2. 共振的威力\r\n\r\n:::candlestick ma_golden_cross:::\r\n\r\n**单周期信号**：胜率约50-55%\r\n**双周期共振**：胜率约60-65%\r\n**三周期共振**：胜率约70-75%\r\n\r\n### 3. 寻找共振机会\r\n\r\n**趋势共振示例**：\r\n- 周线：多头趋势\r\n- 日线：多头趋势\r\n- 4小时：出现做多信号\r\n- 结论：高概率做多机会\r\n\r\n**位置共振示例**：\r\n- 周线支撑位：50000\r\n- 日线MA50：50200\r\n- 4小时布林带下轨：49800\r\n- 结论：50000附近是强支撑\r\n\r\n---\r\n\r\n## 五、多周期交易系统\r\n\r\n### 系统示例\r\n\r\n```\r\n【系统名称】三周期趋势跟踪系统\r\n【时间框架】周线 + 日线 + 4小时\r\n\r\n【周线分析】\r\n- 判断大趋势方向\r\n- MA20 > MA50 = 多头\r\n- MA20 < MA50 = 空头\r\n\r\n【日线分析】\r\n- 寻找回调机会\r\n- 价格回调到MA20附近\r\n- RSI回落到40-50区间\r\n\r\n【4小时入场】\r\n- 等待入场信号\r\n- MACD金叉\r\n- 出现看涨K线\r\n\r\n【交易规则】\r\n- 只在大趋势方向交易\r\n- 等待三周期共振\r\n- 小周期触发入场\r\n\r\n【止损设置】\r\n- 4小时图前低下方\r\n- 或日线MA20下方\r\n\r\n【止盈设置】\r\n- 第一目标：日线前高\r\n- 第二目标：周线阻力\r\n- 使用移动止损\r\n```\r\n\r\n---\r\n\r\n## 六、常见问题与解决\r\n\r\n### 1. 周期冲突怎么办\r\n\r\n**情况**：大周期看多，小周期看空\r\n\r\n**解决方案**：\r\n- 以大周期为准\r\n- 等待小周期转向\r\n- 或者不交易\r\n\r\n### 2. 错过入场怎么办\r\n\r\n**情况**：小周期信号出现时没看到\r\n\r\n**解决方案**：\r\n- 等待下一次回调\r\n- 不要追涨杀跌\r\n- 设置价格提醒\r\n\r\n### 3. 止损放哪个周期\r\n\r\n**建议**：\r\n- 入场周期设止损\r\n- 参考上一级周期支撑\r\n- 不要设置太紧\r\n\r\n---\r\n\r\n## 七、实战技巧\r\n\r\n### 1. 分析顺序\r\n\r\n- 先看大周期，再看小周期\r\n- 不要被小周期波动干扰\r\n- 大周期决定交易方向\r\n\r\n### 2. 入场时机\r\n\r\n- 大周期趋势明确\r\n- 中周期出现回调\r\n- 小周期出现反转信号\r\n\r\n### 3. 持仓管理\r\n\r\n- 用小周期管理短线仓位\r\n- 用大周期管理长线仓位\r\n- 根据周期调整预期\r\n\r\n### 4. 避免过度分析\r\n\r\n- 不要看太多周期\r\n- 3个周期足够\r\n- 简单有效最重要', NULL, NULL, 1, 1, 1, '2025-12-21 00:09:40', '2026-01-01 01:16:29'), (15, 15, '交易心理学与情绪管理', '深入分析交易心理陷阱、情绪管理方法和心态建设', 'markdown', '# 交易心理学与情绪管理\r\n\r\n## 一、交易心理的重要性\r\n\r\n### 1. 为什么心理最重要\r\n\r\n**交易成功的三要素**：\r\n- 交易系统：30%\r\n- 资金管理：30%\r\n- 交易心理：40%\r\n\r\n**现实情况**：\r\n- 大多数人有好的系统却无法执行\r\n- 情绪化交易是亏损的主要原因\r\n- 心理是最难克服的障碍\r\n\r\n### 2. 人性的弱点\r\n\r\n| 弱点 | 表现 | 后果 |\r\n|-----|------|------|\r\n| 贪婪 | 不止盈、重仓 | 利润回吐、爆仓 |\r\n| 恐惧 | 不敢入场、过早止盈 | 错过机会 |\r\n| 希望 | 不止损、死扛 | 巨额亏损 |\r\n| 后悔 | 追涨杀跌 | 高买低卖 |\r\n\r\n---\r\n\r\n## 二、常见心理陷阱\r\n\r\n### 1. 贪婪与恐惧\r\n\r\n:::candlestick shooting_star:::\r\n\r\n**贪婪的表现**：\r\n- 盈利后不止盈，想赚更多\r\n- 重仓交易，想快速致富\r\n- 频繁交易，不想错过任何机会\r\n\r\n**恐惧的表现**：\r\n- 该入场时不敢入场\r\n- 盈利一点就急于平仓\r\n- 亏损后不敢再交易\r\n\r\n**应对方法**：\r\n- 制定明确的交易计划\r\n- 严格执行止盈止损\r\n- 控制仓位大小\r\n\r\n### 2. 过度交易\r\n\r\n**原因**：\r\n- 想快速赚钱\r\n- 无聊时随意交易\r\n- 亏损后想快速回本\r\n\r\n**危害**：\r\n- 手续费侵蚀利润\r\n- 增加犯错概率\r\n- 精力消耗过大\r\n\r\n**应对方法**：\r\n- 设定每日/每周交易次数上限\r\n- 只在高概率机会交易\r\n- 培养耐心等待的习惯\r\n\r\n### 3. 报复性交易\r\n\r\n**表现**：\r\n- 亏损后立即加大仓位\r\n- 想一笔交易回本\r\n- 情绪激动时交易\r\n\r\n**危害**：\r\n- 往往导致更大亏损\r\n- 恶性循环\r\n- 可能爆仓\r\n\r\n**应对方法**：\r\n- 亏损后强制休息\r\n- 设定每日最大亏损限额\r\n- 冷静后再交易\r\n\r\n### 4. 确认偏误\r\n\r\n**表现**：\r\n- 只看支持自己观点的信息\r\n- 忽视相反的信号\r\n- 固执己见不止损\r\n\r\n**危害**：\r\n- 错过止损时机\r\n- 逆势加仓\r\n- 巨额亏损\r\n\r\n**应对方法**：\r\n- 主动寻找反面证据\r\n- 设置客观的止损条件\r\n- 尊重市场\r\n\r\n### 5. 锚定效应\r\n\r\n**表现**：\r\n- 执着于某个价格（如成本价）\r\n- 不愿意在亏损时卖出\r\n- 等待回本\r\n\r\n**危害**：\r\n- 错过止损时机\r\n- 资金被套\r\n- 错过其他机会\r\n\r\n**应对方法**：\r\n- 忘记成本价\r\n- 只看当前市场状况\r\n- 该止损就止损\r\n\r\n---\r\n\r\n## 三、情绪管理方法\r\n\r\n### 1. 交易前准备\r\n\r\n**心理准备**：\r\n- 接受可能亏损\r\n- 明确风险承受能力\r\n- 保持平常心\r\n\r\n**计划准备**：\r\n- 写下交易计划\r\n- 明确入场出场条件\r\n- 设定止损止盈\r\n\r\n### 2. 交易中控制\r\n\r\n**情绪监控**：\r\n- 觉察自己的情绪状态\r\n- 情绪激动时暂停交易\r\n- 不要在极端情绪下决策\r\n\r\n**执行纪律**：\r\n- 严格按计划执行\r\n- 不临时改变计划\r\n- 相信系统\r\n\r\n### 3. 交易后复盘\r\n\r\n**记录情绪**：\r\n- 记录每笔交易时的情绪\r\n- 分析情绪对决策的影响\r\n- 找出情绪化交易的模式\r\n\r\n**总结改进**：\r\n- 哪些情绪导致了错误决策\r\n- 如何避免类似情况\r\n- 制定改进措施\r\n\r\n---\r\n\r\n## 四、建立正确的交易心态\r\n\r\n### 1. 概率思维\r\n\r\n**核心认知**：\r\n- 单笔交易结果不重要\r\n- 长期期望值才重要\r\n- 亏损是交易的一部分\r\n\r\n**实践方法**：\r\n- 关注系统的长期表现\r\n- 不因单笔亏损沮丧\r\n- 不因单笔盈利狂喜\r\n\r\n### 2. 风险意识\r\n\r\n**核心认知**：\r\n- 保住本金是第一要务\r\n- 活下来才能等到机会\r\n- 控制风险比追求利润重要\r\n\r\n**实践方法**：\r\n- 每笔交易都设止损\r\n- 控制仓位大小\r\n- 不要孤注一掷\r\n\r\n### 3. 耐心等待\r\n\r\n**核心认知**：\r\n- 好机会不是每天都有\r\n- 等待是交易的一部分\r\n- 宁可错过不可做错\r\n\r\n**实践方法**：\r\n- 只在高概率机会交易\r\n- 不要因为无聊而交易\r\n- 培养耐心\r\n\r\n### 4. 持续学习\r\n\r\n**核心认知**：\r\n- 市场永远在变化\r\n- 没有人能完全掌握市场\r\n- 学习是终身的事\r\n\r\n**实践方法**：\r\n- 每天复盘总结\r\n- 学习新的知识\r\n- 向优秀交易者学习\r\n\r\n---\r\n\r\n## 五、实用心理技巧\r\n\r\n### 1. 交易日志\r\n\r\n**记录内容**：\r\n- 交易计划和执行情况\r\n- 入场出场时的情绪\r\n- 事后反思\r\n\r\n**作用**：\r\n- 发现情绪化交易模式\r\n- 提高自我认知\r\n- 持续改进\r\n\r\n### 2. 冥想与放松\r\n\r\n**方法**：\r\n- 每天10-15分钟冥想\r\n- 交易前深呼吸放松\r\n- 保持身心健康\r\n\r\n**作用**：\r\n- 提高情绪控制能力\r\n- 减少冲动决策\r\n- 保持冷静\r\n\r\n### 3. 设定规则\r\n\r\n**规则示例**：\r\n- 连续亏损3次后休息一天\r\n- 单日亏损超过5%停止交易\r\n- 情绪激动时不交易\r\n\r\n**作用**：\r\n- 强制执行纪律\r\n- 避免情绪化交易\r\n- 保护资金\r\n\r\n---\r\n\r\n## 六、心理建设清单\r\n\r\n### 交易前\r\n\r\n```\r\n□ 我接受这笔交易可能亏损\r\n□ 我的仓位在承受范围内\r\n□ 我有明确的止损计划\r\n□ 我的情绪状态稳定\r\n□ 我不是为了回本而交易\r\n```\r\n\r\n### 交易中\r\n\r\n```\r\n□ 我按计划执行\r\n□ 我不临时改变止损\r\n□ 我不因波动而恐慌\r\n□ 我保持耐心\r\n```\r\n\r\n### 交易后\r\n\r\n```\r\n□ 我记录了这笔交易\r\n□ 我分析了情绪影响\r\n□ 我总结了经验教训\r\n□ 我为下次交易做好准备\r\n```', NULL, NULL, 1, 1, 1, '2025-12-21 00:09:40', '2026-01-01 01:16:29'), (16, 16, '模拟交易实战指南', '系统讲解模拟交易的方法、记录和复盘技巧', 'markdown', '# 模拟交易实战指南\r\n\r\n## 一、模拟交易的意义\r\n\r\n### 1. 为什么要模拟交易\r\n\r\n**验证系统**：\r\n- 检验交易系统是否有效\r\n- 发现系统的问题\r\n- 优化系统参数\r\n\r\n**积累经验**：\r\n- 熟悉交易流程\r\n- 培养交易习惯\r\n- 建立交易信心\r\n\r\n**零成本学习**：\r\n- 不用真金白银\r\n- 可以大胆尝试\r\n- 从错误中学习\r\n\r\n### 2. 模拟交易的目标\r\n\r\n**短期目标**（1个月）：\r\n- 熟悉交易平台操作\r\n- 执行至少20笔交易\r\n- 建立交易记录习惯\r\n\r\n**中期目标**（3个月）：\r\n- 验证交易系统有效性\r\n- 统计系统的胜率和盈亏比\r\n- 形成稳定的交易风格\r\n\r\n---\r\n\r\n## 二、模拟交易的正确方法\r\n\r\n### 1. 像真实交易一样对待\r\n\r\n**心态要求**：\r\n- 把模拟资金当真钱\r\n- 认真对待每一笔交易\r\n- 不要因为是模拟就随意\r\n\r\n**行为要求**：\r\n- 严格执行交易计划\r\n- 遵守风险管理规则\r\n- 记录每一笔交易\r\n\r\n### 2. 设定合理的模拟资金\r\n\r\n**建议金额**：\r\n- 与计划实盘资金相同\r\n- 或略高于实盘资金\r\n- 不要设置过大金额\r\n\r\n**原因**：\r\n- 培养真实的仓位感\r\n- 避免过度冒险\r\n- 更接近实盘体验\r\n\r\n### 3. 制定交易计划\r\n\r\n**每日计划**：\r\n```\r\n日期：____\r\n市场分析：\r\n- 大趋势方向：____\r\n- 关键支撑阻力：____\r\n- 今日交易计划：____\r\n\r\n交易机会：\r\n- 品种：____\r\n- 方向：____\r\n- 入场条件：____\r\n- 止损位：____\r\n- 止盈位：____\r\n```\r\n\r\n---\r\n\r\n## 三、交易记录模板\r\n\r\n### 1. 基本信息\r\n\r\n```\r\n交易编号：____\r\n日期时间：____\r\n品种：____\r\n方向：多/空\r\n入场价：____\r\n止损价：____\r\n止盈价：____\r\n仓位大小：____\r\n```\r\n\r\n### 2. 交易理由\r\n\r\n```\r\n入场理由：\r\n- 技术面：____\r\n- 基本面：____\r\n- 情绪面：____\r\n\r\n出场理由：\r\n- 止盈/止损/其他：____\r\n```\r\n\r\n### 3. 交易结果\r\n\r\n```\r\n出场价：____\r\n盈亏金额：____\r\n盈亏比例：____\r\n持仓时间：____\r\n```\r\n\r\n### 4. 交易复盘\r\n\r\n```\r\n执行评分（1-10）：____\r\n情绪状态：____\r\n做得好的地方：____\r\n需要改进的地方：____\r\n经验教训：____\r\n```\r\n\r\n---\r\n\r\n## 四、交易复盘方法\r\n\r\n### 1. 每日复盘\r\n\r\n**复盘内容**：\r\n- 今日交易回顾\r\n- 执行情况评估\r\n- 情绪状态分析\r\n- 明日计划制定\r\n\r\n**复盘时间**：\r\n- 每天交易结束后\r\n- 花15-30分钟\r\n- 形成习惯\r\n\r\n### 2. 每周复盘\r\n\r\n**复盘内容**：\r\n- 本周交易统计\r\n- 胜率和盈亏比\r\n- 系统表现评估\r\n- 问题总结\r\n\r\n**统计指标**：\r\n```\r\n本周交易次数：____\r\n盈利次数：____\r\n亏损次数：____\r\n胜率：____%\r\n平均盈利：____\r\n平均亏损：____\r\n盈亏比：____\r\n总盈亏：____\r\n```\r\n\r\n### 3. 每月复盘\r\n\r\n**复盘内容**：\r\n- 月度交易总结\r\n- 系统优化建议\r\n- 心理状态评估\r\n- 下月目标设定\r\n\r\n**分析维度**：\r\n- 最佳交易分析\r\n- 最差交易分析\r\n- 错过的机会\r\n- 不该做的交易\r\n\r\n---\r\n\r\n## 五、常见问题与解决\r\n\r\n### 1. 模拟盈利实盘亏损\r\n\r\n**原因**：\r\n- 模拟时心态轻松\r\n- 实盘时情绪紧张\r\n- 执行力下降\r\n\r\n**解决方案**：\r\n- 模拟时严格要求自己\r\n- 实盘从小资金开始\r\n- 逐步增加资金\r\n\r\n### 2. 模拟交易不认真\r\n\r\n**原因**：\r\n- 没有真实损失\r\n- 缺乏紧迫感\r\n- 态度不端正\r\n\r\n**解决方案**：\r\n- 设定模拟交易目标\r\n- 记录并复盘每笔交易\r\n- 把模拟当实盘对待\r\n\r\n### 3. 急于进入实盘\r\n\r\n**建议**：\r\n- 至少模拟1-3个月\r\n- 完成50-100笔交易\r\n- 系统表现稳定后再实盘\r\n\r\n---\r\n\r\n## 六、模拟到实盘的过渡\r\n\r\n### 1. 过渡条件\r\n\r\n**系统验证**：\r\n- 模拟交易至少1个月\r\n- 交易次数超过30笔\r\n- 系统期望值为正\r\n\r\n**心理准备**：\r\n- 能够严格执行系统\r\n- 情绪控制良好\r\n- 接受可能的亏损\r\n\r\n### 2. 过渡方法\r\n\r\n**第一阶段**：\r\n- 用计划资金的10%开始\r\n- 严格执行系统\r\n- 观察实盘与模拟差异\r\n\r\n**第二阶段**：\r\n- 稳定后增加到30%\r\n- 继续验证系统\r\n- 调整心态\r\n\r\n**第三阶段**：\r\n- 逐步增加到计划资金\r\n- 保持交易纪律\r\n- 持续复盘改进\r\n\r\n---\r\n\r\n## 七、模拟交易检查清单\r\n\r\n### 开始前\r\n\r\n```\r\n□ 选择了合适的模拟平台\r\n□ 设定了合理的模拟资金\r\n□ 制定了交易系统规则\r\n□ 准备了交易记录模板\r\n□ 设定了模拟交易目标\r\n```\r\n\r\n### 进行中\r\n\r\n```\r\n□ 每笔交易都有计划\r\n□ 严格执行止损止盈\r\n□ 记录每一笔交易\r\n□ 每日进行复盘\r\n□ 控制交易频率\r\n```\r\n\r\n### 结束后\r\n\r\n```\r\n□ 统计了交易数据\r\n□ 分析了系统表现\r\n□ 总结了经验教训\r\n□ 优化了交易系统\r\n□ 制定了实盘计划\r\n```', NULL, NULL, 1, 1, 1, '2025-12-21 00:09:40', '2025-12-21 00:09:40'), (17, 17, '小资金实盘交易指南', '从模拟到实盘的过渡方法、心理调适和风险控制', 'markdown', '# 小资金实盘交易指南\r\n\r\n## 一、从模拟到实盘的转变\r\n\r\n### 1. 实盘与模拟的区别\r\n\r\n| 方面 | 模拟交易 | 实盘交易 |\r\n|-----|---------|---------|\r\n| 资金 | 虚拟资金 | 真实资金 |\r\n| 心理 | 相对轻松 | 压力较大 |\r\n| 执行 | 容易执行 | 可能犹豫 |\r\n| 滑点 | 几乎没有 | 可能存在 |\r\n| 情绪 | 影响小 | 影响大 |\r\n\r\n### 2. 实盘前的准备\r\n\r\n**资金准备**：\r\n- 只用闲钱交易\r\n- 亏完不影响生活\r\n- 建议初始资金1000-5000U\r\n\r\n**心理准备**：\r\n- 接受可能全部亏损\r\n- 把它当作学费\r\n- 不要有暴富心理\r\n\r\n**系统准备**：\r\n- 模拟验证过的系统\r\n- 明确的交易规则\r\n- 完善的风险管理\r\n\r\n---\r\n\r\n## 二、小资金实盘策略\r\n\r\n### 1. 资金分配\r\n\r\n**建议分配**：\r\n- 总资金的10-20%用于实盘\r\n- 其余资金作为后备\r\n- 逐步增加实盘资金\r\n\r\n**示例**：\r\n```\r\n总可投资资金：10000U\r\n初始实盘资金：1000U（10%）\r\n后备资金：9000U\r\n\r\n第一阶段：1000U实盘\r\n稳定盈利后：增加到2000U\r\n持续稳定后：增加到5000U\r\n```\r\n\r\n### 2. 仓位控制\r\n\r\n**小资金仓位原则**：\r\n- 单笔风险不超过总资金2%\r\n- 小资金可适当放宽到3%\r\n- 但绝不超过5%\r\n\r\n**仓位计算示例**：\r\n```\r\n资金：1000U\r\n单笔风险：2%（20U）\r\n止损距离：2%\r\n仓位 = 20U / 2% = 1000U\r\n实际可用仓位：1000U（满仓）\r\n\r\n建议：降低仓位到500U\r\n保留资金应对连续亏损\r\n```\r\n\r\n### 3. 交易频率\r\n\r\n**建议频率**：\r\n- 每周1-3笔交易\r\n- 只做高概率机会\r\n- 不要过度交易\r\n\r\n**原因**：\r\n- 小资金经不起频繁止损\r\n- 手续费占比较高\r\n- 需要精选机会\r\n\r\n---\r\n\r\n## 三、实盘心理调适\r\n\r\n### 1. 常见心理问题\r\n\r\n**害怕亏损**：\r\n- 表现：不敢入场，过早止盈\r\n- 原因：真金白银的压力\r\n- 解决：接受亏损是交易的一部分\r\n\r\n**急于求成**：\r\n- 表现：重仓、频繁交易\r\n- 原因：想快速赚钱\r\n- 解决：设定合理预期\r\n\r\n**患得患失**：\r\n- 表现：盯盘、情绪波动\r\n- 原因：对结果过度关注\r\n- 解决：关注过程而非结果\r\n\r\n### 2. 心理调适方法\r\n\r\n**设定合理预期**：\r\n- 第一年目标：不亏或小亏\r\n- 月收益预期：5-10%\r\n- 接受波动和回撤\r\n\r\n**建立交易routine**：\r\n- 固定时间分析市场\r\n- 固定时间复盘\r\n- 不要全天盯盘\r\n\r\n**保持生活平衡**：\r\n- 交易只是生活的一部分\r\n- 保持其他兴趣爱好\r\n- 不要让交易影响生活\r\n\r\n---\r\n\r\n## 四、实盘风险控制\r\n\r\n### 1. 止损纪律\r\n\r\n**铁律**：\r\n- 每笔交易必须设止损\r\n- 止损触发必须执行\r\n- 不要移动止损（除非是移动止盈）\r\n\r\n**止损设置**：\r\n- 技术位止损优先\r\n- 最大止损不超过3%\r\n- 考虑滑点因素\r\n\r\n### 2. 每日风险限额\r\n\r\n**建议设置**：\r\n- 每日最大亏损：总资金的5%\r\n- 达到限额后停止交易\r\n- 第二天再重新开始\r\n\r\n**示例**：\r\n```\r\n资金：1000U\r\n每日最大亏损：50U\r\n单笔风险：20U\r\n最多亏损2-3笔后停止\r\n```\r\n\r\n### 3. 回撤控制\r\n\r\n**回撤限额**：\r\n- 最大回撤：20%\r\n- 达到10%回撤：减少仓位\r\n- 达到20%回撤：暂停交易复盘\r\n\r\n---\r\n\r\n## 五、实盘交易清单\r\n\r\n### 交易前\r\n\r\n```\r\n□ 市场分析完成\r\n□ 交易计划明确\r\n□ 入场点位确定\r\n□ 止损位置设定\r\n□ 止盈目标明确\r\n□ 仓位大小计算\r\n□ 风险在承受范围内\r\n□ 情绪状态稳定\r\n```\r\n\r\n### 交易中\r\n\r\n```\r\n□ 按计划入场\r\n□ 止损单已设置\r\n□ 不频繁查看\r\n□ 不临时改变计划\r\n□ 记录交易信息\r\n```\r\n\r\n### 交易后\r\n\r\n```\r\n□ 记录交易结果\r\n□ 分析执行情况\r\n□ 总结经验教训\r\n□ 更新交易日志\r\n□ 准备下次交易\r\n```\r\n\r\n---\r\n\r\n## 六、第一个月目标\r\n\r\n### 量化目标\r\n\r\n```\r\n交易次数：10-15笔\r\n胜率目标：40%以上\r\n盈亏比目标：1.5:1以上\r\n最大回撤：< 15%\r\n```\r\n\r\n### 学习目标\r\n\r\n```\r\n□ 适应实盘交易节奏\r\n□ 克服实盘心理障碍\r\n□ 严格执行交易系统\r\n□ 建立完善的交易记录\r\n□ 发现并改进问题\r\n```\r\n\r\n---\r\n\r\n## 七、常见错误与避免\r\n\r\n1. **一开始就重仓**：应该从小仓位开始\r\n2. **不设止损**：每笔交易必须有止损\r\n3. **频繁交易**：只做高概率机会\r\n4. **情绪化交易**：严格按计划执行\r\n5. **急于加大资金**：稳定后再增加\r\n6. **不做记录**：每笔交易都要记录', NULL, NULL, 1, 1, 1, '2025-12-21 00:09:51', '2025-12-21 00:09:51'), (18, 18, '交易日志与数据分析', '建立完善的交易日志系统，通过数据分析持续改进', 'markdown', '# 交易日志与数据分析\r\n\r\n## 一、交易日志的重要性\r\n\r\n### 1. 为什么要记录交易日志\r\n\r\n**发现问题**：\r\n- 找出亏损的原因\r\n- 识别重复犯的错误\r\n- 发现情绪化交易模式\r\n\r\n**持续改进**：\r\n- 基于数据优化系统\r\n- 量化交易表现\r\n- 追踪进步\r\n\r\n**建立纪律**：\r\n- 强制自己思考\r\n- 提高执行力\r\n- 培养专业习惯\r\n\r\n### 2. 记录什么内容\r\n\r\n**基本信息**：\r\n- 日期时间\r\n- 交易品种\r\n- 方向（多/空）\r\n- 入场价、出场价\r\n- 仓位大小\r\n- 盈亏结果\r\n\r\n**分析信息**：\r\n- 入场理由\r\n- 出场理由\r\n- 市场环境\r\n- 技术形态\r\n\r\n**心理信息**：\r\n- 入场时情绪\r\n- 持仓时情绪\r\n- 出场时情绪\r\n- 事后反思\r\n\r\n---\r\n\r\n## 二、交易日志模板\r\n\r\n### 完整交易记录\r\n\r\n```\r\n═══════════════════════════════════════\r\n交易编号：#001\r\n日期：2024-01-15\r\n品种：BTC/USDT\r\n方向：做多\r\n\r\n【入场信息】\r\n入场时间：14:30\r\n入场价格：42500\r\n止损价格：41500（-2.35%）\r\n止盈价格：45000（+5.88%）\r\n仓位大小：0.1 BTC\r\n风险金额：100U（2%）\r\n\r\n【入场理由】\r\n技术面：\r\n- 日线MA20上穿MA50\r\n- 4小时MACD金叉\r\n- 价格突破42000阻力后回踩确认\r\n\r\n基本面：\r\n- ETF预期利好\r\n- 市场情绪偏多\r\n\r\n【出场信息】\r\n出场时间：2024-01-18 10:00\r\n出场价格：44200\r\n盈亏金额：+170U\r\n盈亏比例：+4%\r\n持仓时间：3天\r\n\r\n【出场理由】\r\n- 接近目标位\r\n- 4小时RSI超买\r\n- 锁定利润\r\n\r\n【交易复盘】\r\n执行评分：8/10\r\n情绪状态：入场时略紧张，持仓时平稳\r\n\r\n做得好的：\r\n- 严格按计划入场\r\n- 没有提前止盈\r\n- 情绪控制良好\r\n\r\n需要改进的：\r\n- 可以等更好的入场点\r\n- 止盈可以更有耐心\r\n\r\n经验教训：\r\n- 回踩确认入场效果好\r\n- 趋势交易要有耐心\r\n═══════════════════════════════════════\r\n```\r\n\r\n---\r\n\r\n## 三、数据统计与分析\r\n\r\n### 1. 基础统计指标\r\n\r\n**交易次数统计**：\r\n```\r\n总交易次数：____\r\n盈利次数：____\r\n亏损次数：____\r\n持平次数：____\r\n```\r\n\r\n**胜率计算**：\r\n```\r\n胜率 = 盈利次数 / 总交易次数 × 100%\r\n目标：40-60%\r\n```\r\n\r\n**盈亏比计算**：\r\n```\r\n平均盈利 = 总盈利 / 盈利次数\r\n平均亏损 = 总亏损 / 亏损次数\r\n盈亏比 = 平均盈利 / 平均亏损\r\n目标：> 1.5\r\n```\r\n\r\n**期望值计算**：\r\n```\r\n期望值 = (胜率 × 平均盈利) - (败率 × 平均亏损)\r\n期望值 > 0 才能长期盈利\r\n```\r\n\r\n### 2. 进阶分析维度\r\n\r\n**按时间分析**：\r\n- 哪个时间段交易效果好\r\n- 周几交易效果好\r\n- 持仓多久效果好\r\n\r\n**按品种分析**：\r\n- 哪个品种胜率高\r\n- 哪个品种盈亏比好\r\n- 应该专注哪个品种\r\n\r\n**按策略分析**：\r\n- 趋势策略 vs 震荡策略\r\n- 突破策略 vs 回调策略\r\n- 哪种策略更适合自己\r\n\r\n**按情绪分析**：\r\n- 情绪好时交易效果\r\n- 情绪差时交易效果\r\n- 情绪对决策的影响\r\n\r\n---\r\n\r\n## 四、常见问题诊断\r\n\r\n### 1. 胜率低的原因\r\n\r\n**可能原因**：\r\n- 逆势交易\r\n- 入场时机不好\r\n- 止损设置太紧\r\n\r\n**解决方案**：\r\n- 只顺势交易\r\n- 等待回调入场\r\n- 给止损更多空间\r\n\r\n### 2. 盈亏比低的原因\r\n\r\n**可能原因**：\r\n- 过早止盈\r\n- 止损太宽\r\n- 不让利润奔跑\r\n\r\n**解决方案**：\r\n- 使用移动止损\r\n- 优化止损位置\r\n- 培养持仓耐心\r\n\r\n### 3. 频繁止损的原因\r\n\r\n**可能原因**：\r\n- 震荡市使用趋势策略\r\n- 止损设置太紧\r\n- 入场点位不好\r\n\r\n**解决方案**：\r\n- 识别市场状态\r\n- 根据ATR设置止损\r\n- 等待更好的入场点\r\n\r\n### 4. 大亏的原因\r\n\r\n**可能原因**：\r\n- 没有止损\r\n- 仓位太重\r\n- 逆势加仓\r\n\r\n**解决方案**：\r\n- 严格执行止损\r\n- 控制仓位大小\r\n- 禁止亏损加仓\r\n\r\n---\r\n\r\n## 五、改进行动计划\r\n\r\n### 1. 问题识别\r\n\r\n```\r\n通过数据分析发现的主要问题：\r\n1. ____________________\r\n2. ____________________\r\n3. ____________________\r\n```\r\n\r\n### 2. 改进措施\r\n\r\n```\r\n针对问题1的改进措施：\r\n- 具体行动：____\r\n- 执行时间：____\r\n- 验证方法：____\r\n\r\n针对问题2的改进措施：\r\n- 具体行动：____\r\n- 执行时间：____\r\n- 验证方法：____\r\n```\r\n\r\n### 3. 效果追踪\r\n\r\n```\r\n改进前数据：\r\n- 胜率：____%\r\n- 盈亏比：____\r\n- 期望值：____\r\n\r\n改进后数据（1个月后）：\r\n- 胜率：____%\r\n- 盈亏比：____\r\n- 期望值：____\r\n\r\n改进效果评估：____\r\n```\r\n\r\n---\r\n\r\n## 六、数据分析工具\r\n\r\n### 1. Excel/表格\r\n\r\n**优点**：\r\n- 简单易用\r\n- 自定义强\r\n- 免费\r\n\r\n**适合**：\r\n- 初学者\r\n- 交易次数不多\r\n\r\n### 2. 专业交易日志软件\r\n\r\n**推荐**：\r\n- Tradervue\r\n- Edgewonk\r\n- TraderSync\r\n\r\n**优点**：\r\n- 自动统计\r\n- 可视化分析\r\n- 专业报告\r\n\r\n### 3. 自建系统\r\n\r\n**适合**：\r\n- 有编程能力\r\n- 需要定制化分析\r\n- 交易量大\r\n\r\n---\r\n\r\n## 七、日志分析习惯\r\n\r\n### 每日\r\n\r\n- 记录当日交易\r\n- 简单复盘\r\n- 5-10分钟\r\n\r\n### 每周\r\n\r\n- 统计周数据\r\n- 分析问题\r\n- 制定改进计划\r\n- 30分钟\r\n\r\n### 每月\r\n\r\n- 全面数据分析\r\n- 系统优化\r\n- 目标调整\r\n- 1-2小时', NULL, NULL, 1, 1, 1, '2025-12-21 00:09:51', '2025-12-21 00:09:51'), (19, 19, '高级图表形态与斐波那契分析', '深入学习复杂图表形态和斐波那契工具的应用', 'markdown', '# 高级图表形态与斐波那契分析\r\n\r\n## 一、经典反转形态\r\n\r\n### 1. 头肩顶/头肩底\r\n\r\n**头肩顶（看跌）**：\r\n\r\n:::candlestick bearish_engulfing:::\r\n\r\n```\r\n形态结构：\r\n    头\r\n   /  \\\r\n左肩    右肩\r\n  \\    /\r\n   颈线\r\n```\r\n\r\n**识别要点**：\r\n- 左肩、头、右肩依次形成\r\n- 头部最高，两肩相对对称\r\n- 颈线连接两个低点\r\n\r\n**交易方法**：\r\n- 入场：跌破颈线后做空\r\n- 止损：右肩高点上方\r\n- 目标：头部到颈线的距离\r\n\r\n**成功率**：约70%\r\n\r\n**头肩底（看涨）**：\r\n- 形态相反\r\n- 突破颈线做多\r\n- 目标计算方法相同\r\n\r\n### 2. 双顶/双底\r\n\r\n**双顶（M顶）**：\r\n```\r\n  顶1   顶2\r\n   \\   /\r\n    \\ /\r\n    颈线\r\n```\r\n\r\n**识别要点**：\r\n- 两个高点相近\r\n- 中间有明显回调\r\n- 第二个顶部成交量减少\r\n\r\n**交易方法**：\r\n- 入场：跌破颈线\r\n- 止损：第二个顶部上方\r\n- 目标：顶部到颈线的距离\r\n\r\n**双底（W底）**：\r\n- 形态相反\r\n- 突破颈线做多\r\n\r\n### 3. 三重顶/三重底\r\n\r\n**特点**：\r\n- 比双顶/双底多一个顶/底\r\n- 更可靠但出现频率低\r\n- 交易方法类似\r\n\r\n---\r\n\r\n## 二、持续形态\r\n\r\n### 1. 三角形\r\n\r\n**对称三角形**：\r\n```\r\n    /\\\r\n   /  \\\r\n  /    \\\r\n /      \\\r\n/________\\\r\n```\r\n\r\n**特点**：\r\n- 高点降低，低点抬高\r\n- 波动逐渐收窄\r\n- 突破方向不确定\r\n\r\n**交易方法**：\r\n- 等待突破方向\r\n- 突破后顺势交易\r\n- 目标：三角形最宽处\r\n\r\n**上升三角形**：\r\n- 水平阻力 + 上升支撑\r\n- 通常向上突破\r\n- 看涨形态\r\n\r\n**下降三角形**：\r\n- 下降阻力 + 水平支撑\r\n- 通常向下突破\r\n- 看跌形态\r\n\r\n### 2. 旗形与楔形\r\n\r\n**旗形**：\r\n```\r\n上升旗形：\r\n     /|\r\n    / |\r\n   /  |\r\n  /   |\r\n /    |\r\n旗杆  旗面\r\n```\r\n\r\n**特点**：\r\n- 急涨/急跌后的整理\r\n- 旗面与趋势方向相反\r\n- 突破后继续原趋势\r\n\r\n**楔形**：\r\n- 类似三角形但倾斜\r\n- 上升楔形看跌\r\n- 下降楔形看涨\r\n\r\n### 3. 矩形\r\n\r\n**特点**：\r\n- 水平支撑和阻力\r\n- 价格在区间内波动\r\n- 突破后趋势延续\r\n\r\n**交易方法**：\r\n- 区间内高抛低吸\r\n- 突破后顺势交易\r\n- 目标：矩形高度\r\n\r\n---\r\n\r\n## 三、斐波那契工具\r\n\r\n### 1. 斐波那契回撤\r\n\r\n**关键比例**：\r\n- 23.6%：浅回调\r\n- 38.2%：正常回调\r\n- 50%：中等回调\r\n- 61.8%：深度回调（黄金分割）\r\n- 78.6%：极深回调\r\n\r\n**使用方法**：\r\n\r\n:::candlestick ma_support:::\r\n\r\n1. 找出一段明确的趋势\r\n2. 从起点拉到终点\r\n3. 观察价格在回撤位的反应\r\n\r\n**交易应用**：\r\n- 38.2%-61.8%是最常用的入场区域\r\n- 回撤到这些位置+看涨信号=做多\r\n- 结合其他支撑阻力更有效\r\n\r\n### 2. 斐波那契扩展\r\n\r\n**关键比例**：\r\n- 100%：等距目标\r\n- 127.2%：常见目标\r\n- 161.8%：黄金扩展\r\n- 200%：双倍目标\r\n- 261.8%：极限目标\r\n\r\n**使用方法**：\r\n1. 找出一段趋势（A到B）\r\n2. 找出回调低点（C）\r\n3. 从A-B-C画出扩展\r\n4. 预测目标位置\r\n\r\n### 3. 斐波那契时间\r\n\r\n**应用**：\r\n- 预测时间周期\r\n- 重要时间节点\r\n- 结合价格分析\r\n\r\n---\r\n\r\n## 四、形态交易系统\r\n\r\n### 系统示例\r\n\r\n```\r\n【系统名称】形态突破交易系统\r\n\r\n【形态识别】\r\n- 头肩形态\r\n- 双顶/双底\r\n- 三角形\r\n- 旗形\r\n\r\n【入场条件】\r\n1. 形态完整形成\r\n2. 突破颈线/边界\r\n3. 成交量放大确认\r\n4. 回踩确认（可选）\r\n\r\n【止损设置】\r\n- 头肩：右肩外侧\r\n- 双顶/底：第二个顶/底外侧\r\n- 三角形：三角形内\r\n- 旗形：旗面外侧\r\n\r\n【止盈设置】\r\n- 第一目标：形态高度\r\n- 第二目标：1.5倍形态高度\r\n- 使用移动止损\r\n\r\n【仓位管理】\r\n- 单笔风险2%\r\n- 确认后可加仓\r\n```\r\n\r\n---\r\n\r\n## 五、斐波那契交易策略\r\n\r\n### 回调买入策略\r\n\r\n```\r\n【条件】\r\n1. 明确的上涨趋势\r\n2. 价格回调到38.2%-61.8%区域\r\n3. 出现看涨K线形态\r\n4. 其他指标确认（RSI、MACD）\r\n\r\n【入场】\r\n在斐波那契支撑区域入场\r\n\r\n【止损】\r\n61.8%下方或78.6%下方\r\n\r\n【止盈】\r\n前高或斐波那契扩展位\r\n```\r\n\r\n### 扩展目标策略\r\n\r\n```\r\n【使用场景】\r\n突破后预测目标位\r\n\r\n【方法】\r\n1. 画出斐波那契扩展\r\n2. 127.2%作为第一目标\r\n3. 161.8%作为第二目标\r\n4. 分批止盈\r\n```\r\n\r\n---\r\n\r\n## 六、实战技巧\r\n\r\n### 1. 形态识别技巧\r\n\r\n- 在日线以上周期寻找形态\r\n- 形态越大越可靠\r\n- 等待形态完成再交易\r\n- 结合成交量确认\r\n\r\n### 2. 斐波那契使用技巧\r\n\r\n- 选择明显的波段\r\n- 多个斐波那契位重合更有效\r\n- 结合水平支撑阻力\r\n- 不要过度依赖\r\n\r\n### 3. 常见错误\r\n\r\n- 过早判断形态\r\n- 不等待突破确认\r\n- 止损设置不合理\r\n- 忽视大趋势方向', NULL, NULL, 1, 1, 1, '2025-12-21 00:09:51', '2026-01-01 01:16:29'), (20, 20, '市场情绪分析与逆向交易', '深入理解市场情绪指标和逆向交易策略', 'markdown', '# 市场情绪分析与逆向交易\r\n\r\n## 一、市场情绪概述\r\n\r\n### 1. 什么是市场情绪\r\n\r\n**定义**：市场参与者整体的心理状态和预期\r\n\r\n**情绪周期**：\r\n```\r\n极度贪婪 → 乐观 → 中性 → 恐惧 → 极度恐惧\r\n    ↑                                    ↓\r\n    ←←←←←←←←←←←←←←←←←←←←←←←←←←←←←←←←←←←\r\n```\r\n\r\n**情绪与价格的关系**：\r\n- 极度贪婪时往往是顶部\r\n- 极度恐惧时往往是底部\r\n- 情绪是反向指标\r\n\r\n### 2. 为什么要分析情绪\r\n\r\n**辅助判断顶底**：\r\n- 技术分析的补充\r\n- 识别极端情况\r\n- 提高交易胜率\r\n\r\n**理解市场行为**：\r\n- 为什么会暴涨暴跌\r\n- 大众心理如何影响价格\r\n- 如何利用情绪获利\r\n\r\n---\r\n\r\n## 二、情绪指标详解\r\n\r\n### 1. 恐惧贪婪指数\r\n\r\n**数据来源**：Alternative.me\r\n\r\n**指数范围**：0-100\r\n- 0-25：极度恐惧\r\n- 25-45：恐惧\r\n- 45-55：中性\r\n- 55-75：贪婪\r\n- 75-100：极度贪婪\r\n\r\n**计算因素**：\r\n- 波动率（25%）\r\n- 市场动量（25%）\r\n- 社交媒体（15%）\r\n- 调查（15%）\r\n- 比特币主导地位（10%）\r\n- 谷歌趋势（10%）\r\n\r\n**使用方法**：\r\n- 极度恐惧（<20）：考虑买入\r\n- 极度贪婪（>80）：考虑卖出\r\n- 作为参考而非唯一依据\r\n\r\n### 2. 资金费率\r\n\r\n**定义**：永续合约多空双方的费用交换\r\n\r\n**解读**：\r\n- 正费率：多头付给空头，市场偏多\r\n- 负费率：空头付给多头，市场偏空\r\n- 费率越高，情绪越极端\r\n\r\n**极端值参考**：\r\n- 费率 > 0.1%：过度乐观\r\n- 费率 < -0.1%：过度悲观\r\n\r\n**交易应用**：\r\n- 高正费率 + 价格滞涨 = 可能回调\r\n- 高负费率 + 价格企稳 = 可能反弹\r\n\r\n### 3. 多空比\r\n\r\n**定义**：多头持仓与空头持仓的比例\r\n\r\n**数据来源**：\r\n- 交易所公布的多空比\r\n- 大户持仓比例\r\n- 散户持仓比例\r\n\r\n**解读**：\r\n- 多空比过高：多头拥挤，注意风险\r\n- 多空比过低：空头拥挤，可能反弹\r\n\r\n### 4. 未平仓合约（OI）\r\n\r\n**定义**：市场上未平仓的合约总量\r\n\r\n**解读**：\r\n- OI增加 + 价格上涨：趋势健康\r\n- OI增加 + 价格下跌：趋势健康\r\n- OI减少 + 价格变化：趋势可能结束\r\n\r\n**极端情况**：\r\n- OI创新高：市场过热\r\n- OI大幅下降：大量平仓，趋势可能反转\r\n\r\n### 5. 社交媒体情绪\r\n\r\n**监测渠道**：\r\n- Twitter/X\r\n- Reddit\r\n- Telegram群组\r\n- 微博、微信群\r\n\r\n**情绪信号**：\r\n- 全民喊多：可能见顶\r\n- 全民恐慌：可能见底\r\n- 无人关注：可能是底部\r\n\r\n---\r\n\r\n## 三、逆向交易策略\r\n\r\n### 1. 逆向交易的原理\r\n\r\n**核心思想**：\r\n- 大众通常是错的\r\n- 极端情绪往往是反转信号\r\n- 在别人恐惧时贪婪，在别人贪婪时恐惧\r\n\r\n**适用条件**：\r\n- 情绪达到极端\r\n- 有技术面配合\r\n- 风险可控\r\n\r\n### 2. 极度恐惧买入策略\r\n\r\n:::candlestick hammer:::\r\n\r\n**入场条件**：\r\n1. 恐惧贪婪指数 < 20\r\n2. 资金费率为负\r\n3. 价格在重要支撑位\r\n4. 出现看涨K线形态\r\n\r\n**止损设置**：\r\n- 支撑位下方\r\n- 或固定百分比（5-10%）\r\n\r\n**止盈设置**：\r\n- 恐惧指数回到50以上\r\n- 或技术阻力位\r\n\r\n### 3. 极度贪婪卖出策略\r\n\r\n:::candlestick shooting_star:::\r\n\r\n**入场条件**：\r\n1. 恐惧贪婪指数 > 80\r\n2. 资金费率异常高\r\n3. 价格在重要阻力位\r\n4. 出现看跌K线形态\r\n\r\n**止损设置**：\r\n- 阻力位上方\r\n- 或固定百分比\r\n\r\n**止盈设置**：\r\n- 贪婪指数回到50以下\r\n- 或技术支撑位\r\n\r\n---\r\n\r\n## 四、情绪分析实战框架\r\n\r\n### 每日情绪检查清单\r\n\r\n```\r\n□ 恐惧贪婪指数：____\r\n□ 资金费率：____%\r\n□ 多空比：____\r\n□ 未平仓合约变化：____\r\n□ 社交媒体情绪：____\r\n□ 综合评估：____\r\n```\r\n\r\n### 情绪交易决策表\r\n\r\n| 情绪状态 | 技术面 | 操作建议 |\r\n|---------|-------|---------|\r\n| 极度恐惧 | 支撑位 | 分批买入 |\r\n| 极度恐惧 | 破位 | 观望 |\r\n| 极度贪婪 | 阻力位 | 分批卖出 |\r\n| 极度贪婪 | 突破 | 谨慎追多 |\r\n| 中性 | - | 按技术面交易 |\r\n\r\n---\r\n\r\n## 五、注意事项\r\n\r\n### 1. 情绪可以更极端\r\n\r\n- 极度恐惧可以更恐惧\r\n- 极度贪婪可以更贪婪\r\n- 不要过早抄底摸顶\r\n\r\n### 2. 结合技术分析\r\n\r\n- 情绪只是辅助工具\r\n- 需要技术面确认\r\n- 不能单独使用\r\n\r\n### 3. 控制风险\r\n\r\n- 逆向交易风险较高\r\n- 必须设置止损\r\n- 仓位要小\r\n\r\n### 4. 耐心等待\r\n\r\n- 极端情绪不常见\r\n- 等待最佳机会\r\n- 不要强行交易\r\n\r\n---\r\n\r\n## 六、情绪指标工具\r\n\r\n| 工具 | 网址 | 主要指标 |\r\n|-----|------|---------|\r\n| Alternative.me | alternative.me | 恐惧贪婪指数 |\r\n| Coinglass | coinglass.com | 资金费率、OI |\r\n| CryptoQuant | cryptoquant.com | 链上情绪 |\r\n| Santiment | santiment.net | 社交情绪 |\r\n| LunarCrush | lunarcrush.com | 社交媒体分析 |', NULL, NULL, 1, 1, 1, '2025-12-21 00:09:51', '2026-01-01 01:16:29'), (21, 21, '高级资金管理与复利增长', '学习高级资金管理技术和长期复利增长策略', 'markdown', '# 高级资金管理与复利增长\r\n\r\n## 一、复利的力量\r\n\r\n### 1. 复利计算\r\n\r\n**复利公式**：\r\n```\r\n终值 = 本金 × (1 + 收益率)^期数\r\n```\r\n\r\n**复利增长示例**：\r\n| 月收益 | 1年后 | 3年后 | 5年后 |\r\n|-------|-------|-------|-------|\r\n| 5% | 1.80倍 | 5.89倍 | 19.22倍 |\r\n| 10% | 3.14倍 | 30.91倍 | 304.48倍 |\r\n| 15% | 5.35倍 | 153.15倍 | 4383.99倍 |\r\n\r\n**关键认知**：\r\n- 稳定的小收益比大起大落更重要\r\n- 时间是复利最好的朋友\r\n- 避免大回撤是关键\r\n\r\n### 2. 回撤对复利的影响\r\n\r\n**回撤恢复表**：\r\n| 回撤 | 需要盈利 |\r\n|-----|---------|\r\n| 10% | 11.1% |\r\n| 20% | 25% |\r\n| 30% | 42.9% |\r\n| 50% | 100% |\r\n| 70% | 233% |\r\n| 90% | 900% |\r\n\r\n**结论**：\r\n- 控制回撤比追求高收益更重要\r\n- 大回撤会严重损害复利效果\r\n- 稳定盈利是长期成功的关键\r\n\r\n---\r\n\r\n## 二、高级仓位管理\r\n\r\n### 1. 动态仓位调整\r\n\r\n**根据账户盈亏调整**：\r\n```\r\n盈利时：\r\n- 账户增长20%：仓位可增加10%\r\n- 账户增长50%：仓位可增加20%\r\n\r\n亏损时：\r\n- 账户回撤10%：仓位减少20%\r\n- 账户回撤20%：仓位减少50%\r\n```\r\n\r\n**根据市场状态调整**：\r\n```\r\n趋势明确时：\r\n- 仓位可以适当增加\r\n- 最大不超过计划的150%\r\n\r\n震荡/不确定时：\r\n- 仓位减少到计划的50-70%\r\n- 或者不交易\r\n```\r\n\r\n### 2. 金字塔加仓法\r\n\r\n:::candlestick ma_bullish_alignment:::\r\n\r\n**原理**：趋势确认后逐步加仓\r\n\r\n**方法**：\r\n```\r\n第一仓：50%计划仓位\r\n确认后第二仓：30%计划仓位\r\n再确认第三仓：20%计划仓位\r\n```\r\n\r\n**规则**：\r\n- 只在盈利时加仓\r\n- 每次加仓量递减\r\n- 加仓后调整止损到成本价\r\n\r\n**示例**：\r\n```\r\n计划仓位：1 BTC\r\n入场价：50000\r\n\r\n第一仓：0.5 BTC @ 50000\r\n价格涨到52000，加仓\r\n第二仓：0.3 BTC @ 52000\r\n价格涨到54000，加仓\r\n第三仓：0.2 BTC @ 54000\r\n\r\n平均成本：51400\r\n止损移到51400（保本）\r\n```\r\n\r\n### 3. 分批止盈法\r\n\r\n**方法**：\r\n```\r\n第一目标（1R）：平仓30%\r\n第二目标（2R）：平仓30%\r\n剩余40%：移动止损跟踪\r\n```\r\n\r\n**优点**：\r\n- 锁定部分利润\r\n- 保留上涨空间\r\n- 心理压力小\r\n\r\n---\r\n\r\n## 三、资金曲线管理\r\n\r\n### 1. 理想的资金曲线\r\n\r\n**特征**：\r\n- 稳步上升\r\n- 回撤可控（<20%）\r\n- 没有大起大落\r\n\r\n**目标**：\r\n- 月度正收益\r\n- 季度稳定增长\r\n- 年度目标达成\r\n\r\n### 2. 回撤控制策略\r\n\r\n**预防措施**：\r\n- 严格止损\r\n- 控制单笔风险\r\n- 分散交易\r\n\r\n**回撤应对**：\r\n```\r\n回撤5%：正常波动，继续交易\r\n回撤10%：减少仓位50%\r\n回撤15%：减少仓位70%\r\n回撤20%：暂停交易，复盘\r\n```\r\n\r\n### 3. 盈利保护策略\r\n\r\n**定期提取利润**：\r\n```\r\n每月盈利超过10%：提取50%利润\r\n每季度：提取累计利润的30%\r\n```\r\n\r\n**建立安全垫**：\r\n```\r\n初始资金：10000U\r\n盈利5000U后：\r\n- 提取5000U作为安全垫\r\n- 用10000U继续交易\r\n- 即使全亏也不伤本金\r\n```\r\n\r\n---\r\n\r\n## 四、长期资金规划\r\n\r\n### 1. 阶段性目标\r\n\r\n**第一阶段（1-6个月）**：\r\n- 目标：不亏或小亏\r\n- 重点：学习和验证系统\r\n- 资金：小资金实盘\r\n\r\n**第二阶段（6-12个月）**：\r\n- 目标：稳定盈利\r\n- 重点：完善系统和心态\r\n- 资金：逐步增加\r\n\r\n**第三阶段（1-3年）**：\r\n- 目标：持续复利增长\r\n- 重点：扩大规模\r\n- 资金：达到目标规模\r\n\r\n### 2. 收益预期管理\r\n\r\n**合理预期**：\r\n- 月收益：5-15%\r\n- 年收益：50-200%\r\n- 最大回撤：<20%\r\n\r\n**不合理预期**：\r\n- 月翻倍\r\n- 稳赚不赔\r\n- 快速致富\r\n\r\n### 3. 风险预算\r\n\r\n**年度风险预算**：\r\n```\r\n总资金：10000U\r\n年度最大可亏损：2000U（20%）\r\n每月风险预算：约170U\r\n每周风险预算：约40U\r\n```\r\n\r\n---\r\n\r\n## 五、资金管理规则总结\r\n\r\n### 核心规则\r\n\r\n```\r\n1. 单笔风险 ≤ 2%\r\n2. 总仓位 ≤ 30%\r\n3. 最大回撤 ≤ 20%\r\n4. 盈利时可适当加仓\r\n5. 亏损时必须减仓\r\n6. 定期提取利润\r\n```\r\n\r\n### 禁止事项\r\n\r\n```\r\n1. 禁止满仓操作\r\n2. 禁止亏损加仓\r\n3. 禁止不设止损\r\n4. 禁止借钱交易\r\n5. 禁止情绪化调整仓位\r\n```\r\n\r\n---\r\n\r\n## 六、实战建议\r\n\r\n1. **稳定优先**：追求稳定收益而非暴利\r\n2. **控制回撤**：回撤是复利的最大敌人\r\n3. **耐心复利**：时间会放大收益\r\n4. **定期复盘**：监控资金曲线\r\n5. **保护本金**：本金是一切的基础\r\n6. **长期思维**：用年为单位思考', NULL, NULL, 1, 1, 1, '2025-12-21 00:09:51', '2026-01-01 01:16:29'), (22, 22, '交易系统评估与优化方法', '学习如何评估交易系统表现并进行科学优化', 'markdown', '# 交易系统评估与优化方法\r\n\r\n## 一、系统评估指标\r\n\r\n### 1. 基础指标\r\n\r\n**胜率（Win Rate）**：\r\n```\r\n胜率 = 盈利次数 / 总交易次数 × 100%\r\n\r\n评估标准：\r\n- 趋势系统：30-50%正常\r\n- 震荡系统：50-70%正常\r\n```\r\n\r\n**盈亏比（Risk/Reward）**：\r\n```\r\n盈亏比 = 平均盈利 / 平均亏损\r\n\r\n评估标准：\r\n- 最低要求：1.5:1\r\n- 良好：2:1以上\r\n- 优秀：3:1以上\r\n```\r\n\r\n**期望值（Expectancy）**：\r\n```\r\n期望值 = (胜率 × 平均盈利) - (败率 × 平均亏损)\r\n\r\n评估标准：\r\n- 必须 > 0\r\n- 越高越好\r\n```\r\n\r\n### 2. 进阶指标\r\n\r\n**最大回撤（Max Drawdown）**：\r\n```\r\n最大回撤 = (峰值 - 谷值) / 峰值 × 100%\r\n\r\n评估标准：\r\n- 优秀：< 15%\r\n- 良好：15-25%\r\n- 可接受：25-35%\r\n- 需改进：> 35%\r\n```\r\n\r\n**夏普比率（Sharpe Ratio）**：\r\n```\r\n夏普比率 = (收益率 - 无风险利率) / 收益标准差\r\n\r\n评估标准：\r\n- > 1：可接受\r\n- > 2：良好\r\n- > 3：优秀\r\n```\r\n\r\n**盈利因子（Profit Factor）**：\r\n```\r\n盈利因子 = 总盈利 / 总亏损\r\n\r\n评估标准：\r\n- > 1.5：可接受\r\n- > 2：良好\r\n- > 3：优秀\r\n```\r\n\r\n**恢复因子（Recovery Factor）**：\r\n```\r\n恢复因子 = 净利润 / 最大回撤\r\n\r\n评估标准：\r\n- > 3：良好\r\n- > 5：优秀\r\n```\r\n\r\n---\r\n\r\n## 二、系统诊断\r\n\r\n### 1. 常见问题诊断\r\n\r\n**问题：胜率低**\r\n```\r\n可能原因：\r\n- 逆势交易\r\n- 入场时机不好\r\n- 止损太紧\r\n\r\n解决方案：\r\n- 只顺势交易\r\n- 等待回调入场\r\n- 根据ATR设置止损\r\n```\r\n\r\n**问题：盈亏比低**\r\n```\r\n可能原因：\r\n- 过早止盈\r\n- 止损太宽\r\n- 不让利润奔跑\r\n\r\n解决方案：\r\n- 使用移动止损\r\n- 优化止损位置\r\n- 分批止盈\r\n```\r\n\r\n**问题：回撤大**\r\n```\r\n可能原因：\r\n- 仓位太重\r\n- 不止损\r\n- 连续亏损不减仓\r\n\r\n解决方案：\r\n- 降低单笔风险\r\n- 严格执行止损\r\n- 亏损后减仓\r\n```\r\n\r\n### 2. 系统健康检查表\r\n\r\n```\r\n□ 期望值是否为正？\r\n□ 最大回撤是否可接受？\r\n□ 盈利因子是否 > 1.5？\r\n□ 胜率和盈亏比是否匹配？\r\n□ 系统在不同市场状态表现如何？\r\n□ 最近表现是否与历史一致？\r\n```\r\n\r\n---\r\n\r\n## 三、系统优化方法\r\n\r\n### 1. 参数优化\r\n\r\n**优化对象**：\r\n- 均线周期\r\n- 指标参数\r\n- 止损止盈比例\r\n\r\n**优化方法**：\r\n```\r\n1. 确定优化范围\r\n   例：MA周期从10到50\r\n\r\n2. 回测不同参数\r\n   MA10, MA15, MA20...\r\n\r\n3. 选择稳健参数\r\n   不选最优，选次优但稳定的\r\n\r\n4. 样本外验证\r\n   用新数据验证\r\n```\r\n\r\n**注意事项**：\r\n- 避免过度优化\r\n- 参数要有逻辑意义\r\n- 保持参数简单\r\n\r\n### 2. 规则优化\r\n\r\n**入场规则优化**：\r\n\r\n:::candlestick macd_golden_cross:::\r\n\r\n```\r\n原规则：MACD金叉入场\r\n优化后：MACD金叉 + 价格在MA20上方\r\n\r\n效果：过滤逆势信号\r\n```\r\n\r\n**出场规则优化**：\r\n```\r\n原规则：固定止盈2R\r\n优化后：1R止盈50%，剩余移动止损\r\n\r\n效果：锁定利润同时保留空间\r\n```\r\n\r\n**过滤条件优化**：\r\n```\r\n添加过滤：\r\n- 趋势过滤：只在趋势方向交易\r\n- 时间过滤：避开重要数据发布\r\n- 波动过滤：ATR过低时不交易\r\n```\r\n\r\n### 3. 避免过度优化\r\n\r\n**过度优化的特征**：\r\n- 参数过于精确（如MA17而非MA20）\r\n- 规则过于复杂\r\n- 历史表现完美但实盘差\r\n\r\n**避免方法**：\r\n- 使用简单参数（整数、常用值）\r\n- 规则不超过5个\r\n- 样本外测试验证\r\n- 保持逻辑合理性\r\n\r\n---\r\n\r\n## 四、优化流程\r\n\r\n### 标准优化流程\r\n\r\n```\r\n1. 收集数据\r\n   - 至少100笔交易\r\n   - 覆盖不同市场状态\r\n\r\n2. 计算指标\r\n   - 胜率、盈亏比、期望值\r\n   - 最大回撤、盈利因子\r\n\r\n3. 诊断问题\r\n   - 找出主要问题\r\n   - 分析原因\r\n\r\n4. 制定优化方案\r\n   - 针对性改进\r\n   - 一次只改一个变量\r\n\r\n5. 回测验证\r\n   - 用历史数据测试\r\n   - 对比优化前后\r\n\r\n6. 样本外验证\r\n   - 用新数据验证\r\n   - 确认改进有效\r\n\r\n7. 小资金实盘验证\r\n   - 实盘测试\r\n   - 观察实际效果\r\n\r\n8. 正式应用\r\n   - 确认有效后应用\r\n   - 持续监控\r\n```\r\n\r\n---\r\n\r\n## 五、持续改进\r\n\r\n### 1. 定期评估\r\n\r\n**每月评估**：\r\n- 计算月度指标\r\n- 对比历史表现\r\n- 识别问题\r\n\r\n**每季度评估**：\r\n- 全面系统评估\r\n- 考虑是否需要优化\r\n- 制定改进计划\r\n\r\n### 2. 记录变更\r\n\r\n```\r\n变更日志：\r\n日期：____\r\n变更内容：____\r\n变更原因：____\r\n预期效果：____\r\n实际效果：____\r\n```\r\n\r\n### 3. 版本管理\r\n\r\n```\r\n系统版本：v1.0\r\n- 基础趋势跟踪系统\r\n\r\n系统版本：v1.1\r\n- 添加趋势过滤条件\r\n\r\n系统版本：v1.2\r\n- 优化止盈策略\r\n```\r\n\r\n---\r\n\r\n## 六、优化注意事项\r\n\r\n1. **不要频繁修改**：给系统足够的验证时间\r\n2. **一次改一个**：便于评估效果\r\n3. **保持简单**：复杂不等于有效\r\n4. **尊重数据**：基于数据而非感觉\r\n5. **接受不完美**：没有完美的系统\r\n6. **持续学习**：市场在变化，系统也要进化', NULL, NULL, 1, 1, 1, '2025-12-21 00:09:51', '2026-01-01 01:16:29'), (23, 23, '多策略组合与资产配置', '学习策略组合原理和构建方法，实现收益平滑', 'markdown', '# 多策略组合与资产配置\r\n\r\n## 一、策略组合的意义\r\n\r\n### 1. 为什么需要多策略\r\n\r\n**单一策略的问题**：\r\n- 在某些市场状态下失效\r\n- 收益曲线波动大\r\n- 心理压力大\r\n\r\n**多策略的优势**：\r\n- 适应不同市场状态\r\n- 平滑收益曲线\r\n- 降低整体风险\r\n\r\n### 2. 策略组合的目标\r\n\r\n**主要目标**：\r\n- 降低最大回撤\r\n- 提高夏普比率\r\n- 稳定收益\r\n\r\n**次要目标**：\r\n- 减少空仓时间\r\n- 提高资金利用率\r\n- 分散风险\r\n\r\n---\r\n\r\n## 二、策略相关性分析\r\n\r\n### 1. 什么是策略相关性\r\n\r\n**定义**：两个策略收益之间的关联程度\r\n\r\n**相关系数**：\r\n- +1：完全正相关（同涨同跌）\r\n- 0：不相关\r\n- -1：完全负相关（一涨一跌）\r\n\r\n### 2. 理想的策略组合\r\n\r\n**低相关性组合**：\r\n- 策略A盈利时，策略B可能亏损\r\n- 策略A亏损时，策略B可能盈利\r\n- 整体收益更稳定\r\n\r\n**组合示例**：\r\n```\r\n策略A：趋势跟踪（趋势市盈利）\r\n策略B：均值回归（震荡市盈利）\r\n相关性：低或负相关\r\n组合效果：无论趋势还是震荡都有策略盈利\r\n```\r\n\r\n### 3. 相关性计算\r\n\r\n**简单方法**：\r\n- 观察两个策略的收益曲线\r\n- 是否同涨同跌\r\n- 主观判断相关性\r\n\r\n**量化方法**：\r\n- 计算收益的相关系数\r\n- 使用Excel或Python\r\n- 相关系数 < 0.3 为低相关\r\n\r\n---\r\n\r\n## 三、常见策略组合\r\n\r\n### 1. 趋势 + 震荡组合\r\n\r\n**策略A：趋势跟踪**\r\n\r\n:::candlestick ma_support:::\r\n\r\n- 适用：趋势市场\r\n- 特点：胜率低，盈亏比高\r\n\r\n**策略B：区间交易**\r\n\r\n:::candlestick support_bounce:::\r\n\r\n- 适用：震荡市场\r\n- 特点：胜率高，盈亏比低\r\n\r\n**组合效果**：\r\n- 趋势市：策略A盈利，策略B小亏\r\n- 震荡市：策略B盈利，策略A小亏\r\n- 整体：收益更稳定\r\n\r\n### 2. 多周期组合\r\n\r\n**策略A：日线趋势**\r\n- 持仓时间：数天到数周\r\n- 交易频率：低\r\n\r\n**策略B：4小时波段**\r\n- 持仓时间：数小时到数天\r\n- 交易频率：中\r\n\r\n**策略C：1小时短线**\r\n- 持仓时间：数小时\r\n- 交易频率：高\r\n\r\n**组合效果**：\r\n- 不同时间维度捕捉机会\r\n- 提高资金利用率\r\n\r\n### 3. 多品种组合\r\n\r\n**策略应用于多个品种**：\r\n- BTC趋势策略\r\n- ETH趋势策略\r\n- 其他主流币策略\r\n\r\n**组合效果**：\r\n- 分散单一品种风险\r\n- 捕捉不同品种机会\r\n\r\n---\r\n\r\n## 四、资金分配方法\r\n\r\n### 1. 等权重分配\r\n\r\n**方法**：每个策略分配相同资金\r\n\r\n**示例**：\r\n```\r\n总资金：10000U\r\n策略A：3333U\r\n策略B：3333U\r\n策略C：3334U\r\n```\r\n\r\n**优点**：简单\r\n**缺点**：没有考虑策略表现差异\r\n\r\n### 2. 风险平价分配\r\n\r\n**方法**：根据策略波动率分配，使每个策略贡献相同风险\r\n\r\n**示例**：\r\n```\r\n策略A波动率：10%\r\n策略B波动率：20%\r\n策略C波动率：15%\r\n\r\n分配比例：\r\n策略A：40%\r\n策略B：20%\r\n策略C：26.7%\r\n```\r\n\r\n**优点**：风险更均衡\r\n**缺点**：计算复杂\r\n\r\n### 3. 表现加权分配\r\n\r\n**方法**：表现好的策略分配更多资金\r\n\r\n**示例**：\r\n```\r\n策略A夏普比率：2.0\r\n策略B夏普比率：1.5\r\n策略C夏普比率：1.0\r\n\r\n分配比例：\r\n策略A：44%\r\n策略B：33%\r\n策略C：22%\r\n```\r\n\r\n**优点**：优化收益\r\n**缺点**：可能过度集中\r\n\r\n---\r\n\r\n## 五、组合管理\r\n\r\n### 1. 定期再平衡\r\n\r\n**频率**：每月或每季度\r\n\r\n**方法**：\r\n```\r\n1. 计算当前各策略资金占比\r\n2. 与目标占比对比\r\n3. 调整到目标占比\r\n```\r\n\r\n**示例**：\r\n```\r\n目标：A:B:C = 40:30:30\r\n当前：A:B:C = 50:25:25\r\n操作：从A转移资金到B和C\r\n```\r\n\r\n### 2. 动态调整\r\n\r\n**根据市场状态调整**：\r\n```\r\n趋势市场：\r\n- 增加趋势策略权重\r\n- 减少震荡策略权重\r\n\r\n震荡市场：\r\n- 增加震荡策略权重\r\n- 减少趋势策略权重\r\n```\r\n\r\n**根据策略表现调整**：\r\n```\r\n策略连续亏损：\r\n- 减少该策略权重\r\n- 或暂停该策略\r\n\r\n策略持续盈利：\r\n- 可适当增加权重\r\n- 但不要过度集中\r\n```\r\n\r\n### 3. 风险监控\r\n\r\n**监控指标**：\r\n- 组合整体回撤\r\n- 各策略相关性变化\r\n- 单一策略占比\r\n\r\n**风险控制**：\r\n- 组合最大回撤 < 20%\r\n- 单一策略占比 < 50%\r\n- 相关性过高时调整\r\n\r\n---\r\n\r\n## 六、组合构建步骤\r\n\r\n### 实操流程\r\n\r\n```\r\n1. 选择策略\r\n   - 至少2-3个策略\r\n   - 逻辑不同\r\n   - 经过验证\r\n\r\n2. 分析相关性\r\n   - 计算历史相关性\r\n   - 选择低相关策略\r\n\r\n3. 确定权重\r\n   - 初始等权重\r\n   - 或根据风险分配\r\n\r\n4. 回测组合\r\n   - 测试组合表现\r\n   - 对比单一策略\r\n\r\n5. 实盘验证\r\n   - 小资金测试\r\n   - 观察实际效果\r\n\r\n6. 持续优化\r\n   - 定期再平衡\r\n   - 动态调整\r\n```\r\n\r\n---\r\n\r\n## 七、注意事项\r\n\r\n1. **不要过度分散**：2-4个策略足够\r\n2. **确保策略独立**：不要用相似的策略\r\n3. **控制总风险**：组合风险不能叠加\r\n4. **定期评估**：策略相关性可能变化\r\n5. **保持简单**：复杂组合难以管理\r\n6. **耐心验证**：给组合足够的时间', NULL, NULL, 1, 1, 1, '2025-12-21 00:09:51', '2026-01-01 01:16:29'), (24, 24, '交易员成长总结与未来规划', '回顾半年学习成果，制定长期发展规划', 'markdown', '# 交易员成长总结与未来规划\r\n\r\n## 一、半年学习回顾\r\n\r\n### 1. 知识体系总结\r\n\r\n**第一阶段：基础构建（第1-8周）**\r\n```\r\n✓ K线形态与市场认知\r\n✓ 支撑阻力与趋势线\r\n✓ 移动平均线系统\r\n✓ MACD指标应用\r\n✓ RSI与布林带\r\n✓ 成交量分析\r\n✓ 基本面与消息面\r\n✓ 链上数据入门\r\n```\r\n\r\n**第二阶段：策略整合（第9-16周）**\r\n```\r\n✓ 交易系统构建\r\n✓ 风险管理基础\r\n✓ 趋势跟随策略\r\n✓ 震荡交易策略\r\n✓ 突破交易策略\r\n✓ 多时间框架分析\r\n✓ 交易心理学\r\n✓ 模拟交易实战\r\n```\r\n\r\n**第三阶段：进阶稳定（第17-24周）**\r\n```\r\n✓ 小资金实盘\r\n✓ 交易日志分析\r\n✓ 高级技术分析\r\n✓ 市场情绪分析\r\n✓ 资金管理进阶\r\n✓ 系统优化方法\r\n✓ 多策略组合\r\n✓ 总结与规划\r\n```\r\n\r\n### 2. 能力评估清单\r\n\r\n**技术分析能力**\r\n```\r\n□ 能够识别主要K线形态\r\n□ 能够画出支撑阻力和趋势线\r\n□ 能够使用均线判断趋势\r\n□ 能够使用MACD、RSI等指标\r\n□ 能够分析成交量\r\n□ 能够识别图表形态\r\n```\r\n\r\n**交易系统能力**\r\n```\r\n□ 有明确的交易系统规则\r\n□ 能够严格执行系统\r\n□ 能够评估系统表现\r\n□ 能够优化系统\r\n```\r\n\r\n**风险管理能力**\r\n```\r\n□ 每笔交易都设止损\r\n□ 能够计算合理仓位\r\n□ 能够控制回撤\r\n□ 有资金管理规则\r\n```\r\n\r\n**心理控制能力**\r\n```\r\n□ 能够控制贪婪和恐惧\r\n□ 不会报复性交易\r\n□ 能够接受亏损\r\n□ 能够保持耐心\r\n```\r\n\r\n---\r\n\r\n## 二、交易数据分析\r\n\r\n### 1. 数据统计模板\r\n\r\n```\r\n═══════════════════════════════════════\r\n半年交易数据统计\r\n\r\n【基础数据】\r\n总交易次数：____\r\n盈利次数：____\r\n亏损次数：____\r\n胜率：____%\r\n\r\n【盈亏数据】\r\n总盈利：____U\r\n总亏损：____U\r\n净盈亏：____U\r\n盈亏比：____\r\n\r\n【风险数据】\r\n最大单笔盈利：____U\r\n最大单笔亏损：____U\r\n最大回撤：____%\r\n最长连续亏损：____次\r\n\r\n【效率数据】\r\n平均持仓时间：____\r\n月均交易次数：____\r\n资金利用率：____%\r\n═══════════════════════════════════════\r\n```\r\n\r\n### 2. 表现评估\r\n\r\n**优秀标准**：\r\n- 胜率 > 45%\r\n- 盈亏比 > 2\r\n- 最大回撤 < 20%\r\n- 期望值 > 0\r\n\r\n**需要改进的信号**：\r\n- 胜率 < 35%\r\n- 盈亏比 < 1.5\r\n- 最大回撤 > 30%\r\n- 期望值 < 0\r\n\r\n---\r\n\r\n## 三、经验教训总结\r\n\r\n### 1. 成功交易分析\r\n\r\n```\r\n最成功的3笔交易：\r\n\r\n交易1：\r\n- 品种/方向：____\r\n- 盈利：____\r\n- 成功原因：____\r\n- 可复制的经验：____\r\n\r\n交易2：\r\n- 品种/方向：____\r\n- 盈利：____\r\n- 成功原因：____\r\n- 可复制的经验：____\r\n\r\n交易3：\r\n- 品种/方向：____\r\n- 盈利：____\r\n- 成功原因：____\r\n- 可复制的经验：____\r\n```\r\n\r\n### 2. 失败交易分析\r\n\r\n```\r\n最失败的3笔交易：\r\n\r\n交易1：\r\n- 品种/方向：____\r\n- 亏损：____\r\n- 失败原因：____\r\n- 避免方法：____\r\n\r\n交易2：\r\n- 品种/方向：____\r\n- 亏损：____\r\n- 失败原因：____\r\n- 避免方法：____\r\n\r\n交易3：\r\n- 品种/方向：____\r\n- 亏损：____\r\n- 失败原因：____\r\n- 避免方法：____\r\n```\r\n\r\n### 3. 关键教训\r\n\r\n```\r\n我学到的最重要的5个教训：\r\n\r\n1. ____________________\r\n2. ____________________\r\n3. ____________________\r\n4. ____________________\r\n5. ____________________\r\n```\r\n\r\n---\r\n\r\n## 四、未来发展规划\r\n\r\n### 1. 短期目标（3个月）\r\n\r\n```\r\n交易目标：\r\n- 月均收益：____%\r\n- 最大回撤：< ___%\r\n- 交易次数：____次/月\r\n\r\n学习目标：\r\n- 深入学习：____\r\n- 改进方向：____\r\n- 新技能：____\r\n\r\n行动计划：\r\n- 每日：____\r\n- 每周：____\r\n- 每月：____\r\n```\r\n\r\n### 2. 中期目标（1年）\r\n\r\n```\r\n资金目标：\r\n- 起始资金：____U\r\n- 目标资金：____U\r\n- 年化收益：____%\r\n\r\n能力目标：\r\n- 形成稳定的交易风格\r\n- 建立完善的交易系统\r\n- 实现持续稳定盈利\r\n\r\n里程碑：\r\n- 3个月：____\r\n- 6个月：____\r\n- 9个月：____\r\n- 12个月：____\r\n```\r\n\r\n### 3. 长期愿景（3-5年）\r\n\r\n```\r\n职业规划：\r\n□ 成为全职交易员\r\n□ 管理更大资金\r\n□ 建立交易团队\r\n□ 其他：____\r\n\r\n财务目标：\r\n- 3年目标：____\r\n- 5年目标：____\r\n\r\n持续学习：\r\n- 高级技术分析\r\n- 量化交易\r\n- 其他市场\r\n```\r\n\r\n---\r\n\r\n## 五、持续成长建议\r\n\r\n### 1. 保持学习\r\n\r\n**学习资源**：\r\n- 经典交易书籍\r\n- 优秀交易员分享\r\n- 市场研究报告\r\n- 实盘复盘总结\r\n\r\n**推荐书单**：\r\n- 《股票大作手回忆录》\r\n- 《交易心理分析》\r\n- 《海龟交易法则》\r\n- 《专业投机原理》\r\n\r\n### 2. 建立交易圈子\r\n\r\n**好处**：\r\n- 交流学习\r\n- 互相监督\r\n- 信息共享\r\n- 心理支持\r\n\r\n**方式**：\r\n- 加入交易社群\r\n- 参加线下活动\r\n- 找到交易伙伴\r\n\r\n### 3. 保持健康\r\n\r\n**身体健康**：\r\n- 规律作息\r\n- 适当运动\r\n- 健康饮食\r\n\r\n**心理健康**：\r\n- 不要过度沉迷\r\n- 保持其他兴趣\r\n- 维护社交关系\r\n\r\n---\r\n\r\n## 六、写给未来的自己\r\n\r\n```\r\n致一年后的自己：\r\n\r\n回顾这半年的学习，我最大的收获是：\r\n____________________\r\n\r\n我最需要改进的是：\r\n____________________\r\n\r\n我对未来的期望是：\r\n____________________\r\n\r\n我承诺会坚持：\r\n____________________\r\n\r\n签名：____\r\n日期：____\r\n```\r\n\r\n---\r\n\r\n## 七、结语\r\n\r\n交易是一场马拉松，不是短跑。\r\n\r\n半年的学习只是开始，真正的成长在于：\r\n- 持续学习和实践\r\n- 不断复盘和改进\r\n- 保持耐心和纪律\r\n- 控制风险和情绪\r\n\r\n记住：\r\n- 保护本金是第一要务\r\n- 稳定盈利比暴利更重要\r\n- 时间是最好的朋友\r\n- 享受交易的过程\r\n\r\n祝你在交易之路上越走越远！', NULL, NULL, 1, 1, 1, '2025-12-21 00:09:51', '2025-12-21 00:09:51');
COMMIT;

-- ----------------------------
-- Table structure for learn_note
-- ----------------------------
DROP TABLE IF EXISTS `learn_note`;
CREATE TABLE `learn_note`  (
  `id` bigint(20) NOT NULL AUTO_INCREMENT COMMENT '笔记ID',
  `user_id` bigint(20) NOT NULL COMMENT '用户ID',
  `chapter_id` bigint(20) NULL DEFAULT NULL COMMENT '关联章节ID',
  `title` varchar(100) CHARACTER SET utf8mb4 COLLATE utf8mb4_general_ci NULL DEFAULT NULL COMMENT '笔记标题',
  `content` longtext CHARACTER SET utf8mb4 COLLATE utf8mb4_general_ci NULL COMMENT '笔记内容',
  `create_time` datetime NULL DEFAULT CURRENT_TIMESTAMP COMMENT '创建时间',
  `update_time` datetime NULL DEFAULT CURRENT_TIMESTAMP ON UPDATE CURRENT_TIMESTAMP COMMENT '更新时间',
  PRIMARY KEY (`id`) USING BTREE,
  INDEX `idx_user_id`(`user_id`) USING BTREE
) ENGINE = InnoDB AUTO_INCREMENT = 2 CHARACTER SET = utf8mb4 COLLATE = utf8mb4_general_ci COMMENT = '学习笔记表';

-- ----------------------------
-- Records of learn_note
-- ----------------------------
BEGIN;
INSERT INTO `learn_note` (`id`, `user_id`, `chapter_id`, `title`, `content`, `create_time`, `update_time`) VALUES (1, 2, 10, '第10周：风险管理基础 - 笔记', '学习笔记', '2025-12-26 20:49:05', '2025-12-26 20:49:05');
COMMIT;

-- ----------------------------
-- Table structure for learn_progress
-- ----------------------------
DROP TABLE IF EXISTS `learn_progress`;
CREATE TABLE `learn_progress`  (
  `id` bigint(20) NOT NULL AUTO_INCREMENT COMMENT 'ID',
  `user_id` bigint(20) NOT NULL COMMENT '用户ID',
  `chapter_id` bigint(20) NOT NULL COMMENT '章节ID',
  `is_completed` tinyint(4) NULL DEFAULT 0 COMMENT '是否完成',
  `complete_time` datetime NULL DEFAULT NULL COMMENT '完成时间',
  `create_time` datetime NULL DEFAULT CURRENT_TIMESTAMP COMMENT '创建时间',
  PRIMARY KEY (`id`) USING BTREE,
  UNIQUE INDEX `uk_user_chapter`(`user_id`, `chapter_id`) USING BTREE
) ENGINE = InnoDB AUTO_INCREMENT = 3 CHARACTER SET = utf8mb4 COLLATE = utf8mb4_general_ci COMMENT = '学习进度表';

-- ----------------------------
-- Records of learn_progress
-- ----------------------------
BEGIN;
INSERT INTO `learn_progress` (`id`, `user_id`, `chapter_id`, `is_completed`, `complete_time`, `create_time`) VALUES (1, 2, 1, 1, '2025-12-26 20:22:39', '2025-12-26 20:22:39'), (2, 2, 10, 1, '2025-12-26 20:48:53', '2025-12-26 20:48:53');
COMMIT;

-- ----------------------------
-- Table structure for learn_quiz
-- ----------------------------
DROP TABLE IF EXISTS `learn_quiz`;
CREATE TABLE `learn_quiz`  (
  `id` bigint(20) NOT NULL AUTO_INCREMENT COMMENT '题目ID',
  `chapter_id` bigint(20) NOT NULL COMMENT '章节ID',
  `question` text CHARACTER SET utf8mb4 COLLATE utf8mb4_general_ci NOT NULL COMMENT '题目内容',
  `question_type` varchar(20) CHARACTER SET utf8mb4 COLLATE utf8mb4_general_ci NOT NULL COMMENT '题型：single单选/multiple多选/judge判断/calculate计算/short简答',
  `options` text CHARACTER SET utf8mb4 COLLATE utf8mb4_general_ci NULL COMMENT '选项JSON：[{\"key\":\"A\",\"value\":\"选项内容\"}]',
  `answer` varchar(100) CHARACTER SET utf8mb4 COLLATE utf8mb4_general_ci NOT NULL COMMENT '正确答案：A/AB/true/false/具体答案',
  `explanation` text CHARACTER SET utf8mb4 COLLATE utf8mb4_general_ci NULL COMMENT '答案解析',
  `difficulty` tinyint(4) NULL DEFAULT 1 COMMENT '难度：1基础 2进阶 3挑战',
  `points` int(11) NULL DEFAULT 10 COMMENT '分值',
  `sort_order` int(11) NULL DEFAULT 0 COMMENT '排序',
  `status` tinyint(4) NULL DEFAULT 1 COMMENT '状态：0禁用 1启用',
  `create_by` bigint(20) NULL DEFAULT NULL COMMENT '创建人',
  `create_time` datetime NULL DEFAULT CURRENT_TIMESTAMP COMMENT '创建时间',
  `update_time` datetime NULL DEFAULT CURRENT_TIMESTAMP ON UPDATE CURRENT_TIMESTAMP COMMENT '更新时间',
  PRIMARY KEY (`id`) USING BTREE,
  INDEX `idx_chapter_id`(`chapter_id`) USING BTREE,
  INDEX `idx_question_type`(`question_type`) USING BTREE,
  INDEX `idx_difficulty`(`difficulty`) USING BTREE
) ENGINE = InnoDB AUTO_INCREMENT = 289 CHARACTER SET = utf8mb4 COLLATE = utf8mb4_general_ci COMMENT = '测验题目表';

-- ----------------------------
-- Records of learn_quiz
-- ----------------------------
BEGIN;
INSERT INTO `learn_quiz` (`id`, `chapter_id`, `question`, `question_type`, `options`, `answer`, `explanation`, `difficulty`, `points`, `sort_order`, `status`, `create_by`, `create_time`, `update_time`) VALUES (1, 1, '锤子线的特征是？', 'single', '[{\"key\":\"A\",\"value\":\"上影线长，下影线短\"},{\"key\":\"B\",\"value\":\"下影线长度至少是实体的2倍，上影线很短或没有\"},{\"key\":\"C\",\"value\":\"上下影线都很长\"},{\"key\":\"D\",\"value\":\"没有影线\"}]', 'B', '锤子线的下影线长度至少是实体的2倍，上影线很短或没有，出现在下跌趋势末端是看涨信号。', 1, 10, 1, 1, NULL, '2025-12-30 13:39:00', '2025-12-30 13:39:00'), (2, 1, '十字星单独出现就是强烈的反转信号。', 'judge', NULL, 'false', '十字星表示多空力量均衡，单独使用意义不大，需要结合位置和后续K线判断方向。', 1, 10, 2, 1, NULL, '2025-12-30 13:39:00', '2025-12-30 13:39:00'), (3, 1, '以下哪些是看跌的K线形态？', 'multiple', '[{\"key\":\"A\",\"value\":\"射击之星\"},{\"key\":\"B\",\"value\":\"锤子线\"},{\"key\":\"C\",\"value\":\"黄昏之星\"},{\"key\":\"D\",\"value\":\"看跌吞没\"}]', 'ACD', '锤子线是看涨形态，射击之星、黄昏之星、看跌吞没都是看跌形态。', 2, 10, 3, 1, NULL, '2025-12-30 13:39:00', '2025-12-30 13:39:00'), (4, 1, '早晨之星形态由几根K线组成？', 'single', '[{\"key\":\"A\",\"value\":\"1根\"},{\"key\":\"B\",\"value\":\"2根\"},{\"key\":\"C\",\"value\":\"3根\"},{\"key\":\"D\",\"value\":\"4根\"}]', 'C', '早晨之星由三根K线组成：大阴线、小实体星线、大阳线。', 1, 10, 4, 1, NULL, '2025-12-30 13:39:00', '2025-12-30 13:39:00'), (5, 1, '看涨吞没形态中，第二根K线应该是？', 'single', '[{\"key\":\"A\",\"value\":\"阴线\"},{\"key\":\"B\",\"value\":\"阳线，实体完全包住前一根阴线\"},{\"key\":\"C\",\"value\":\"十字星\"},{\"key\":\"D\",\"value\":\"锤子线\"}]', 'B', '看涨吞没形态中，第二根阳线的实体必须完全包住第一根阴线的实体。', 1, 10, 5, 1, NULL, '2025-12-30 13:39:00', '2025-12-30 13:39:00'), (6, 1, '以下哪个K线形态的成功率最高？', 'single', '[{\"key\":\"A\",\"value\":\"十字星\"},{\"key\":\"B\",\"value\":\"锤子线\"},{\"key\":\"C\",\"value\":\"早晨之星\"},{\"key\":\"D\",\"value\":\"倒锤子线\"}]', 'C', '早晨之星是三根K线组合形态，成功率约70-78%，高于单根K线形态。', 2, 10, 6, 1, NULL, '2025-12-30 13:39:00', '2025-12-30 13:39:00'), (7, 1, '射击之星出现在什么位置是有效的看跌信号？', 'single', '[{\"key\":\"A\",\"value\":\"下跌趋势末端\"},{\"key\":\"B\",\"value\":\"上涨趋势末端\"},{\"key\":\"C\",\"value\":\"横盘整理中\"},{\"key\":\"D\",\"value\":\"任何位置\"}]', 'B', '射击之星出现在上涨趋势末端才是有效的看跌信号，表示多头冲高后被空头打压。', 1, 10, 7, 1, NULL, '2025-12-30 13:39:00', '2025-12-30 13:39:00'), (8, 1, '三只乌鸦形态的特征包括哪些？', 'multiple', '[{\"key\":\"A\",\"value\":\"连续三根阴线\"},{\"key\":\"B\",\"value\":\"每根开盘价在前一根实体内\"},{\"key\":\"C\",\"value\":\"收盘价逐步创新低\"},{\"key\":\"D\",\"value\":\"出现在下跌趋势中\"}]', 'ABC', '三只乌鸦是连续三根阴线，每根开盘价在前一根实体内，收盘价创新低，出现在上涨趋势末端。', 2, 10, 8, 1, NULL, '2025-12-30 13:39:00', '2025-12-30 13:39:00'), (9, 1, 'K线形态的成功率可以通过什么方式提高？', 'multiple', '[{\"key\":\"A\",\"value\":\"结合成交量分析\"},{\"key\":\"B\",\"value\":\"在关键支撑阻力位使用\"},{\"key\":\"C\",\"value\":\"多周期验证\"},{\"key\":\"D\",\"value\":\"单独使用不需要确认\"}]', 'ABC', '结合成交量、关键位置、多周期验证都可以提高K线形态的成功率。', 2, 10, 9, 1, NULL, '2025-12-30 13:39:00', '2025-12-30 13:39:00'), (10, 1, '上吊线和锤子线的形态相同，区别在于？', 'single', '[{\"key\":\"A\",\"value\":\"颜色不同\"},{\"key\":\"B\",\"value\":\"出现的位置不同\"},{\"key\":\"C\",\"value\":\"影线长度不同\"},{\"key\":\"D\",\"value\":\"实体大小不同\"}]', 'B', '上吊线和锤子线形态相同，但锤子线出现在下跌趋势末端（看涨），上吊线出现在上涨趋势末端（看跌）。', 2, 10, 10, 1, NULL, '2025-12-30 13:39:00', '2025-12-30 13:39:00'), (11, 1, '大阳线/大阴线的特征是？', 'single', '[{\"key\":\"A\",\"value\":\"实体很长，影线很短\"},{\"key\":\"B\",\"value\":\"实体很短，影线很长\"},{\"key\":\"C\",\"value\":\"上下影线相等\"},{\"key\":\"D\",\"value\":\"没有实体\"}]', 'A', '大阳线/大阴线的特征是实体很长，影线很短，表示一方力量占绝对优势。', 1, 10, 11, 1, NULL, '2025-12-30 13:39:00', '2025-12-30 13:39:00'), (12, 1, '使用K线形态交易时，最重要的原则是？', 'single', '[{\"key\":\"A\",\"value\":\"形态出现立即入场\"},{\"key\":\"B\",\"value\":\"等待确认信号再入场\"},{\"key\":\"C\",\"value\":\"只看形态不看位置\"},{\"key\":\"D\",\"value\":\"不需要设置止损\"}]', 'B', '使用K线形态交易时，应该等待确认信号（如后续K线确认）再入场，不要在形态完成前入场。', 2, 10, 12, 1, NULL, '2025-12-30 13:39:00', '2025-12-30 13:39:00'), (13, 2, '支撑位是指？', 'single', '[{\"key\":\"A\",\"value\":\"价格上涨时遇到的阻力\"},{\"key\":\"B\",\"value\":\"价格下跌时获得买盘支撑的位置\"},{\"key\":\"C\",\"value\":\"成交量最大的位置\"},{\"key\":\"D\",\"value\":\"均线交叉的位置\"}]', 'B', '支撑位是价格下跌时获得买盘支撑、阻止继续下跌的价格区域。', 1, 10, 1, 1, NULL, '2025-12-30 13:39:00', '2025-12-30 13:39:00'), (14, 2, '有效的支撑阻力位通常具有什么特征？', 'multiple', '[{\"key\":\"A\",\"value\":\"被多次测试\"},{\"key\":\"B\",\"value\":\"是整数关口\"},{\"key\":\"C\",\"value\":\"有历史成交密集区\"},{\"key\":\"D\",\"value\":\"只被测试一次\"}]', 'ABC', '有效的支撑阻力位通常被多次测试、是整数关口、或有历史成交密集区。', 2, 10, 2, 1, NULL, '2025-12-30 13:39:00', '2025-12-30 13:39:00'), (15, 2, '当价格跌破支撑位后，该支撑位会变成？', 'single', '[{\"key\":\"A\",\"value\":\"更强的支撑\"},{\"key\":\"B\",\"value\":\"阻力位\"},{\"key\":\"C\",\"value\":\"失效，不再有意义\"},{\"key\":\"D\",\"value\":\"趋势线\"}]', 'B', '支撑位被跌破后会转变为阻力位，这是支撑阻力转换原理。', 1, 10, 3, 1, NULL, '2025-12-30 13:39:00', '2025-12-30 13:39:00'), (16, 2, '绘制趋势线至少需要连接几个点？', 'single', '[{\"key\":\"A\",\"value\":\"1个\"},{\"key\":\"B\",\"value\":\"2个\"},{\"key\":\"C\",\"value\":\"3个\"},{\"key\":\"D\",\"value\":\"4个\"}]', 'B', '绘制趋势线至少需要连接2个明显的高点或低点，被测试次数越多越有效。', 1, 10, 4, 1, NULL, '2025-12-30 13:39:00', '2025-12-30 13:39:00'), (17, 2, '整数关口（如60000）为什么会形成支撑阻力？', 'single', '[{\"key\":\"A\",\"value\":\"技术指标在此位置发出信号\"},{\"key\":\"B\",\"value\":\"心理因素，很多人在整数位置设置订单\"},{\"key\":\"C\",\"value\":\"交易所在此位置有特殊规则\"},{\"key\":\"D\",\"value\":\"随机形成的\"}]', 'B', '整数关口因为心理因素形成支撑阻力，很多交易者习惯在整数位置设置买卖订单。', 2, 10, 5, 1, NULL, '2025-12-30 13:39:00', '2025-12-30 13:39:00'), (18, 2, '突破阻力位时，成交量应该？', 'single', '[{\"key\":\"A\",\"value\":\"萎缩\"},{\"key\":\"B\",\"value\":\"放大\"},{\"key\":\"C\",\"value\":\"不变\"},{\"key\":\"D\",\"value\":\"无所谓\"}]', 'B', '有效突破通常伴随成交量放大，表示有足够的买盘推动价格突破。', 1, 10, 6, 1, NULL, '2025-12-30 13:39:00', '2025-12-30 13:39:00'), (19, 2, '假突破的特征包括？', 'multiple', '[{\"key\":\"A\",\"value\":\"成交量不足\"},{\"key\":\"B\",\"value\":\"快速回落到突破位下方\"},{\"key\":\"C\",\"value\":\"留下长影线\"},{\"key\":\"D\",\"value\":\"成交量放大\"}]', 'ABC', '假突破通常成交量不足、快速回落、留下长影线，真突破则成交量放大。', 2, 10, 7, 1, NULL, '2025-12-30 13:39:00', '2025-12-30 13:39:00'), (20, 2, '在支撑位做多时，止损应该设在？', 'single', '[{\"key\":\"A\",\"value\":\"支撑位上方\"},{\"key\":\"B\",\"value\":\"支撑位下方\"},{\"key\":\"C\",\"value\":\"入场价下方固定点数\"},{\"key\":\"D\",\"value\":\"不需要止损\"}]', 'B', '在支撑位做多时，止损应该设在支撑位下方，如果跌破支撑说明支撑失效。', 1, 10, 8, 1, NULL, '2025-12-30 13:39:00', '2025-12-30 13:39:00'), (21, 2, '水平支撑阻力和趋势线支撑阻力，哪个更可靠？', 'single', '[{\"key\":\"A\",\"value\":\"水平支撑阻力\"},{\"key\":\"B\",\"value\":\"趋势线支撑阻力\"},{\"key\":\"C\",\"value\":\"两者结合更可靠\"},{\"key\":\"D\",\"value\":\"都不可靠\"}]', 'C', '水平支撑阻力和趋势线支撑阻力各有优势，两者结合（共振）时信号更可靠。', 2, 10, 9, 1, NULL, '2025-12-30 13:39:00', '2025-12-30 13:39:00'), (22, 2, '支撑阻力位被测试的次数越多，说明？', 'single', '[{\"key\":\"A\",\"value\":\"该位置越弱\"},{\"key\":\"B\",\"value\":\"该位置越强\"},{\"key\":\"C\",\"value\":\"即将被突破\"},{\"key\":\"D\",\"value\":\"没有意义\"}]', 'B', '支撑阻力位被测试的次数越多，说明该位置越有效，但也要注意多次测试后可能被突破。', 2, 10, 10, 1, NULL, '2025-12-30 13:39:00', '2025-12-30 13:39:00'), (23, 2, '突破后回踩确认的意义是？', 'single', '[{\"key\":\"A\",\"value\":\"确认突破有效\"},{\"key\":\"B\",\"value\":\"提供更好的入场机会\"},{\"key\":\"C\",\"value\":\"验证支撑阻力转换\"},{\"key\":\"D\",\"value\":\"以上都是\"}]', 'D', '突破后回踩可以确认突破有效、提供更好入场机会、验证支撑阻力转换。', 2, 10, 11, 1, NULL, '2025-12-30 13:39:00', '2025-12-30 13:39:00'), (24, 2, '以下哪种情况不适合在支撑位做多？', 'single', '[{\"key\":\"A\",\"value\":\"大趋势向下\"},{\"key\":\"B\",\"value\":\"出现看涨K线形态\"},{\"key\":\"C\",\"value\":\"成交量萎缩\"},{\"key\":\"D\",\"value\":\"RSI超卖\"}]', 'A', '当大趋势向下时，支撑位可能被跌破，不适合做多，应该顺势操作。', 2, 10, 12, 1, NULL, '2025-12-30 13:39:00', '2025-12-30 13:39:00'), (25, 3, 'EMA和SMA的主要区别是？', 'single', '[{\"key\":\"A\",\"value\":\"EMA对近期价格更敏感\"},{\"key\":\"B\",\"value\":\"SMA对近期价格更敏感\"},{\"key\":\"C\",\"value\":\"没有区别\"},{\"key\":\"D\",\"value\":\"EMA只能用于日线\"}]', 'A', 'EMA（指数移动平均）对近期价格赋予更高权重，因此对价格变化更敏感。', 1, 10, 1, 1, NULL, '2025-12-30 13:39:00', '2025-12-30 13:39:00'), (26, 3, 'MA200通常被用来判断？', 'single', '[{\"key\":\"A\",\"value\":\"短期趋势\"},{\"key\":\"B\",\"value\":\"牛熊分界\"},{\"key\":\"C\",\"value\":\"入场时机\"},{\"key\":\"D\",\"value\":\"止损位置\"}]', 'B', 'MA200（200日均线）被广泛用于判断牛熊分界，价格在其上方为牛市，下方为熊市。', 1, 10, 2, 1, NULL, '2025-12-30 13:39:00', '2025-12-30 13:39:00'), (27, 3, '均线金叉是指？', 'single', '[{\"key\":\"A\",\"value\":\"短期均线下穿长期均线\"},{\"key\":\"B\",\"value\":\"短期均线上穿长期均线\"},{\"key\":\"C\",\"value\":\"价格突破均线\"},{\"key\":\"D\",\"value\":\"均线走平\"}]', 'B', '均线金叉是短期均线上穿长期均线，是看涨信号。', 1, 10, 3, 1, NULL, '2025-12-30 13:39:00', '2025-12-30 13:39:00'), (28, 3, '以下哪些是有效金叉的特征？', 'multiple', '[{\"key\":\"A\",\"value\":\"金叉前有明显下跌或震荡\"},{\"key\":\"B\",\"value\":\"金叉时成交量配合\"},{\"key\":\"C\",\"value\":\"金叉后均线开始发散\"},{\"key\":\"D\",\"value\":\"在震荡市中频繁出现\"}]', 'ABC', '有效金叉应该在下跌后出现、有成交量配合、金叉后均线发散。震荡市中频繁金叉死叉是无效信号。', 2, 10, 4, 1, NULL, '2025-12-30 13:39:00', '2025-12-30 13:39:00'), (29, 3, '葛兰碧八大法则中，价格远离均线后回归均线是？', 'single', '[{\"key\":\"A\",\"value\":\"买入信号\"},{\"key\":\"B\",\"value\":\"卖出信号\"},{\"key\":\"C\",\"value\":\"可能是买入也可能是卖出信号\"},{\"key\":\"D\",\"value\":\"无意义\"}]', 'C', '价格远离均线后回归，如果是从上方回归可能是买入机会，从下方回归可能是卖出机会。', 2, 10, 5, 1, NULL, '2025-12-30 13:39:00', '2025-12-30 13:39:00'), (30, 3, '均线多头排列是指？', 'single', '[{\"key\":\"A\",\"value\":\"短期均线在长期均线下方\"},{\"key\":\"B\",\"value\":\"短期均线在长期均线上方，且都向上\"},{\"key\":\"C\",\"value\":\"均线纠缠在一起\"},{\"key\":\"D\",\"value\":\"均线都向下\"}]', 'B', '均线多头排列是短期均线在长期均线上方，且所有均线都向上倾斜，是强势上涨的特征。', 1, 10, 6, 1, NULL, '2025-12-30 13:39:00', '2025-12-30 13:39:00'), (31, 3, '在零轴上方的MACD金叉比零轴下方的金叉更强，这是因为？', 'single', '[{\"key\":\"A\",\"value\":\"零轴上方说明中期趋势向上\"},{\"key\":\"B\",\"value\":\"零轴上方成交量更大\"},{\"key\":\"C\",\"value\":\"没有区别\"},{\"key\":\"D\",\"value\":\"零轴下方更强\"}]', 'A', '零轴上方的金叉说明中期趋势向上，金叉是回调结束的信号，是顺势做多的机会。', 2, 10, 7, 1, NULL, '2025-12-30 13:39:00', '2025-12-30 13:39:00'), (32, 3, '均线死叉后应该？', 'multiple', '[{\"key\":\"A\",\"value\":\"多头离场或减仓\"},{\"key\":\"B\",\"value\":\"可以考虑做空\"},{\"key\":\"C\",\"value\":\"等待新的金叉再做多\"},{\"key\":\"D\",\"value\":\"立即抄底\"}]', 'ABC', '均线死叉后多头应该离场，可以考虑做空，等待新金叉再做多，不应该立即抄底。', 2, 10, 8, 1, NULL, '2025-12-30 13:39:00', '2025-12-30 13:39:00'), (33, 3, '使用均线系统交易的主要缺点是？', 'single', '[{\"key\":\"A\",\"value\":\"信号太少\"},{\"key\":\"B\",\"value\":\"滞后性\"},{\"key\":\"C\",\"value\":\"太复杂\"},{\"key\":\"D\",\"value\":\"不能用于加密货币\"}]', 'B', '均线是滞后指标，信号出现时价格已经走了一段，可能错过最佳入场点。', 1, 10, 9, 1, NULL, '2025-12-30 13:39:00', '2025-12-30 13:39:00'), (34, 3, '当价格在均线附近反复穿越时，说明市场处于？', 'single', '[{\"key\":\"A\",\"value\":\"强势上涨\"},{\"key\":\"B\",\"value\":\"强势下跌\"},{\"key\":\"C\",\"value\":\"震荡整理\"},{\"key\":\"D\",\"value\":\"即将突破\"}]', 'C', '价格在均线附近反复穿越，均线走平，说明市场处于震荡整理状态。', 1, 10, 10, 1, NULL, '2025-12-30 13:39:00', '2025-12-30 13:39:00'), (35, 3, '选择均线周期时，周期越短？', 'single', '[{\"key\":\"A\",\"value\":\"信号越滞后\"},{\"key\":\"B\",\"value\":\"信号越灵敏但假信号越多\"},{\"key\":\"C\",\"value\":\"越适合长线\"},{\"key\":\"D\",\"value\":\"越稳定\"}]', 'B', '均线周期越短，对价格变化越敏感，信号越多，但假信号也越多。', 2, 10, 11, 1, NULL, '2025-12-30 13:39:00', '2025-12-30 13:39:00'), (36, 3, '均线系统最适合在什么市场使用？', 'single', '[{\"key\":\"A\",\"value\":\"震荡市\"},{\"key\":\"B\",\"value\":\"趋势市\"},{\"key\":\"C\",\"value\":\"任何市场\"},{\"key\":\"D\",\"value\":\"只适合牛市\"}]', 'B', '均线系统是趋势跟踪工具，在趋势明显的市场表现最好，震荡市容易产生假信号。', 1, 10, 12, 1, NULL, '2025-12-30 13:39:00', '2025-12-30 13:39:00'), (37, 4, 'MACD由哪些部分组成？', 'multiple', '[{\"key\":\"A\",\"value\":\"DIF线（快线）\"},{\"key\":\"B\",\"value\":\"DEA线（慢线）\"},{\"key\":\"C\",\"value\":\"柱状图\"},{\"key\":\"D\",\"value\":\"布林带\"}]', 'ABC', 'MACD由DIF线（快线）、DEA线（慢线）和柱状图（DIF-DEA）组成。', 1, 10, 1, 1, NULL, '2025-12-30 13:39:00', '2025-12-30 13:39:00'), (38, 4, 'MACD顶背离是指？', 'single', '[{\"key\":\"A\",\"value\":\"价格创新高，MACD也创新高\"},{\"key\":\"B\",\"value\":\"价格创新高，MACD未创新高\"},{\"key\":\"C\",\"value\":\"价格创新低，MACD未创新低\"},{\"key\":\"D\",\"value\":\"价格和MACD同步下跌\"}]', 'B', 'MACD顶背离是价格创新高，但MACD指标未能创新高，预示上涨动能减弱。', 1, 10, 2, 1, NULL, '2025-12-30 13:39:00', '2025-12-30 13:39:00'), (39, 4, '发现MACD顶背离后，应该？', 'single', '[{\"key\":\"A\",\"value\":\"立即做空\"},{\"key\":\"B\",\"value\":\"等待MACD死叉确认后再行动\"},{\"key\":\"C\",\"value\":\"继续持有多单\"},{\"key\":\"D\",\"value\":\"加仓做多\"}]', 'B', '发现顶背离后应该等待MACD死叉确认，背离只是预警信号，不是立即做空的信号。', 2, 10, 3, 1, NULL, '2025-12-30 13:39:00', '2025-12-30 13:39:00'), (40, 4, 'MACD柱状图由绿转红表示？', 'single', '[{\"key\":\"A\",\"value\":\"DIF下穿DEA\"},{\"key\":\"B\",\"value\":\"DIF上穿DEA\"},{\"key\":\"C\",\"value\":\"价格下跌\"},{\"key\":\"D\",\"value\":\"成交量放大\"}]', 'B', 'MACD柱状图由绿转红表示DIF上穿DEA，即金叉，是看涨信号。', 1, 10, 4, 1, NULL, '2025-12-30 13:39:00', '2025-12-30 13:39:00'), (41, 4, '以下哪种情况的MACD金叉信号最强？', 'single', '[{\"key\":\"A\",\"value\":\"零轴下方金叉\"},{\"key\":\"B\",\"value\":\"零轴上方金叉\"},{\"key\":\"C\",\"value\":\"零轴附近金叉\"},{\"key\":\"D\",\"value\":\"都一样强\"}]', 'B', '零轴上方金叉最强，因为说明中期趋势向上，金叉是回调结束的信号。', 2, 10, 5, 1, NULL, '2025-12-30 13:39:00', '2025-12-30 13:39:00'), (42, 4, 'MACD底背离出现后，最佳入场时机是？', 'single', '[{\"key\":\"A\",\"value\":\"背离形成时立即入场\"},{\"key\":\"B\",\"value\":\"等待MACD金叉确认\"},{\"key\":\"C\",\"value\":\"等待价格创新低\"},{\"key\":\"D\",\"value\":\"随时都可以\"}]', 'B', '底背离出现后应该等待MACD金叉确认再入场，不要在背离形成时就急于入场。', 2, 10, 6, 1, NULL, '2025-12-30 13:39:00', '2025-12-30 13:39:00'), (43, 4, 'MACD指标的滞后性主要来源于？', 'single', '[{\"key\":\"A\",\"value\":\"使用了移动平均线计算\"},{\"key\":\"B\",\"value\":\"成交量数据延迟\"},{\"key\":\"C\",\"value\":\"交易所数据问题\"},{\"key\":\"D\",\"value\":\"没有滞后性\"}]', 'A', 'MACD是基于移动平均线计算的，移动平均线本身就有滞后性，所以MACD也有滞后性。', 2, 10, 7, 1, NULL, '2025-12-30 13:39:00', '2025-12-30 13:39:00'), (44, 4, 'MACD柱状图持续缩短表示？', 'single', '[{\"key\":\"A\",\"value\":\"趋势加强\"},{\"key\":\"B\",\"value\":\"趋势减弱\"},{\"key\":\"C\",\"value\":\"即将反转\"},{\"key\":\"D\",\"value\":\"B和C都对\"}]', 'D', 'MACD柱状图缩短表示趋势动能减弱，可能预示即将反转或进入整理。', 2, 10, 8, 1, NULL, '2025-12-30 13:39:00', '2025-12-30 13:39:00'), (45, 4, '在使用MACD背离时，以下哪个周期更可靠？', 'single', '[{\"key\":\"A\",\"value\":\"1分钟\"},{\"key\":\"B\",\"value\":\"15分钟\"},{\"key\":\"C\",\"value\":\"日线\"},{\"key\":\"D\",\"value\":\"都一样\"}]', 'C', '大周期（如日线）的MACD背离比小周期更可靠，小周期容易产生假信号。', 2, 10, 9, 1, NULL, '2025-12-30 13:39:00', '2025-12-30 13:39:00'), (46, 4, 'MACD的默认参数是？', 'single', '[{\"key\":\"A\",\"value\":\"12, 26, 9\"},{\"key\":\"B\",\"value\":\"10, 20, 5\"},{\"key\":\"C\",\"value\":\"14, 28, 7\"},{\"key\":\"D\",\"value\":\"20, 50, 10\"}]', 'A', 'MACD的默认参数是12, 26, 9，分别代表快线周期、慢线周期和信号线周期。', 1, 10, 10, 1, NULL, '2025-12-30 13:39:00', '2025-12-30 13:39:00'), (47, 4, '以下关于MACD的说法，哪些是正确的？', 'multiple', '[{\"key\":\"A\",\"value\":\"可以判断趋势方向\"},{\"key\":\"B\",\"value\":\"可以发现背离\"},{\"key\":\"C\",\"value\":\"可以作为唯一的交易依据\"},{\"key\":\"D\",\"value\":\"金叉死叉可以作为买卖信号\"}]', 'ABD', 'MACD可以判断趋势、发现背离、金叉死叉可作为信号，但不应作为唯一依据。', 2, 10, 11, 1, NULL, '2025-12-30 13:39:00', '2025-12-30 13:39:00'), (48, 4, 'MACD在震荡市中的表现通常是？', 'single', '[{\"key\":\"A\",\"value\":\"非常准确\"},{\"key\":\"B\",\"value\":\"频繁金叉死叉，假信号多\"},{\"key\":\"C\",\"value\":\"完全失效\"},{\"key\":\"D\",\"value\":\"只有金叉有效\"}]', 'B', 'MACD在震荡市中会频繁出现金叉死叉，产生很多假信号，不适合在震荡市单独使用。', 2, 10, 12, 1, NULL, '2025-12-30 13:39:00', '2025-12-30 13:39:00'), (49, 5, 'RSI指标的取值范围是？', 'single', '[{\"key\":\"A\",\"value\":\"0-50\"},{\"key\":\"B\",\"value\":\"0-100\"},{\"key\":\"C\",\"value\":\"-100到100\"},{\"key\":\"D\",\"value\":\"无限制\"}]', 'B', 'RSI（相对强弱指数）的取值范围是0-100。', 1, 10, 1, 1, NULL, '2025-12-31 19:33:35', '2025-12-31 19:33:35'), (50, 5, 'RSI超过70通常被认为是？', 'single', '[{\"key\":\"A\",\"value\":\"超卖区\"},{\"key\":\"B\",\"value\":\"超买区\"},{\"key\":\"C\",\"value\":\"中性区\"},{\"key\":\"D\",\"value\":\"无意义\"}]', 'B', 'RSI超过70被认为是超买区，可能面临回调风险。', 1, 10, 2, 1, NULL, '2025-12-31 19:33:35', '2025-12-31 19:33:35'), (51, 5, 'RSI低于30通常被认为是？', 'single', '[{\"key\":\"A\",\"value\":\"超买区\"},{\"key\":\"B\",\"value\":\"超卖区\"},{\"key\":\"C\",\"value\":\"中性区\"},{\"key\":\"D\",\"value\":\"无意义\"}]', 'B', 'RSI低于30被认为是超卖区，可能有反弹机会。', 1, 10, 3, 1, NULL, '2025-12-31 19:33:35', '2025-12-31 19:33:35'), (52, 5, 'RSI背离是指？', 'single', '[{\"key\":\"A\",\"value\":\"RSI和价格同向运动\"},{\"key\":\"B\",\"value\":\"RSI和价格反向运动\"},{\"key\":\"C\",\"value\":\"RSI保持不变\"},{\"key\":\"D\",\"value\":\"RSI等于50\"}]', 'B', 'RSI背离是指RSI和价格反向运动，如价格创新高但RSI未创新高。', 2, 10, 4, 1, NULL, '2025-12-31 19:33:35', '2025-12-31 19:33:35'), (53, 5, '布林带由几条线组成？', 'single', '[{\"key\":\"A\",\"value\":\"1条\"},{\"key\":\"B\",\"value\":\"2条\"},{\"key\":\"C\",\"value\":\"3条\"},{\"key\":\"D\",\"value\":\"4条\"}]', 'C', '布林带由3条线组成：中轨（均线）、上轨、下轨。', 1, 10, 5, 1, NULL, '2025-12-31 19:33:35', '2025-12-31 19:33:35'), (54, 5, '布林带收窄通常意味着？', 'single', '[{\"key\":\"A\",\"value\":\"趋势即将结束\"},{\"key\":\"B\",\"value\":\"波动率降低，可能即将突破\"},{\"key\":\"C\",\"value\":\"应该卖出\"},{\"key\":\"D\",\"value\":\"没有意义\"}]', 'B', '布林带收窄表示波动率降低，市场在积蓄能量，可能即将突破。', 2, 10, 6, 1, NULL, '2025-12-31 19:33:35', '2025-12-31 19:33:35'), (55, 5, '布林带扩张通常意味着？', 'single', '[{\"key\":\"A\",\"value\":\"波动率增加\"},{\"key\":\"B\",\"value\":\"波动率降低\"},{\"key\":\"C\",\"value\":\"趋势结束\"},{\"key\":\"D\",\"value\":\"应该观望\"}]', 'A', '布林带扩张表示波动率增加，通常发生在突破或趋势行情中。', 1, 10, 7, 1, NULL, '2025-12-31 19:33:35', '2025-12-31 19:33:35'), (56, 5, '在震荡市中，价格触及布林带上轨应该？', 'single', '[{\"key\":\"A\",\"value\":\"追涨买入\"},{\"key\":\"B\",\"value\":\"考虑卖出或做空\"},{\"key\":\"C\",\"value\":\"加大仓位\"},{\"key\":\"D\",\"value\":\"忽略\"}]', 'B', '在震荡市中，价格触及布林带上轨可能回落，可以考虑卖出或做空。', 2, 10, 8, 1, NULL, '2025-12-31 19:33:35', '2025-12-31 19:33:35'), (57, 5, 'RSI和布林带结合使用的好处是？', 'multiple', '[{\"key\":\"A\",\"value\":\"相互验证信号\"},{\"key\":\"B\",\"value\":\"提高准确率\"},{\"key\":\"C\",\"value\":\"减少假信号\"},{\"key\":\"D\",\"value\":\"保证100%盈利\"}]', 'ABC', 'RSI和布林带结合可以相互验证、提高准确率、减少假信号，但不能保证100%盈利。', 2, 10, 9, 1, NULL, '2025-12-31 19:33:35', '2025-12-31 19:33:35'), (58, 5, 'RSI的默认周期通常是？', 'single', '[{\"key\":\"A\",\"value\":\"7\"},{\"key\":\"B\",\"value\":\"14\"},{\"key\":\"C\",\"value\":\"21\"},{\"key\":\"D\",\"value\":\"50\"}]', 'B', 'RSI的默认周期通常是14，可以根据需要调整。', 1, 10, 10, 1, NULL, '2025-12-31 19:33:35', '2025-12-31 19:33:35'), (59, 5, '布林带中轨通常是？', 'single', '[{\"key\":\"A\",\"value\":\"10日均线\"},{\"key\":\"B\",\"value\":\"20日均线\"},{\"key\":\"C\",\"value\":\"50日均线\"},{\"key\":\"D\",\"value\":\"200日均线\"}]', 'B', '布林带中轨通常是20日简单移动平均线。', 1, 10, 11, 1, NULL, '2025-12-31 19:33:35', '2025-12-31 19:33:35'), (60, 5, '以下哪种情况RSI信号更可靠？', 'single', '[{\"key\":\"A\",\"value\":\"在趋势市中\"},{\"key\":\"B\",\"value\":\"在震荡市中\"},{\"key\":\"C\",\"value\":\"任何时候都一样\"},{\"key\":\"D\",\"value\":\"只在牛市}]', 'B', 'RSI超买超卖信号在震荡市中更可靠，趋势市中可能长期处于超买或超卖。', 2, 10, 12, 1, NULL, '2025-12-31 19:33:35', '2025-12-31 19:33:35'), (61, 6, '成交量在技术分析中的作用是？', 'single', '[{\"key\":\"A\",\"value\":\"预测价格\"},{\"key\":\"B\",\"value\":\"验证价格走势的有效性\"},{\"key\":\"C\",\"value\":\"决定买卖点\"},{\"key\":\"D\",\"value\":\"没有作用\"}]', 'B', '成交量主要用于验证价格走势的有效性，是价格的\"燃料\"。', 1, 10, 1, 1, NULL, '2025-12-31 19:33:35', '2025-12-31 19:33:35'), (62, 6, '上涨放量通常意味着？', 'single', '[{\"key\":\"A\",\"value\":\"上涨动能强\"},{\"key\":\"B\",\"value\":\"上涨动能弱\"},{\"key\":\"C\",\"value\":\"即将下跌\"},{\"key\":\"D\",\"value\":\"没有意义\"}]', 'A', '上涨放量说明有资金积极买入，上涨动能强，趋势可能延续。', 1, 10, 2, 1, NULL, '2025-12-31 19:33:35', '2025-12-31 19:33:35'), (63, 6, '上涨缩量通常意味着？', 'single', '[{\"key\":\"A\",\"value\":\"上涨动能强\"},{\"key\":\"B\",\"value\":\"上涨动能减弱\"},{\"key\":\"C\",\"value\":\"应该追涨\"},{\"key\":\"D\",\"value\":\"趋势刚开始\"}]', 'B', '上涨缩量说明买盘不足，上涨动能减弱，可能面临回调。', 1, 10, 3, 1, NULL, '2025-12-31 19:33:35', '2025-12-31 19:33:35'), (64, 6, '下跌放量通常意味着？', 'single', '[{\"key\":\"A\",\"value\":\"恐慌性抛售\"},{\"key\":\"B\",\"value\":\"下跌即将结束\"},{\"key\":\"C\",\"value\":\"应该买入\"},{\"key\":\"D\",\"value\":\"没有意义\"}]', 'A', '下跌放量通常表示恐慌性抛售，卖压较大。', 1, 10, 4, 1, NULL, '2025-12-31 19:33:35', '2025-12-31 19:33:35'), (65, 6, '下跌缩量通常意味着？', 'single', '[{\"key\":\"A\",\"value\":\"下跌动能减弱\"},{\"key\":\"B\",\"value\":\"下跌动能增强\"},{\"key\":\"C\",\"value\":\"应该做空\"},{\"key\":\"D\",\"value\":\"趋势刚开始\"}]', 'A', '下跌缩量说明卖压减轻，下跌动能减弱，可能接近底部。', 1, 10, 5, 1, NULL, '2025-12-31 19:33:35', '2025-12-31 19:33:35'), (66, 6, '天量通常出现在？', 'single', '[{\"key\":\"A\",\"value\":\"趋势开始\"},{\"key\":\"B\",\"value\":\"趋势中期\"},{\"key\":\"C\",\"value\":\"趋势末期或转折点\"},{\"key\":\"D\",\"value\":\"任何时候\"}]', 'C', '天量（异常大的成交量）通常出现在趋势末期或转折点，需要警惕。', 2, 10, 6, 1, NULL, '2025-12-31 19:33:35', '2025-12-31 19:33:35'), (67, 6, '地量通常意味着？', 'single', '[{\"key\":\"A\",\"value\":\"市场活跃\"},{\"key\":\"B\",\"value\":\"市场冷清，可能接近变盘点\"},{\"key\":\"C\",\"value\":\"应该卖出\"},{\"key\":\"D\",\"value\":\"趋势将延续\"}]', 'B', '地量（异常小的成交量）表示市场冷清，可能接近变盘点。', 2, 10, 7, 1, NULL, '2025-12-31 19:33:35', '2025-12-31 19:33:35'), (68, 6, '量价背离是指？', 'single', '[{\"key\":\"A\",\"value\":\"量价同向\"},{\"key\":\"B\",\"value\":\"价格创新高/低但成交量未配合\"},{\"key\":\"C\",\"value\":\"成交量为零\"},{\"key\":\"D\",\"value\":\"价格不变\"}]', 'B', '量价背离是价格创新高/低但成交量未能同步放大，预示趋势可能反转。', 2, 10, 8, 1, NULL, '2025-12-31 19:33:35', '2025-12-31 19:33:35'), (69, 6, '突破时成交量的重要性是？', 'single', '[{\"key\":\"A\",\"value\":\"不重要\"},{\"key\":\"B\",\"value\":\"放量突破更可靠\"},{\"key\":\"C\",\"value\":\"缩量突破更可靠\"},{\"key\":\"D\",\"value\":\"只看价格}]', 'B', '放量突破说明有资金推动，突破更可靠；缩量突破可能是假突破。', 1, 10, 9, 1, NULL, '2025-12-31 19:33:35', '2025-12-31 19:33:35'), (70, 6, '以下哪些是量价配合的健康表现？', 'multiple', '[{\"key\":\"A\",\"value\":\"上涨放量\"},{\"key\":\"B\",\"value\":\"回调缩量\"},{\"key\":\"C\",\"value\":\"上涨缩量\"},{\"key\":\"D\",\"value\":\"下跌放量}]', 'AB', '上涨放量、回调缩量是健康的量价配合，说明趋势可能延续。', 2, 10, 10, 1, NULL, '2025-12-31 19:33:35', '2025-12-31 19:33:35'), (71, 6, '成交量指标OBV的作用是？', 'single', '[{\"key\":\"A\",\"value\":\"计算价格\"},{\"key\":\"B\",\"value\":\"累计成交量，判断资金流向\"},{\"key\":\"C\",\"value\":\"预测未来价格\"},{\"key\":\"D\",\"value\":\"计算均线}]', 'B', 'OBV（能量潮）通过累计成交量来判断资金流向和买卖压力。', 2, 10, 11, 1, NULL, '2025-12-31 19:33:35', '2025-12-31 19:33:35'), (72, 6, '在加密货币市场，成交量分析需要注意？', 'single', '[{\"key\":\"A\",\"value\":\"与股票完全相同\"},{\"key\":\"B\",\"value\":\"可能存在刷量，需要结合多个交易所数据\"},{\"key\":\"C\",\"value\":\"不需要看成交量\"},{\"key\":\"D\",\"value\":\"只看最大交易所}]', 'B', '加密货币市场可能存在刷量，需要结合多个交易所数据综合判断。', 2, 10, 12, 1, NULL, '2025-12-31 19:33:35', '2025-12-31 19:33:35'), (73, 7, '美联储加息对加密货币市场通常有什么影响？', 'single', '[{\"key\":\"A\",\"value\":\"利好\"},{\"key\":\"B\",\"value\":\"利空\"},{\"key\":\"C\",\"value\":\"没有影响\"},{\"key\":\"D\",\"value\":\"一定上涨\"}]', 'B', '美联储加息通常对风险资产（包括加密货币）是利空，因为资金会流向收益更高的传统资产。', 2, 10, 1, 1, NULL, '2025-12-31 19:33:35', '2025-12-31 19:33:35'), (74, 7, '美元指数(DXY)与BTC的关系通常是？', 'single', '[{\"key\":\"A\",\"value\":\"正相关\"},{\"key\":\"B\",\"value\":\"负相关\"},{\"key\":\"C\",\"value\":\"没有关系\"},{\"key\":\"D\",\"value\":\"完全同步\"}]', 'B', '美元指数与BTC通常呈负相关，美元走强时BTC往往承压。', 2, 10, 2, 1, NULL, '2025-12-31 19:33:35', '2025-12-31 19:33:35'), (75, 7, '以下哪些是影响加密货币的宏观因素？', 'multiple', '[{\"key\":\"A\",\"value\":\"美联储政策\"},{\"key\":\"B\",\"value\":\"通胀数据\"},{\"key\":\"C\",\"value\":\"地缘政治\"},{\"key\":\"D\",\"value\":\"K线形态\"}]', 'ABC', '美联储政策、通胀数据、地缘政治都是宏观因素，K线形态是技术因素。', 1, 10, 3, 1, NULL, '2025-12-31 19:33:35', '2025-12-31 19:33:35'), (76, 7, '监管政策对加密货币的影响是？', 'single', '[{\"key\":\"A\",\"value\":\"没有影响\"},{\"key\":\"B\",\"value\":\"可能造成短期剧烈波动\"},{\"key\":\"C\",\"value\":\"只有利好\"},{\"key\":\"D\",\"value\":\"只有利空\"}]', 'B', '监管政策可能造成短期剧烈波动，利好或利空取决于具体政策内容。', 2, 10, 4, 1, NULL, '2025-12-31 19:33:35', '2025-12-31 19:33:35'), (77, 7, '消息面分析应该注意？', 'multiple', '[{\"key\":\"A\",\"value\":\"消息的真实性\"},{\"key\":\"B\",\"value\":\"消息是否已被市场消化\"},{\"key\":\"C\",\"value\":\"市场的预期\"},{\"key\":\"D\",\"value\":\"只看标题}]', 'ABC', '消息面分析要注意真实性、是否已消化、市场预期，不能只看标题。', 2, 10, 5, 1, NULL, '2025-12-31 19:33:35', '2025-12-31 19:33:35'), (78, 7, '\"买预期，卖事实\"是指？', 'single', '[{\"key\":\"A\",\"value\":\"只买不卖\"},{\"key\":\"B\",\"value\":\"利好消息公布前买入，公布后卖出\"},{\"key\":\"C\",\"value\":\"只看消息交易\"},{\"key\":\"D\",\"value\":\"忽略消息}]', 'B', '\"买预期，卖事实\"是指在利好预期时买入，利好兑现时卖出，因为市场已提前反应。', 2, 10, 6, 1, NULL, '2025-12-31 19:33:35', '2025-12-31 19:33:35'), (79, 7, '重要经济数据发布时应该？', 'single', '[{\"key\":\"A\",\"value\":\"提前重仓\"},{\"key\":\"B\",\"value\":\"谨慎操作，控制仓位\"},{\"key\":\"C\",\"value\":\"忽略数据\"},{\"key\":\"D\",\"value\":\"一定做多}]', 'B', '重要数据发布时波动可能加大，应该谨慎操作，控制仓位。', 1, 10, 7, 1, NULL, '2025-12-31 19:33:35', '2025-12-31 19:33:35'), (80, 7, '以下哪个不是评估项目基本面的因素？', 'single', '[{\"key\":\"A\",\"value\":\"团队背景\"},{\"key\":\"B\",\"value\":\"技术创新\"},{\"key\":\"C\",\"value\":\"K线形态\"},{\"key\":\"D\",\"value\":\"代币经济模型\"}]', 'C', 'K线形态是技术分析因素，不是基本面因素。', 1, 10, 8, 1, NULL, '2025-12-31 19:33:35', '2025-12-31 19:33:35'), (81, 7, '市场情绪指标的作用是？', 'single', '[{\"key\":\"A\",\"value\":\"预测准确价格\"},{\"key\":\"B\",\"value\":\"了解市场参与者的情绪状态\"},{\"key\":\"C\",\"value\":\"替代技术分析\"},{\"key\":\"D\",\"value\":\"没有作用}]', 'B', '市场情绪指标帮助了解市场参与者的情绪状态，作为辅助参考。', 2, 10, 9, 1, NULL, '2025-12-31 19:33:35', '2025-12-31 19:33:35'), (82, 7, '美股与加密货币的关系是？', 'single', '[{\"key\":\"A\",\"value\":\"完全无关\"},{\"key\":\"B\",\"value\":\"有一定相关性，尤其是风险偏好变化时\"},{\"key\":\"C\",\"value\":\"完全同步\"},{\"key\":\"D\",\"value\":\"完全相反}]', 'B', '美股与加密货币有一定相关性，尤其在风险偏好变化时联动明显。', 2, 10, 10, 1, NULL, '2025-12-31 19:33:35', '2025-12-31 19:33:35'), (83, 7, '建立消息面分析框架应该包括？', 'multiple', '[{\"key\":\"A\",\"value\":\"关注的信息源\"},{\"key\":\"B\",\"value\":\"信息分类方法\"},{\"key\":\"C\",\"value\":\"影响评估标准\"},{\"key\":\"D\",\"value\":\"只看一个来源}]', 'ABC', '消息面分析框架应包括信息源、分类方法、评估标准，不应只看一个来源。', 2, 10, 11, 1, NULL, '2025-12-31 19:33:35', '2025-12-31 19:33:35'), (84, 7, '以下哪种消息通常影响最大？', 'single', '[{\"key\":\"A\",\"value\":\"小项目更新\"},{\"key\":\"B\",\"value\":\"主要国家监管政策变化\"},{\"key\":\"C\",\"value\":\"个人观点\"},{\"key\":\"D\",\"value\":\"历史数据}]', 'B', '主要国家监管政策变化通常对整个市场影响最大。', 1, 10, 12, 1, NULL, '2025-12-31 19:33:35', '2025-12-31 19:33:35'), (85, 8, '链上数据是指？', 'single', '[{\"key\":\"A\",\"value\":\"交易所的交易数据\"},{\"key\":\"B\",\"value\":\"区块链上记录的公开数据\"},{\"key\":\"C\",\"value\":\"社交媒体数据\"},{\"key\":\"D\",\"value\":\"新闻数据\"}]', 'B', '链上数据是指区块链上记录的公开数据，如交易、地址活动等。', 1, 10, 1, 1, NULL, '2025-12-31 19:33:35', '2025-12-31 19:33:35'), (86, 8, '交易所净流入增加通常意味着？', 'single', '[{\"key\":\"A\",\"value\":\"买盘增加\"},{\"key\":\"B\",\"value\":\"可能有抛售压力\"},{\"key\":\"C\",\"value\":\"价格一定上涨\"},{\"key\":\"D\",\"value\":\"没有意义\"}]', 'B', '交易所净流入增加说明更多币被转入交易所，可能有抛售压力。', 2, 10, 2, 1, NULL, '2025-12-31 19:33:35', '2025-12-31 19:33:35'), (87, 8, '交易所净流出增加通常意味着？', 'single', '[{\"key\":\"A\",\"value\":\"抛售压力增加\"},{\"key\":\"B\",\"value\":\"持有者在囤币，看好后市\"},{\"key\":\"C\",\"value\":\"价格一定下跌\"},{\"key\":\"D\",\"value\":\"没有意义\"}]', 'B', '交易所净流出增加说明更多币被提走，持有者在囤币，通常看好后市。', 2, 10, 3, 1, NULL, '2025-12-31 19:33:35', '2025-12-31 19:33:35'), (88, 8, '巨鲸地址是指？', 'single', '[{\"key\":\"A\",\"value\":\"新创建的地址\"},{\"key\":\"B\",\"value\":\"持有大量加密货币的地址\"},{\"key\":\"C\",\"value\":\"交易所地址\"},{\"key\":\"D\",\"value\":\"矿工地址\"}]', 'B', '巨鲸地址是指持有大量加密货币的地址，其行为可能影响市场。', 1, 10, 4, 1, NULL, '2025-12-31 19:33:35', '2025-12-31 19:33:35'), (89, 8, '追踪巨鲸地址的意义是？', 'single', '[{\"key\":\"A\",\"value\":\"没有意义\"},{\"key\":\"B\",\"value\":\"了解大户的动向，作为参考\"},{\"key\":\"C\",\"value\":\"跟随巨鲸交易\"},{\"key\":\"D\",\"value\":\"预测准确价格\"}]', 'B', '追踪巨鲸地址可以了解大户动向，作为辅助参考，但不应盲目跟随。', 2, 10, 5, 1, NULL, '2025-12-31 19:33:35', '2025-12-31 19:33:35'), (90, 8, 'MVRV比率是指？', 'single', '[{\"key\":\"A\",\"value\":\"市值与交易量的比率\"},{\"key\":\"B\",\"value\":\"市值与已实现价值的比率\"},{\"key\":\"C\",\"value\":\"价格与均线的比率\"},{\"key\":\"D\",\"value\":\"买卖比率\"}]', 'B', 'MVRV是市值与已实现价值的比率，用于判断市场是否被高估或低估。', 2, 10, 6, 1, NULL, '2025-12-31 19:33:35', '2025-12-31 19:33:35'), (91, 8, 'MVRV大于3通常意味着？', 'single', '[{\"key\":\"A\",\"value\":\"市场被低估\"},{\"key\":\"B\",\"value\":\"市场可能被高估\"},{\"key\":\"C\",\"value\":\"应该买入\"},{\"key\":\"D\",\"value\":\"没有意义\"}]', 'B', 'MVRV大于3通常意味着市场可能被高估，历史上常出现在周期顶部附近。', 2, 10, 7, 1, NULL, '2025-12-31 19:33:35', '2025-12-31 19:33:35'), (92, 8, 'SOPR指标的作用是？', 'single', '[{\"key\":\"A\",\"value\":\"计算价格\"},{\"key\":\"B\",\"value\":\"判断持有者是盈利还是亏损出售\"},{\"key\":\"C\",\"value\":\"预测未来价格\"},{\"key\":\"D\",\"value\":\"计算成交量\"}]', 'B', 'SOPR（支出产出利润率）用于判断持有者是盈利还是亏损出售。', 2, 10, 8, 1, NULL, '2025-12-31 19:33:35', '2025-12-31 19:33:35'), (93, 8, '活跃地址数增加通常意味着？', 'single', '[{\"key\":\"A\",\"value\":\"网络使用减少\"},{\"key\":\"B\",\"value\":\"网络活跃度增加\"},{\"key\":\"C\",\"value\":\"价格一定下跌\"},{\"key\":\"D\",\"value\":\"没有意义\"}]', 'B', '活跃地址数增加说明网络活跃度增加，通常是积极信号。', 1, 10, 9, 1, NULL, '2025-12-31 19:33:35', '2025-12-31 19:33:35'), (94, 8, '以下哪些是常用的链上数据平台？', 'multiple', '[{\"key\":\"A\",\"value\":\"Glassnode\"},{\"key\":\"B\",\"value\":\"CryptoQuant\"},{\"key\":\"C\",\"value\":\"TradingView\"},{\"key\":\"D\",\"value\":\"Nansen\"}]', 'ABD', 'Glassnode、CryptoQuant、Nansen都是链上数据平台，TradingView主要是图表平台。', 1, 10, 10, 1, NULL, '2025-12-31 19:33:35', '2025-12-31 19:33:35'), (95, 8, '矿工持仓变化的意义是？', 'single', '[{\"key\":\"A\",\"value\":\"没有意义\"},{\"key\":\"B\",\"value\":\"反映矿工对后市的看法\"},{\"key\":\"C\",\"value\":\"决定价格走势\"},{\"key\":\"D\",\"value\":\"只影响挖矿难度\"}]', 'B', '矿工持仓变化反映矿工对后市的看法，矿工抛售可能带来卖压。', 2, 10, 11, 1, NULL, '2025-12-31 19:33:35', '2025-12-31 19:33:35'), (96, 8, '链上数据分析应该如何使用？', 'single', '[{\"key\":\"A\",\"value\":\"作为唯一依据\"},{\"key\":\"B\",\"value\":\"结合技术分析和基本面使用\"},{\"key\":\"C\",\"value\":\"忽略不看\"},{\"key\":\"D\",\"value\":\"只在牛市使用\"}]', 'B', '链上数据应该结合技术分析和基本面使用，作为辅助参考。', 2, 10, 12, 1, NULL, '2025-12-31 19:33:35', '2025-12-31 19:33:35'), (97, 9, '一个完整的交易系统应该包含哪些要素？', 'multiple', '[{\"key\":\"A\",\"value\":\"入场信号\"},{\"key\":\"B\",\"value\":\"出场信号\"},{\"key\":\"C\",\"value\":\"仓位管理\"},{\"key\":\"D\",\"value\":\"风险控制\"}]', 'ABCD', '完整的交易系统必须包含入场信号、出场信号、仓位管理和风险控制四个核心要素。', 1, 10, 1, 1, NULL, '2025-12-31 19:33:55', '2025-12-31 19:33:55'), (98, 9, '交易系统的首要原则是？', 'single', '[{\"key\":\"A\",\"value\":\"追求高收益\"},{\"key\":\"B\",\"value\":\"简单有效可执行\"},{\"key\":\"C\",\"value\":\"使用最多的指标\"},{\"key\":\"D\",\"value\":\"频繁交易\"}]', 'B', '交易系统的首要原则是简单有效可执行，复杂的系统难以坚持执行。', 1, 10, 2, 1, NULL, '2025-12-31 19:33:55', '2025-12-31 19:33:55'), (99, 9, '以下哪个不是好的入场信号特征？', 'single', '[{\"key\":\"A\",\"value\":\"明确可量化\"},{\"key\":\"B\",\"value\":\"有历史验证\"},{\"key\":\"C\",\"value\":\"模糊主观\"},{\"key\":\"D\",\"value\":\"可重复执行\"}]', 'C', '好的入场信号应该明确可量化、有历史验证、可重复执行，不应该模糊主观。', 1, 10, 3, 1, NULL, '2025-12-31 19:33:55', '2025-12-31 19:33:55'), (100, 9, '交易系统回测时，样本数量至少应该有多少笔交易？', 'single', '[{\"key\":\"A\",\"value\":\"10笔\"},{\"key\":\"B\",\"value\":\"30笔\"},{\"key\":\"C\",\"value\":\"100笔以上\"},{\"key\":\"D\",\"value\":\"5笔就够\"}]', 'C', '回测样本至少需要100笔以上交易才有统计意义，样本太少结果不可靠。', 2, 10, 4, 1, NULL, '2025-12-31 19:33:55', '2025-12-31 19:33:55'), (101, 9, '系统化交易相比主观交易的优势是？', 'multiple', '[{\"key\":\"A\",\"value\":\"减少情绪干扰\"},{\"key\":\"B\",\"value\":\"可以回测验证\"},{\"key\":\"C\",\"value\":\"执行一致性\"},{\"key\":\"D\",\"value\":\"一定能盈利\"}]', 'ABC', '系统化交易可以减少情绪干扰、可回测验证、执行一致，但不保证一定盈利。', 2, 10, 5, 1, NULL, '2025-12-31 19:33:55', '2025-12-31 19:33:55'), (102, 9, '交易系统的出场规则应该包括？', 'multiple', '[{\"key\":\"A\",\"value\":\"止损出场\"},{\"key\":\"B\",\"value\":\"止盈出场\"},{\"key\":\"C\",\"value\":\"时间出场\"},{\"key\":\"D\",\"value\":\"信号反转出场\"}]', 'ABCD', '完善的出场规则应包括止损、止盈、时间出场和信号反转出场等多种情况。', 2, 10, 6, 1, NULL, '2025-12-31 19:33:55', '2025-12-31 19:33:55'), (103, 9, '过度优化交易系统参数会导致？', 'single', '[{\"key\":\"A\",\"value\":\"更好的实盘表现\"},{\"key\":\"B\",\"value\":\"曲线拟合，实盘表现差\"},{\"key\":\"C\",\"value\":\"更稳定的收益\"},{\"key\":\"D\",\"value\":\"没有影响\"}]', 'B', '过度优化会导致曲线拟合，系统只适合历史数据，实盘表现往往很差。', 2, 10, 7, 1, NULL, '2025-12-31 19:33:55', '2025-12-31 19:33:55'), (104, 9, '交易系统应该在什么市场环境下测试？', 'single', '[{\"key\":\"A\",\"value\":\"只测试牛市\"},{\"key\":\"B\",\"value\":\"只测试熊市\"},{\"key\":\"C\",\"value\":\"牛市、熊市、震荡市都要测试\"},{\"key\":\"D\",\"value\":\"只测试震荡市\"}]', 'C', '交易系统应该在牛市、熊市、震荡市等不同市场环境下测试，确保适应性。', 2, 10, 8, 1, NULL, '2025-12-31 19:33:55', '2025-12-31 19:33:55'), (105, 9, '一个好的交易系统胜率至少应该达到？', 'single', '[{\"key\":\"A\",\"value\":\"90%以上\"},{\"key\":\"B\",\"value\":\"70%以上\"},{\"key\":\"C\",\"value\":\"没有固定标准，取决于盈亏比\"},{\"key\":\"D\",\"value\":\"50%就够了\"}]', 'C', '胜率没有固定标准，低胜率高盈亏比或高胜率低盈亏比都可以盈利，关键是期望值为正。', 2, 10, 9, 1, NULL, '2025-12-31 19:33:55', '2025-12-31 19:33:55'), (106, 9, '交易系统的期望值计算公式是？', 'single', '[{\"key\":\"A\",\"value\":\"胜率 × 平均盈利\"},{\"key\":\"B\",\"value\":\"胜率 × 平均盈利 - 败率 × 平均亏损\"},{\"key\":\"C\",\"value\":\"总盈利 / 总交易次数\"},{\"key\":\"D\",\"value\":\"盈亏比 × 胜率\"}]', 'B', '期望值 = 胜率 × 平均盈利 - 败率 × 平均亏损，期望值为正才能长期盈利。', 2, 10, 10, 1, NULL, '2025-12-31 19:33:55', '2025-12-31 19:33:55'), (107, 9, '建立交易系统后，应该先？', 'single', '[{\"key\":\"A\",\"value\":\"立即实盘交易\"},{\"key\":\"B\",\"value\":\"进行模拟交易验证\"},{\"key\":\"C\",\"value\":\"告诉别人\"},{\"key\":\"D\",\"value\":\"不断修改参数\"}]', 'B', '建立交易系统后应该先进行模拟交易验证，确认有效后再进行实盘。', 1, 10, 11, 1, NULL, '2025-12-31 19:33:55', '2025-12-31 19:33:55'), (108, 9, '交易系统失效的信号包括？', 'multiple', '[{\"key\":\"A\",\"value\":\"连续亏损超过历史最大回撤\"},{\"key\":\"B\",\"value\":\"胜率明显下降\"},{\"key\":\"C\",\"value\":\"市场环境发生重大变化\"},{\"key\":\"D\",\"value\":\"偶尔一次亏损\"}]', 'ABC', '连续亏损超过历史最大回撤、胜率明显下降、市场环境变化都是系统失效信号。', 2, 10, 12, 1, NULL, '2025-12-31 19:33:55', '2025-12-31 19:33:55'), (109, 10, '单笔交易风险通常建议控制在总资金的多少？', 'single', '[{\"key\":\"A\",\"value\":\"10-20%\"},{\"key\":\"B\",\"value\":\"5-10%\"},{\"key\":\"C\",\"value\":\"1-2%\"},{\"key\":\"D\",\"value\":\"0.1%\"}]', 'C', '单笔交易风险通常建议控制在总资金的1-2%，这样即使连续亏损也不会伤筋动骨。', 1, 10, 1, 1, NULL, '2025-12-31 19:33:55', '2025-12-31 19:33:55'), (110, 10, '如果账户资金10000美元，单笔风险2%，止损50点，应该开多大仓位？', 'calculate', NULL, '4', '单笔风险金额 = 10000 × 2% = 200美元，仓位 = 200 / 50 = 4手（假设1点=1美元）。', 2, 10, 2, 1, NULL, '2025-12-31 19:33:55', '2025-12-31 19:33:55'), (111, 10, '止损的主要目的是？', 'single', '[{\"key\":\"A\",\"value\":\"增加盈利\"},{\"key\":\"B\",\"value\":\"限制单笔亏损\"},{\"key\":\"C\",\"value\":\"增加交易次数\"},{\"key\":\"D\",\"value\":\"提高胜率\"}]', 'B', '止损的主要目的是限制单笔亏损，保护资金，让你有机会继续交易。', 1, 10, 3, 1, NULL, '2025-12-31 19:33:55', '2025-12-31 19:33:55'), (112, 10, '以下哪种止损方式最不推荐？', 'single', '[{\"key\":\"A\",\"value\":\"技术止损（支撑位下方）\"},{\"key\":\"B\",\"value\":\"固定金额止损\"},{\"key\":\"C\",\"value\":\"不设止损\"},{\"key\":\"D\",\"value\":\"ATR止损\"}]', 'C', '不设止损是最危险的，一次大亏损可能导致爆仓或严重亏损。', 1, 10, 4, 1, NULL, '2025-12-31 19:33:55', '2025-12-31 19:33:55'), (113, 10, '盈亏比2:1意味着？', 'single', '[{\"key\":\"A\",\"value\":\"每赚2元就亏1元\"},{\"key\":\"B\",\"value\":\"预期盈利是预期亏损的2倍\"},{\"key\":\"C\",\"value\":\"胜率是66%\"},{\"key\":\"D\",\"value\":\"总是盈利\"}]', 'B', '盈亏比2:1意味着每笔交易的预期盈利是预期亏损的2倍，如止盈100点止损50点。', 1, 10, 5, 1, NULL, '2025-12-31 19:33:55', '2025-12-31 19:33:55'), (114, 10, '凯利公式用于计算？', 'single', '[{\"key\":\"A\",\"value\":\"止损位置\"},{\"key\":\"B\",\"value\":\"最优仓位比例\"},{\"key\":\"C\",\"value\":\"入场时机\"},{\"key\":\"D\",\"value\":\"出场时机\"}]', 'B', '凯利公式用于计算最优仓位比例，但实际使用时通常取凯利值的一半以降低风险。', 2, 10, 6, 1, NULL, '2025-12-31 19:33:55', '2025-12-31 19:33:55'), (115, 10, '分散投资的目的是？', 'single', '[{\"key\":\"A\",\"value\":\"增加收益\"},{\"key\":\"B\",\"value\":\"降低单一资产风险\"},{\"key\":\"C\",\"value\":\"增加交易次数\"},{\"key\":\"D\",\"value\":\"提高胜率\"}]', 'B', '分散投资的目的是降低单一资产风险，不把所有鸡蛋放在一个篮子里。', 1, 10, 7, 1, NULL, '2025-12-31 19:33:55', '2025-12-31 19:33:55'), (116, 10, '以下哪些是正确的风险管理原则？', 'multiple', '[{\"key\":\"A\",\"value\":\"永远使用止损\"},{\"key\":\"B\",\"value\":\"不要在亏损时加仓\"},{\"key\":\"C\",\"value\":\"控制总仓位\"},{\"key\":\"D\",\"value\":\"亏损后加大仓位回本\"}]', 'ABC', '永远使用止损、不在亏损时加仓、控制总仓位都是正确的风险管理原则。', 2, 10, 8, 1, NULL, '2025-12-31 19:33:55', '2025-12-31 19:33:55'), (117, 10, '最大回撤是指？', 'single', '[{\"key\":\"A\",\"value\":\"单笔最大亏损\"},{\"key\":\"B\",\"value\":\"从最高点到最低点的最大跌幅\"},{\"key\":\"C\",\"value\":\"总亏损金额\"},{\"key\":\"D\",\"value\":\"平均亏损\"}]', 'B', '最大回撤是指账户从最高点到最低点的最大跌幅，是衡量风险的重要指标。', 1, 10, 9, 1, NULL, '2025-12-31 19:33:55', '2025-12-31 19:33:55'), (118, 10, '如果一个策略最大回撤是20%，你应该预期实盘最大回撤可能是？', 'single', '[{\"key\":\"A\",\"value\":\"10%\"},{\"key\":\"B\",\"value\":\"20%\"},{\"key\":\"C\",\"value\":\"30-40%\"},{\"key\":\"D\",\"value\":\"5%\"}]', 'C', '实盘最大回撤通常会超过回测，应该预期1.5-2倍的回撤，做好心理准备。', 2, 10, 10, 1, NULL, '2025-12-31 19:33:55', '2025-12-31 19:33:55'), (119, 10, '移动止损的作用是？', 'single', '[{\"key\":\"A\",\"value\":\"锁定部分利润\"},{\"key\":\"B\",\"value\":\"增加亏损\"},{\"key\":\"C\",\"value\":\"提高胜率\"},{\"key\":\"D\",\"value\":\"增加交易次数\"}]', 'A', '移动止损可以在趋势延续时锁定部分利润，同时给趋势发展空间。', 1, 10, 11, 1, NULL, '2025-12-31 19:33:55', '2025-12-31 19:33:55'), (120, 10, '风险管理中的\"破产风险\"是指？', 'single', '[{\"key\":\"A\",\"value\":\"公司破产\"},{\"key\":\"B\",\"value\":\"账户亏损到无法继续交易\"},{\"key\":\"C\",\"value\":\"交易所破产\"},{\"key\":\"D\",\"value\":\"策略失效\"}]', 'B', '破产风险是指账户亏损到无法继续交易的风险，良好的风险管理可以将其降到最低。', 2, 10, 12, 1, NULL, '2025-12-31 19:33:55', '2025-12-31 19:33:55'), (121, 11, '趋势跟随策略的核心理念是？', 'single', '[{\"key\":\"A\",\"value\":\"预测市场顶底\"},{\"key\":\"B\",\"value\":\"顺势而为，让利润奔跑\"},{\"key\":\"C\",\"value\":\"频繁交易\"},{\"key\":\"D\",\"value\":\"逆势抄底\"}]', 'B', '趋势跟随的核心是顺势而为，在趋势中持有仓位，让利润奔跑。', 1, 10, 1, 1, NULL, '2025-12-31 19:33:55', '2025-12-31 19:33:55'), (122, 11, '道氏理论中，上升趋势的定义是？', 'single', '[{\"key\":\"A\",\"value\":\"价格持续上涨\"},{\"key\":\"B\",\"value\":\"高点和低点都不断抬高\"},{\"key\":\"C\",\"value\":\"均线向上\"},{\"key\":\"D\",\"value\":\"成交量放大\"}]', 'B', '道氏理论定义上升趋势为高点和低点都不断抬高，下降趋势则相反。', 1, 10, 2, 1, NULL, '2025-12-31 19:33:55', '2025-12-31 19:33:55'), (123, 11, '以下哪些是常见的趋势跟随入场方法？', 'multiple', '[{\"key\":\"A\",\"value\":\"均线金叉\"},{\"key\":\"B\",\"value\":\"突破前高\"},{\"key\":\"C\",\"value\":\"回调到支撑位\"},{\"key\":\"D\",\"value\":\"RSI超买做空\"}]', 'ABC', '均线金叉、突破前高、回调到支撑位都是趋势跟随的入场方法。', 2, 10, 3, 1, NULL, '2025-12-31 19:33:55', '2025-12-31 19:33:55'), (124, 11, '趋势跟随策略的典型胜率是？', 'single', '[{\"key\":\"A\",\"value\":\"80%以上\"},{\"key\":\"B\",\"value\":\"60-70%\"},{\"key\":\"C\",\"value\":\"30-40%\"},{\"key\":\"D\",\"value\":\"90%以上\"}]', 'C', '趋势跟随策略胜率通常只有30-40%，但靠高盈亏比实现盈利。', 2, 10, 4, 1, NULL, '2025-12-31 19:33:55', '2025-12-31 19:33:55'), (125, 11, '海龟交易法则使用什么作为入场信号？', 'single', '[{\"key\":\"A\",\"value\":\"均线金叉\"},{\"key\":\"B\",\"value\":\"20日或55日通道突破\"},{\"key\":\"C\",\"value\":\"MACD背离\"},{\"key\":\"D\",\"value\":\"RSI超卖\"}]', 'B', '海龟交易法则使用20日或55日价格通道突破作为入场信号。', 2, 10, 5, 1, NULL, '2025-12-31 19:33:55', '2025-12-31 19:33:55'), (126, 11, '趋势跟随策略在什么市场环境下表现最差？', 'single', '[{\"key\":\"A\",\"value\":\"牛市\"},{\"key\":\"B\",\"value\":\"熊市\"},{\"key\":\"C\",\"value\":\"震荡市\"},{\"key\":\"D\",\"value\":\"任何市场都一样\"}]', 'C', '趋势跟随策略在震荡市表现最差，会频繁止损，产生连续亏损。', 1, 10, 6, 1, NULL, '2025-12-31 19:33:55', '2025-12-31 19:33:55'), (127, 11, '趋势跟随中，\"截断亏损，让利润奔跑\"意味着？', 'single', '[{\"key\":\"A\",\"value\":\"不设止损\"},{\"key\":\"B\",\"value\":\"快速止损，慢慢止盈\"},{\"key\":\"C\",\"value\":\"快速止盈，慢慢止损\"},{\"key\":\"D\",\"value\":\"不止盈也不止损\"}]', 'B', '截断亏损意味着快速止损，让利润奔跑意味着不要过早止盈，给趋势发展空间。', 1, 10, 7, 1, NULL, '2025-12-31 19:33:55', '2025-12-31 19:33:55'), (128, 11, '判断趋势是否结束的信号包括？', 'multiple', '[{\"key\":\"A\",\"value\":\"跌破上升趋势线\"},{\"key\":\"B\",\"value\":\"均线死叉\"},{\"key\":\"C\",\"value\":\"创新低\"},{\"key\":\"D\",\"value\":\"成交量萎缩\"}]', 'ABC', '跌破趋势线、均线死叉、创新低都是趋势可能结束的信号。', 2, 10, 8, 1, NULL, '2025-12-31 19:33:55', '2025-12-31 19:33:55'), (129, 11, '趋势跟随策略的持仓时间通常是？', 'single', '[{\"key\":\"A\",\"value\":\"几分钟\"},{\"key\":\"B\",\"value\":\"几小时\"},{\"key\":\"C\",\"value\":\"几天到几周\"},{\"key\":\"D\",\"value\":\"固定时间\"}]', 'C', '趋势跟随策略持仓时间通常是几天到几周，取决于趋势持续时间。', 1, 10, 9, 1, NULL, '2025-12-31 19:33:55', '2025-12-31 19:33:55'), (130, 11, '在上升趋势中加仓的最佳时机是？', 'single', '[{\"key\":\"A\",\"value\":\"创新高时\"},{\"key\":\"B\",\"value\":\"回调到支撑位时\"},{\"key\":\"C\",\"value\":\"任何时候\"},{\"key\":\"D\",\"value\":\"趋势结束时\"}]', 'B', '在上升趋势中，回调到支撑位（如均线、前低）是加仓的好时机。', 2, 10, 10, 1, NULL, '2025-12-31 19:33:55', '2025-12-31 19:33:55'), (131, 11, '趋势跟随者最大的心理挑战是？', 'single', '[{\"key\":\"A\",\"value\":\"贪婪\"},{\"key\":\"B\",\"value\":\"承受连续小亏损\"},{\"key\":\"C\",\"value\":\"过度交易\"},{\"key\":\"D\",\"value\":\"不敢入场\"}]', 'B', '趋势跟随胜率低，需要承受连续小亏损，等待大趋势带来的大盈利。', 2, 10, 11, 1, NULL, '2025-12-31 19:33:55', '2025-12-31 19:33:55'), (132, 11, '以下哪个不是趋势跟随策略的特点？', 'single', '[{\"key\":\"A\",\"value\":\"低胜率高盈亏比\"},{\"key\":\"B\",\"value\":\"需要耐心持仓\"},{\"key\":\"C\",\"value\":\"频繁交易\"},{\"key\":\"D\",\"value\":\"顺势操作\"}]', 'C', '趋势跟随策略交易频率较低，不是频繁交易，需要耐心等待和持仓。', 1, 10, 12, 1, NULL, '2025-12-31 19:33:55', '2025-12-31 19:33:55'), (133, 12, '震荡市场的特征是？', 'multiple', '[{\"key\":\"A\",\"value\":\"价格在区间内波动\"},{\"key\":\"B\",\"value\":\"成交量萎缩\"},{\"key\":\"C\",\"value\":\"均线纠缠\"},{\"key\":\"D\",\"value\":\"趋势明显\"}]', 'ABC', '震荡市场特征是价格在区间内波动、成交量萎缩、均线纠缠走平。', 1, 10, 1, 1, NULL, '2025-12-31 19:33:55', '2025-12-31 19:33:55'), (134, 12, '震荡交易的基本策略是？', 'single', '[{\"key\":\"A\",\"value\":\"追涨杀跌\"},{\"key\":\"B\",\"value\":\"高抛低吸\"},{\"key\":\"C\",\"value\":\"突破追入\"},{\"key\":\"D\",\"value\":\"长期持有\"}]', 'B', '震荡交易的基本策略是高抛低吸，在区间上沿卖出，下沿买入。', 1, 10, 2, 1, NULL, '2025-12-31 19:33:55', '2025-12-31 19:33:55'), (135, 12, '识别震荡区间时，应该观察？', 'multiple', '[{\"key\":\"A\",\"value\":\"至少两次触及上沿\"},{\"key\":\"B\",\"value\":\"至少两次触及下沿\"},{\"key\":\"C\",\"value\":\"ADX指标低于25\"},{\"key\":\"D\",\"value\":\"布林带收窄\"}]', 'ABCD', '识别震荡区间需要观察多次触及上下沿、ADX低于25、布林带收窄等特征。', 2, 10, 3, 1, NULL, '2025-12-31 19:33:55', '2025-12-31 19:33:55'), (136, 12, '在震荡区间下沿做多时，止损应该设在？', 'single', '[{\"key\":\"A\",\"value\":\"区间上沿\"},{\"key\":\"B\",\"value\":\"区间下沿下方\"},{\"key\":\"C\",\"value\":\"区间中间\"},{\"key\":\"D\",\"value\":\"不需要止损\"}]', 'B', '在区间下沿做多，止损设在下沿下方，如果跌破说明区间被打破。', 1, 10, 4, 1, NULL, '2025-12-31 19:33:55', '2025-12-31 19:33:55'), (137, 12, 'RSI在震荡市中的使用方法是？', 'single', '[{\"key\":\"A\",\"value\":\"RSI>70做多\"},{\"key\":\"B\",\"value\":\"RSI<30做空\"},{\"key\":\"C\",\"value\":\"RSI>70做空，RSI<30做多\"},{\"key\":\"D\",\"value\":\"不看RSI\"}]', 'C', '在震荡市中，RSI>70超买区做空，RSI<30超卖区做多，是均值回归策略。', 1, 10, 5, 1, NULL, '2025-12-31 19:33:55', '2025-12-31 19:33:55'), (138, 12, '布林带在震荡市中的应用是？', 'single', '[{\"key\":\"A\",\"value\":\"突破上轨做多\"},{\"key\":\"B\",\"value\":\"触及上轨做空，触及下轨做多\"},{\"key\":\"C\",\"value\":\"只看中轨\"},{\"key\":\"D\",\"value\":\"布林带无效\"}]', 'B', '在震荡市中，价格触及布林带上轨做空，触及下轨做多，等待回归中轨。', 1, 10, 6, 1, NULL, '2025-12-31 19:33:55', '2025-12-31 19:33:55'), (139, 12, '震荡交易策略的典型胜率是？', 'single', '[{\"key\":\"A\",\"value\":\"30-40%\"},{\"key\":\"B\",\"value\":\"50-60%\"},{\"key\":\"C\",\"value\":\"60-70%\"},{\"key\":\"D\",\"value\":\"80%以上\"}]', 'C', '震荡交易策略胜率通常较高（60-70%），但盈亏比较低。', 2, 10, 7, 1, NULL, '2025-12-31 19:33:55', '2025-12-31 19:33:55'), (140, 12, '震荡交易最大的风险是？', 'single', '[{\"key\":\"A\",\"value\":\"胜率太低\"},{\"key\":\"B\",\"value\":\"区间被突破\"},{\"key\":\"C\",\"value\":\"交易次数太少\"},{\"key\":\"D\",\"value\":\"盈利太多\"}]', 'B', '震荡交易最大风险是区间被突破，导致较大亏损，所以必须设置止损。', 2, 10, 8, 1, NULL, '2025-12-31 19:33:55', '2025-12-31 19:33:55'), (141, 12, '如何判断震荡即将结束？', 'multiple', '[{\"key\":\"A\",\"value\":\"成交量放大\"},{\"key\":\"B\",\"value\":\"布林带开始扩张\"},{\"key\":\"C\",\"value\":\"价格接近区间边缘\"},{\"key\":\"D\",\"value\":\"ADX开始上升\"}]', 'ABD', '成交量放大、布林带扩张、ADX上升都是震荡可能结束的信号。', 2, 10, 9, 1, NULL, '2025-12-31 19:33:55', '2025-12-31 19:33:55'), (142, 12, '震荡交易的止盈目标通常设在？', 'single', '[{\"key\":\"A\",\"value\":\"区间的另一端\"},{\"key\":\"B\",\"value\":\"区间中间\"},{\"key\":\"C\",\"value\":\"无限远\"},{\"key\":\"D\",\"value\":\"入场价附近\"}]', 'A', '震荡交易的止盈目标通常设在区间的另一端，或区间中间保守止盈。', 1, 10, 10, 1, NULL, '2025-12-31 19:33:55', '2025-12-31 19:33:55'), (143, 12, '以下哪种情况不适合使用震荡策略？', 'single', '[{\"key\":\"A\",\"value\":\"ADX>30\"},{\"key\":\"B\",\"value\":\"布林带收窄\"},{\"key\":\"C\",\"value\":\"价格在区间内\"},{\"key\":\"D\",\"value\":\"成交量萎缩\"}]', 'A', 'ADX>30说明趋势较强，不适合使用震荡策略，应该使用趋势跟随策略。', 2, 10, 11, 1, NULL, '2025-12-31 19:33:55', '2025-12-31 19:33:55'), (144, 12, '震荡和趋势策略应该如何配合使用？', 'single', '[{\"key\":\"A\",\"value\":\"只用一种\"},{\"key\":\"B\",\"value\":\"根据市场状态切换\"},{\"key\":\"C\",\"value\":\"同时使用\"},{\"key\":\"D\",\"value\":\"随机选择\"}]', 'B', '应该根据市场状态切换策略，震荡市用震荡策略，趋势市用趋势策略。', 2, 10, 12, 1, NULL, '2025-12-31 19:33:55', '2025-12-31 19:33:55'), (145, 13, '有效突破的特征包括？', 'multiple', '[{\"key\":\"A\",\"value\":\"成交量放大\"},{\"key\":\"B\",\"value\":\"收盘价站稳突破位\"},{\"key\":\"C\",\"value\":\"突破后不快速回落\"},{\"key\":\"D\",\"value\":\"成交量萎缩\"}]', 'ABC', '有效突破通常伴随成交量放大、收盘价站稳、不快速回落等特征。', 1, 10, 1, 1, NULL, '2025-12-31 19:33:55', '2025-12-31 19:33:55'), (146, 13, '假突破的常见特征是？', 'single', '[{\"key\":\"A\",\"value\":\"成交量放大\"},{\"key\":\"B\",\"value\":\"快速回落到突破位下方\"},{\"key\":\"C\",\"value\":\"持续上涨\"},{\"key\":\"D\",\"value\":\"均线金叉\"}]', 'B', '假突破的典型特征是突破后快速回落到突破位下方，形成\"诱多\"或\"诱空\"。', 1, 10, 2, 1, NULL, '2025-12-31 19:33:55', '2025-12-31 19:33:55'), (147, 13, '突破交易的入场时机有哪些？', 'multiple', '[{\"key\":\"A\",\"value\":\"突破瞬间入场\"},{\"key\":\"B\",\"value\":\"等待收盘确认\"},{\"key\":\"C\",\"value\":\"等待回踩确认\"},{\"key\":\"D\",\"value\":\"突破前入场\"}]', 'ABC', '突破交易可以在突破瞬间、收盘确认、回踩确认时入场，各有优缺点。', 2, 10, 3, 1, NULL, '2025-12-31 19:33:55', '2025-12-31 19:33:55'), (148, 13, '突破前的整理形态越久，突破后的走势通常？', 'single', '[{\"key\":\"A\",\"value\":\"越弱\"},{\"key\":\"B\",\"value\":\"越强\"},{\"key\":\"C\",\"value\":\"没有关系\"},{\"key\":\"D\",\"value\":\"一定失败\"}]', 'B', '整理时间越久，积蓄的能量越大，突破后的走势通常越强。', 2, 10, 4, 1, NULL, '2025-12-31 19:33:55', '2025-12-31 19:33:55'), (149, 13, '三角形整理突破后的目标位通常是？', 'single', '[{\"key\":\"A\",\"value\":\"三角形高度\"},{\"key\":\"B\",\"value\":\"三角形宽度\"},{\"key\":\"C\",\"value\":\"固定点数\"},{\"key\":\"D\",\"value\":\"无法预测\"}]', 'A', '三角形突破后的目标位通常是三角形的高度，从突破点开始测量。', 2, 10, 5, 1, NULL, '2025-12-31 19:33:55', '2025-12-31 19:33:55'), (150, 13, '突破交易的止损应该设在？', 'single', '[{\"key\":\"A\",\"value\":\"突破位上方\"},{\"key\":\"B\",\"value\":\"突破位下方或整理区间内\"},{\"key\":\"C\",\"value\":\"入场价\"},{\"key\":\"D\",\"value\":\"不需要止损\"}]', 'B', '突破交易止损设在突破位下方或整理区间内，如果回落说明突破失败。', 1, 10, 6, 1, NULL, '2025-12-31 19:33:55', '2025-12-31 19:33:55'), (151, 13, '以下哪种突破更可靠？', 'single', '[{\"key\":\"A\",\"value\":\"第一次测试就突破\"},{\"key\":\"B\",\"value\":\"多次测试后突破\"},{\"key\":\"C\",\"value\":\"没有区别\"},{\"key\":\"D\",\"value\":\"假突破后的真突破\"}]', 'B', '多次测试后的突破更可靠，说明该位置确实是重要阻力，突破后意义更大。', 2, 10, 7, 1, NULL, '2025-12-31 19:33:55', '2025-12-31 19:33:55'), (152, 13, '突破交易中，回踩确认的意义是？', 'multiple', '[{\"key\":\"A\",\"value\":\"确认突破有效\"},{\"key\":\"B\",\"value\":\"提供更好的入场点\"},{\"key\":\"C\",\"value\":\"降低风险\"},{\"key\":\"D\",\"value\":\"一定会发生\"}]', 'ABC', '回踩确认可以确认突破有效、提供更好入场点、降低风险，但不一定会发生。', 2, 10, 8, 1, NULL, '2025-12-31 19:33:55', '2025-12-31 19:33:55'), (153, 13, '突破交易的盈亏比通常应该至少是？', 'single', '[{\"key\":\"A\",\"value\":\"1:1\"},{\"key\":\"B\",\"value\":\"2:1\"},{\"key\":\"C\",\"value\":\"3:1\"},{\"key\":\"D\",\"value\":\"0.5:1\"}]', 'B', '突破交易盈亏比至少应该2:1，因为假突破较多，需要高盈亏比弥补。', 2, 10, 9, 1, NULL, '2025-12-31 19:33:55', '2025-12-31 19:33:55'), (154, 13, '在重要消息发布前的突破应该？', 'single', '[{\"key\":\"A\",\"value\":\"积极追入\"},{\"key\":\"B\",\"value\":\"谨慎对待，可能是假突破\"},{\"key\":\"C\",\"value\":\"加大仓位\"},{\"key\":\"D\",\"value\":\"忽略消息\"}]', 'B', '重要消息发布前的突破要谨慎，可能是假突破，消息发布后可能反向。', 2, 10, 10, 1, NULL, '2025-12-31 19:33:55', '2025-12-31 19:33:55'), (155, 13, '突破交易最适合的市场环境是？', 'single', '[{\"key\":\"A\",\"value\":\"长期震荡后\"},{\"key\":\"B\",\"value\":\"趋势中\"},{\"key\":\"C\",\"value\":\"高波动市场\"},{\"key\":\"D\",\"value\":\"任何时候\"}]', 'A', '突破交易最适合长期震荡后，能量积蓄充分，突破后走势更强。', 2, 10, 11, 1, NULL, '2025-12-31 19:33:55', '2025-12-31 19:33:55'), (156, 13, '如何过滤假突破？', 'multiple', '[{\"key\":\"A\",\"value\":\"等待成交量确认\"},{\"key\":\"B\",\"value\":\"等待收盘价确认\"},{\"key\":\"C\",\"value\":\"使用多时间框架\"},{\"key\":\"D\",\"value\":\"立即追入\"}]', 'ABC', '等待成交量确认、收盘价确认、多时间框架验证都可以帮助过滤假突破。', 2, 10, 12, 1, NULL, '2025-12-31 19:33:55', '2025-12-31 19:33:55');
INSERT INTO `learn_quiz` (`id`, `chapter_id`, `question`, `question_type`, `options`, `answer`, `explanation`, `difficulty`, `points`, `sort_order`, `status`, `create_by`, `create_time`, `update_time`) VALUES (157, 14, '多时间框架分析的基本原则是？', 'single', '[{\"key\":\"A\",\"value\":\"只看小周期\"},{\"key\":\"B\",\"value\":\"从大周期到小周期分析\"},{\"key\":\"C\",\"value\":\"只看大周期\"},{\"key\":\"D\",\"value\":\"随机选择周期\"}]', 'B', '多时间框架分析应该从大周期到小周期，大周期定方向，小周期找入场点。', 1, 10, 1, 1, NULL, '2025-12-31 19:33:55', '2025-12-31 19:33:55'), (158, 14, '如果日线是上升趋势，4小时是下降趋势，应该？', 'single', '[{\"key\":\"A\",\"value\":\"做空\"},{\"key\":\"B\",\"value\":\"等待4小时转为上升再做多\"},{\"key\":\"C\",\"value\":\"做多\"},{\"key\":\"D\",\"value\":\"不交易\"}]', 'B', '大周期优先，日线上升应该找做多机会，等待4小时回调结束转为上升再入场。', 2, 10, 2, 1, NULL, '2025-12-31 19:33:55', '2025-12-31 19:33:55'), (159, 14, '常用的三重时间框架组合是？', 'single', '[{\"key\":\"A\",\"value\":\"1分钟、5分钟、15分钟\"},{\"key\":\"B\",\"value\":\"周线、日线、4小时\"},{\"key\":\"C\",\"value\":\"月线、周线、日线\"},{\"key\":\"D\",\"value\":\"以上都可以\"}]', 'D', '三重时间框架可以根据交易风格选择，短线用小周期组合，中长线用大周期组合。', 1, 10, 3, 1, NULL, '2025-12-31 19:33:55', '2025-12-31 19:33:55'), (160, 14, '多周期共振是指？', 'single', '[{\"key\":\"A\",\"value\":\"多个周期信号矛盾\"},{\"key\":\"B\",\"value\":\"多个周期信号一致\"},{\"key\":\"C\",\"value\":\"只看一个周期\"},{\"key\":\"D\",\"value\":\"周期越多越好\"}]', 'B', '多周期共振是指多个时间周期的信号方向一致，此时交易成功率更高。', 1, 10, 4, 1, NULL, '2025-12-31 19:33:55', '2025-12-31 19:33:55'), (161, 14, '大周期的作用是？', 'multiple', '[{\"key\":\"A\",\"value\":\"确定趋势方向\"},{\"key\":\"B\",\"value\":\"识别关键支撑阻力\"},{\"key\":\"C\",\"value\":\"精确入场\"},{\"key\":\"D\",\"value\":\"过滤逆势交易\"}]', 'ABD', '大周期用于确定趋势方向、识别关键位置、过滤逆势交易，精确入场用小周期。', 2, 10, 5, 1, NULL, '2025-12-31 19:33:55', '2025-12-31 19:33:55'), (162, 14, '小周期的作用是？', 'multiple', '[{\"key\":\"A\",\"value\":\"精确入场点\"},{\"key\":\"B\",\"value\":\"设置止损\"},{\"key\":\"C\",\"value\":\"确定大趋势\"},{\"key\":\"D\",\"value\":\"优化入场时机\"}]', 'ABD', '小周期用于精确入场点、设置止损、优化入场时机，大趋势由大周期确定。', 2, 10, 6, 1, NULL, '2025-12-31 19:33:55', '2025-12-31 19:33:55'), (163, 14, '时间框架之间的比例通常是？', 'single', '[{\"key\":\"A\",\"value\":\"2倍\"},{\"key\":\"B\",\"value\":\"4-6倍\"},{\"key\":\"C\",\"value\":\"10倍\"},{\"key\":\"D\",\"value\":\"没有规律\"}]', 'B', '相邻时间框架之间的比例通常是4-6倍，如日线和4小时（6倍）。', 2, 10, 7, 1, NULL, '2025-12-31 19:33:55', '2025-12-31 19:33:55'), (164, 14, '当大周期和小周期信号矛盾时，应该？', 'single', '[{\"key\":\"A\",\"value\":\"跟随小周期\"},{\"key\":\"B\",\"value\":\"跟随大周期或观望\"},{\"key\":\"C\",\"value\":\"两个都做\"},{\"key\":\"D\",\"value\":\"随机选择\"}]', 'B', '大周期优先，信号矛盾时应该跟随大周期方向或观望等待信号一致。', 2, 10, 8, 1, NULL, '2025-12-31 19:33:55', '2025-12-31 19:33:55'), (165, 14, '多时间框架分析可以帮助？', 'multiple', '[{\"key\":\"A\",\"value\":\"提高胜率\"},{\"key\":\"B\",\"value\":\"优化入场点\"},{\"key\":\"C\",\"value\":\"减少假信号\"},{\"key\":\"D\",\"value\":\"保证100%盈利\"}]', 'ABC', '多时间框架分析可以提高胜率、优化入场、减少假信号，但不能保证100%盈利。', 2, 10, 9, 1, NULL, '2025-12-31 19:33:55', '2025-12-31 19:33:55'), (166, 14, '日内交易者通常使用的时间框架组合是？', 'single', '[{\"key\":\"A\",\"value\":\"月线、周线、日线\"},{\"key\":\"B\",\"value\":\"日线、4小时、1小时\"},{\"key\":\"C\",\"value\":\"4小时、1小时、15分钟\"},{\"key\":\"D\",\"value\":\"周线、日线、4小时\"}]', 'C', '日内交易者通常使用4小时、1小时、15分钟的组合，适合短线操作。', 1, 10, 10, 1, NULL, '2025-12-31 19:33:55', '2025-12-31 19:33:55'), (167, 14, '波段交易者通常使用的时间框架组合是？', 'single', '[{\"key\":\"A\",\"value\":\"1分钟、5分钟、15分钟\"},{\"key\":\"B\",\"value\":\"周线、日线、4小时\"},{\"key\":\"C\",\"value\":\"月线、周线、日线\"},{\"key\":\"D\",\"value\":\"15分钟、1小时、4小时\"}]', 'B', '波段交易者通常使用周线、日线、4小时的组合，持仓几天到几周。', 1, 10, 11, 1, NULL, '2025-12-31 19:33:55', '2025-12-31 19:33:55'), (168, 14, '多时间框架分析的缺点是？', 'single', '[{\"key\":\"A\",\"value\":\"太简单\"},{\"key\":\"B\",\"value\":\"可能错过一些机会\"},{\"key\":\"C\",\"value\":\"完全无效\"},{\"key\":\"D\",\"value\":\"没有缺点\"}]', 'B', '多时间框架分析要求信号一致，可能会错过一些小周期的交易机会。', 2, 10, 12, 1, NULL, '2025-12-31 19:33:55', '2025-12-31 19:33:55'), (169, 15, '交易中最常见的两种情绪是？', 'single', '[{\"key\":\"A\",\"value\":\"快乐和悲伤\"},{\"key\":\"B\",\"value\":\"贪婪和恐惧\"},{\"key\":\"C\",\"value\":\"兴奋和无聊\"},{\"key\":\"D\",\"value\":\"自信和怀疑\"}]', 'B', '贪婪和恐惧是交易中最常见的两种情绪，会导致追涨杀跌等错误行为。', 1, 10, 1, 1, NULL, '2025-12-31 19:33:55', '2025-12-31 19:33:55'), (170, 15, '过度交易通常是由什么心理导致的？', 'multiple', '[{\"key\":\"A\",\"value\":\"想快速回本\"},{\"key\":\"B\",\"value\":\"无聊\"},{\"key\":\"C\",\"value\":\"贪婪\"},{\"key\":\"D\",\"value\":\"严格执行系统\"}]', 'ABC', '过度交易通常由想快速回本、无聊、贪婪等心理导致，不是严格执行系统的结果。', 2, 10, 2, 1, NULL, '2025-12-31 19:33:55', '2025-12-31 19:33:55'), (171, 15, '报复性交易是指？', 'single', '[{\"key\":\"A\",\"value\":\"按计划交易\"},{\"key\":\"B\",\"value\":\"亏损后急于加大仓位回本\"},{\"key\":\"C\",\"value\":\"盈利后加仓\"},{\"key\":\"D\",\"value\":\"减少交易\"}]', 'B', '报复性交易是亏损后急于加大仓位回本的行为，通常会导致更大亏损。', 1, 10, 3, 1, NULL, '2025-12-31 19:33:55', '2025-12-31 19:33:55'), (172, 15, '确认偏误是指？', 'single', '[{\"key\":\"A\",\"value\":\"客观分析市场\"},{\"key\":\"B\",\"value\":\"只关注支持自己观点的信息\"},{\"key\":\"C\",\"value\":\"承认错误\"},{\"key\":\"D\",\"value\":\"多角度分析\"}]', 'B', '确认偏误是只关注支持自己观点的信息，忽略相反证据，导致判断失误。', 2, 10, 4, 1, NULL, '2025-12-31 19:33:55', '2025-12-31 19:33:55'), (173, 15, '控制交易情绪的有效方法包括？', 'multiple', '[{\"key\":\"A\",\"value\":\"写交易日志\"},{\"key\":\"B\",\"value\":\"严格执行交易计划\"},{\"key\":\"C\",\"value\":\"设置合理的仓位\"},{\"key\":\"D\",\"value\":\"亏损后立即加仓\"}]', 'ABC', '写交易日志、严格执行计划、合理仓位都有助于控制情绪。', 2, 10, 5, 1, NULL, '2025-12-31 19:33:55', '2025-12-31 19:33:55'), (174, 15, '交易日志应该记录什么？', 'multiple', '[{\"key\":\"A\",\"value\":\"入场理由\"},{\"key\":\"B\",\"value\":\"出场理由\"},{\"key\":\"C\",\"value\":\"当时的情绪状态\"},{\"key\":\"D\",\"value\":\"市场环境\"}]', 'ABCD', '交易日志应该记录入场理由、出场理由、情绪状态、市场环境等完整信息。', 1, 10, 6, 1, NULL, '2025-12-31 19:33:55', '2025-12-31 19:33:55'), (175, 15, '连续亏损后正确的做法是？', 'single', '[{\"key\":\"A\",\"value\":\"加大仓位回本\"},{\"key\":\"B\",\"value\":\"暂停交易，复盘分析\"},{\"key\":\"C\",\"value\":\"换一个策略\"},{\"key\":\"D\",\"value\":\"继续按原来方式交易\"}]', 'B', '连续亏损后应该暂停交易，复盘分析原因，调整状态后再继续。', 1, 10, 7, 1, NULL, '2025-12-31 19:33:55', '2025-12-31 19:33:55'), (176, 15, '交易中的\"沉没成本谬误\"是指？', 'single', '[{\"key\":\"A\",\"value\":\"及时止损\"},{\"key\":\"B\",\"value\":\"因为已经亏损而不愿止损\"},{\"key\":\"C\",\"value\":\"快速止盈\"},{\"key\":\"D\",\"value\":\"分散投资\"}]', 'B', '沉没成本谬误是因为已经亏损而不愿止损，希望回本，往往导致更大亏损。', 2, 10, 8, 1, NULL, '2025-12-31 19:33:55', '2025-12-31 19:33:55'), (177, 15, '保持交易纪律的关键是？', 'single', '[{\"key\":\"A\",\"value\":\"依靠意志力\"},{\"key\":\"B\",\"value\":\"建立规则并严格执行\"},{\"key\":\"C\",\"value\":\"跟随感觉\"},{\"key\":\"D\",\"value\":\"模仿他人\"}]', 'B', '保持纪律的关键是建立明确的规则并严格执行，而不是依靠意志力。', 2, 10, 9, 1, NULL, '2025-12-31 19:33:55', '2025-12-31 19:33:55'), (178, 15, '交易前制定计划的好处是？', 'multiple', '[{\"key\":\"A\",\"value\":\"减少情绪干扰\"},{\"key\":\"B\",\"value\":\"明确入场出场标准\"},{\"key\":\"C\",\"value\":\"便于复盘\"},{\"key\":\"D\",\"value\":\"保证盈利\"}]', 'ABC', '交易计划可以减少情绪干扰、明确标准、便于复盘，但不能保证盈利。', 2, 10, 10, 1, NULL, '2025-12-31 19:33:55', '2025-12-31 19:33:55'), (179, 15, '以下哪种心态最有利于长期交易成功？', 'single', '[{\"key\":\"A\",\"value\":\"追求每笔都盈利\"},{\"key\":\"B\",\"value\":\"接受亏损是交易的一部分\"},{\"key\":\"C\",\"value\":\"永不认错\"},{\"key\":\"D\",\"value\":\"追求刺激\"}]', 'B', '接受亏损是交易的一部分，关注长期结果而非单笔盈亏，是健康的交易心态。', 2, 10, 11, 1, NULL, '2025-12-31 19:33:55', '2025-12-31 19:33:55'), (180, 15, '交易中的\"结果偏见\"是指？', 'single', '[{\"key\":\"A\",\"value\":\"只看结果不看过程\"},{\"key\":\"B\",\"value\":\"关注交易过程\"},{\"key\":\"C\",\"value\":\"客观评估\"},{\"key\":\"D\",\"value\":\"承认运气因素\"}]', 'A', '结果偏见是只看结果不看过程，好结果不一定是好决策，坏结果不一定是坏决策。', 2, 10, 12, 1, NULL, '2025-12-31 19:33:55', '2025-12-31 19:33:55'), (181, 16, '模拟交易的主要目的是？', 'multiple', '[{\"key\":\"A\",\"value\":\"验证交易策略\"},{\"key\":\"B\",\"value\":\"积累交易经验\"},{\"key\":\"C\",\"value\":\"熟悉交易平台\"},{\"key\":\"D\",\"value\":\"赚取真实利润\"}]', 'ABC', '模拟交易用于验证策略、积累经验、熟悉平台，不能赚取真实利润。', 1, 10, 1, 1, NULL, '2025-12-31 19:33:55', '2025-12-31 19:33:55'), (182, 16, '模拟交易应该如何对待？', 'single', '[{\"key\":\"A\",\"value\":\"随意交易\"},{\"key\":\"B\",\"value\":\"像真实交易一样认真\"},{\"key\":\"C\",\"value\":\"只做盈利的交易\"},{\"key\":\"D\",\"value\":\"不需要记录\"}]', 'B', '模拟交易应该像真实交易一样认真对待，否则无法真正验证策略和心态。', 1, 10, 2, 1, NULL, '2025-12-31 19:33:55', '2025-12-31 19:33:55'), (183, 16, '模拟交易多长时间后可以考虑实盘？', 'single', '[{\"key\":\"A\",\"value\":\"1周\"},{\"key\":\"B\",\"value\":\"1个月\"},{\"key\":\"C\",\"value\":\"至少2-3个月且稳定盈利\"},{\"key\":\"D\",\"value\":\"1天\"}]', 'C', '模拟交易至少2-3个月且稳定盈利后才考虑实盘，确保策略经过充分验证。', 2, 10, 3, 1, NULL, '2025-12-31 19:33:55', '2025-12-31 19:33:55'), (184, 16, '模拟交易和实盘的主要区别是？', 'single', '[{\"key\":\"A\",\"value\":\"技术分析不同\"},{\"key\":\"B\",\"value\":\"心理压力不同\"},{\"key\":\"C\",\"value\":\"市场数据不同\"},{\"key\":\"D\",\"value\":\"没有区别\"}]', 'B', '模拟和实盘最大区别是心理压力，实盘涉及真金白银，情绪影响更大。', 2, 10, 4, 1, NULL, '2025-12-31 19:33:55', '2025-12-31 19:33:55'), (185, 16, '每日复盘应该包括？', 'multiple', '[{\"key\":\"A\",\"value\":\"当日交易回顾\"},{\"key\":\"B\",\"value\":\"盈亏分析\"},{\"key\":\"C\",\"value\":\"情绪记录\"},{\"key\":\"D\",\"value\":\"改进计划\"}]', 'ABCD', '每日复盘应包括交易回顾、盈亏分析、情绪记录、改进计划等内容。', 1, 10, 5, 1, NULL, '2025-12-31 19:33:55', '2025-12-31 19:33:55'), (186, 16, '模拟交易中应该使用多大的资金？', 'single', '[{\"key\":\"A\",\"value\":\"越大越好\"},{\"key\":\"B\",\"value\":\"与计划实盘资金相近\"},{\"key\":\"C\",\"value\":\"越小越好\"},{\"key\":\"D\",\"value\":\"无所谓\"}]', 'B', '模拟资金应与计划实盘资金相近，这样仓位管理和心理感受更接近实盘。', 2, 10, 6, 1, NULL, '2025-12-31 19:33:55', '2025-12-31 19:33:55'), (187, 16, '模拟交易期间发现策略问题应该？', 'single', '[{\"key\":\"A\",\"value\":\"忽略继续\"},{\"key\":\"B\",\"value\":\"记录并分析改进\"},{\"key\":\"C\",\"value\":\"立即放弃策略\"},{\"key\":\"D\",\"value\":\"换一个策略\"}]', 'B', '发现问题应该记录并分析改进，这是模拟交易的重要价值。', 1, 10, 7, 1, NULL, '2025-12-31 19:33:55', '2025-12-31 19:33:55'), (188, 16, '模拟交易的交易频率应该？', 'single', '[{\"key\":\"A\",\"value\":\"越多越好\"},{\"key\":\"B\",\"value\":\"与实盘计划一致\"},{\"key\":\"C\",\"value\":\"越少越好\"},{\"key\":\"D\",\"value\":\"随意}]', 'B', '模拟交易频率应与实盘计划一致，过多或过少都无法真实验证策略。', 2, 10, 8, 1, NULL, '2025-12-31 19:33:55', '2025-12-31 19:33:55'), (189, 16, '模拟交易成功后转实盘应该？', 'single', '[{\"key\":\"A\",\"value\":\"立即全仓操作\"},{\"key\":\"B\",\"value\":\"从小资金开始\"},{\"key\":\"C\",\"value\":\"加大杠杆\"},{\"key\":\"D\",\"value\":\"不需要过渡\"}]', 'B', '模拟成功后应从小资金开始实盘，逐步适应真实交易的心理压力。', 1, 10, 9, 1, NULL, '2025-12-31 19:33:55', '2025-12-31 19:33:55'), (190, 16, '评估模拟交易表现的指标包括？', 'multiple', '[{\"key\":\"A\",\"value\":\"胜率\"},{\"key\":\"B\",\"value\":\"盈亏比\"},{\"key\":\"C\",\"value\":\"最大回撤\"},{\"key\":\"D\",\"value\":\"交易次数\"}]', 'ABCD', '评估模拟交易应看胜率、盈亏比、最大回撤、交易次数等多个指标。', 1, 10, 10, 1, NULL, '2025-12-31 19:33:55', '2025-12-31 19:33:55'), (191, 16, '模拟交易中连续盈利说明？', 'single', '[{\"key\":\"A\",\"value\":\"策略一定有效\"},{\"key\":\"B\",\"value\":\"可能是运气或市场配合\"},{\"key\":\"C\",\"value\":\"可以立即实盘\"},{\"key\":\"D\",\"value\":\"不需要继续模拟\"}]', 'B', '连续盈利可能是运气或市场配合，需要更长时间和更多样本验证。', 2, 10, 11, 1, NULL, '2025-12-31 19:33:55', '2025-12-31 19:33:55'), (192, 16, '模拟交易最容易忽视的问题是？', 'single', '[{\"key\":\"A\",\"value\":\"技术分析\"},{\"key\":\"B\",\"value\":\"心理因素和执行纪律\"},{\"key\":\"C\",\"value\":\"市场分析\"},{\"key\":\"D\",\"value\":\"资金管理\"}]', 'B', '模拟交易最容易忽视心理因素和执行纪律，因为没有真实资金压力。', 2, 10, 12, 1, NULL, '2025-12-31 19:33:55', '2025-12-31 19:33:55'), (193, 17, '从模拟转实盘，初始资金建议占总可投资资金的多少？', 'single', '[{\"key\":\"A\",\"value\":\"100%\"},{\"key\":\"B\",\"value\":\"50%\"},{\"key\":\"C\",\"value\":\"10-20%\"},{\"key\":\"D\",\"value\":\"5%以下\"}]', 'C', '初始实盘资金建议占总可投资资金的10-20%，降低风险的同时保持足够的学习价值。', 1, 10, 1, 1, NULL, '2025-12-31 19:34:14', '2025-12-31 19:34:14'), (194, 17, '实盘交易与模拟交易最大的不同是？', 'single', '[{\"key\":\"A\",\"value\":\"技术指标不同\"},{\"key\":\"B\",\"value\":\"心理压力和情绪影响\"},{\"key\":\"C\",\"value\":\"市场走势不同\"},{\"key\":\"D\",\"value\":\"交易规则不同\"}]', 'B', '实盘涉及真金白银，心理压力和情绪影响是最大的不同，需要适应。', 1, 10, 2, 1, NULL, '2025-12-31 19:34:14', '2025-12-31 19:34:14'), (195, 17, '实盘初期应该如何调整交易频率？', 'single', '[{\"key\":\"A\",\"value\":\"增加交易频率\"},{\"key\":\"B\",\"value\":\"保持或适当降低\"},{\"key\":\"C\",\"value\":\"停止交易\"},{\"key\":\"D\",\"value\":\"随意交易\"}]', 'B', '实盘初期应保持或适当降低交易频率，专注于执行质量而非数量。', 2, 10, 3, 1, NULL, '2025-12-31 19:34:14', '2025-12-31 19:34:14'), (196, 17, '实盘交易前的心理准备包括？', 'multiple', '[{\"key\":\"A\",\"value\":\"接受可能亏损\"},{\"key\":\"B\",\"value\":\"设定合理预期\"},{\"key\":\"C\",\"value\":\"准备应对情绪波动\"},{\"key\":\"D\",\"value\":\"期望快速致富\"}]', 'ABC', '心理准备包括接受可能亏损、设定合理预期、准备应对情绪波动。', 2, 10, 4, 1, NULL, '2025-12-31 19:34:14', '2025-12-31 19:34:14'), (197, 17, '实盘初期遇到连续亏损应该？', 'single', '[{\"key\":\"A\",\"value\":\"加大仓位回本\"},{\"key\":\"B\",\"value\":\"暂停交易，复盘分析\"},{\"key\":\"C\",\"value\":\"放弃交易\"},{\"key\":\"D\",\"value\":\"换一个策略\"}]', 'B', '连续亏损应暂停交易，复盘分析是策略问题还是执行问题，调整后再继续。', 1, 10, 5, 1, NULL, '2025-12-31 19:34:14', '2025-12-31 19:34:14'), (198, 17, '实盘交易的仓位应该比模拟时？', 'single', '[{\"key\":\"A\",\"value\":\"更大\"},{\"key\":\"B\",\"value\":\"更小或相同\"},{\"key\":\"C\",\"value\":\"没有关系\"},{\"key\":\"D\",\"value\":\"随意调整\"}]', 'B', '实盘初期仓位应该更小或与模拟相同，不应该更大，给自己适应的空间。', 1, 10, 6, 1, NULL, '2025-12-31 19:34:14', '2025-12-31 19:34:14'), (199, 17, '实盘交易记录应该比模拟时？', 'single', '[{\"key\":\"A\",\"value\":\"更简单\"},{\"key\":\"B\",\"value\":\"更详细\"},{\"key\":\"C\",\"value\":\"不需要记录\"},{\"key\":\"D\",\"value\":\"一样就行\"}]', 'B', '实盘交易记录应该更详细，包括情绪状态、执行偏差等，便于改进。', 2, 10, 7, 1, NULL, '2025-12-31 19:34:14', '2025-12-31 19:34:14'), (200, 17, '实盘初期的主要目标是？', 'single', '[{\"key\":\"A\",\"value\":\"快速盈利\"},{\"key\":\"B\",\"value\":\"适应实盘环境，保持纪律\"},{\"key\":\"C\",\"value\":\"测试新策略\"},{\"key\":\"D\",\"value\":\"增加交易次数\"}]', 'B', '实盘初期主要目标是适应实盘环境、保持交易纪律，而非追求盈利。', 2, 10, 8, 1, NULL, '2025-12-31 19:34:14', '2025-12-31 19:34:14'), (201, 17, '发现实盘执行与计划有偏差时应该？', 'multiple', '[{\"key\":\"A\",\"value\":\"记录偏差原因\"},{\"key\":\"B\",\"value\":\"分析是否需要调整计划\"},{\"key\":\"C\",\"value\":\"加强执行纪律\"},{\"key\":\"D\",\"value\":\"忽略继续\"}]', 'ABC', '发现偏差应记录原因、分析是否需要调整、加强纪律，不应忽略。', 2, 10, 9, 1, NULL, '2025-12-31 19:34:14', '2025-12-31 19:34:14'), (202, 17, '实盘交易中滑点是指？', 'single', '[{\"key\":\"A\",\"value\":\"价格上涨\"},{\"key\":\"B\",\"value\":\"实际成交价与预期价格的差异\"},{\"key\":\"C\",\"value\":\"手续费\"},{\"key\":\"D\",\"value\":\"杠杆倍数\"}]', 'B', '滑点是实际成交价与预期价格的差异，在波动大或流动性差时更明显。', 1, 10, 10, 1, NULL, '2025-12-31 19:34:14', '2025-12-31 19:34:14'), (203, 17, '实盘交易应该选择什么时间段？', 'single', '[{\"key\":\"A\",\"value\":\"任何时间\"},{\"key\":\"B\",\"value\":\"流动性好、自己精力充沛的时段\"},{\"key\":\"C\",\"value\":\"深夜\"},{\"key\":\"D\",\"value\":\"越早越好\"}]', 'B', '应选择流动性好、自己精力充沛的时段交易，避免疲劳交易。', 2, 10, 11, 1, NULL, '2025-12-31 19:34:14', '2025-12-31 19:34:14'), (204, 17, '实盘初期建议的持仓时间是？', 'single', '[{\"key\":\"A\",\"value\":\"越短越好\"},{\"key\":\"B\",\"value\":\"与策略设计一致\"},{\"key\":\"C\",\"value\":\"越长越好\"},{\"key\":\"D\",\"value\":\"随意}]', 'B', '持仓时间应与策略设计一致，不要因为实盘就改变原有的交易风格。', 2, 10, 12, 1, NULL, '2025-12-31 19:34:14', '2025-12-31 19:34:14'), (205, 18, '完整的交易日志应该包含哪些要素？', 'multiple', '[{\"key\":\"A\",\"value\":\"入场理由和价格\"},{\"key\":\"B\",\"value\":\"出场理由和价格\"},{\"key\":\"C\",\"value\":\"情绪状态\"},{\"key\":\"D\",\"value\":\"市场环境\"}]', 'ABCD', '完整的交易日志应包含入场出场理由和价格、情绪状态、市场环境等。', 1, 10, 1, 1, NULL, '2025-12-31 19:34:14', '2025-12-31 19:34:14'), (206, 18, '交易日志分析的主要目的是？', 'single', '[{\"key\":\"A\",\"value\":\"记录盈亏\"},{\"key\":\"B\",\"value\":\"发现问题并持续改进\"},{\"key\":\"C\",\"value\":\"炫耀成绩\"},{\"key\":\"D\",\"value\":\"应付检查\"}]', 'B', '交易日志分析的主要目的是发现问题、总结经验、持续改进交易表现。', 1, 10, 2, 1, NULL, '2025-12-31 19:34:14', '2025-12-31 19:34:14'), (207, 18, '分析交易日志时应该关注哪些统计指标？', 'multiple', '[{\"key\":\"A\",\"value\":\"胜率\"},{\"key\":\"B\",\"value\":\"平均盈亏\"},{\"key\":\"C\",\"value\":\"最大连续亏损\"},{\"key\":\"D\",\"value\":\"盈亏比\"}]', 'ABCD', '应关注胜率、平均盈亏、最大连续亏损、盈亏比等多个统计指标。', 1, 10, 3, 1, NULL, '2025-12-31 19:34:14', '2025-12-31 19:34:14'), (208, 18, '发现某类交易持续亏损应该？', 'single', '[{\"key\":\"A\",\"value\":\"继续交易\"},{\"key\":\"B\",\"value\":\"分析原因并考虑调整或放弃\"},{\"key\":\"C\",\"value\":\"加大仓位\"},{\"key\":\"D\",\"value\":\"忽略}]', 'B', '发现某类交易持续亏损应分析原因，考虑调整策略或放弃该类交易。', 2, 10, 4, 1, NULL, '2025-12-31 19:34:14', '2025-12-31 19:34:14'), (209, 18, '交易日志中记录情绪的作用是？', 'single', '[{\"key\":\"A\",\"value\":\"没有作用\"},{\"key\":\"B\",\"value\":\"发现情绪与交易结果的关系\"},{\"key\":\"C\",\"value\":\"发泄情绪\"},{\"key\":\"D\",\"value\":\"增加工作量\"}]', 'B', '记录情绪可以发现情绪与交易结果的关系，识别情绪化交易的模式。', 2, 10, 5, 1, NULL, '2025-12-31 19:34:14', '2025-12-31 19:34:14'), (210, 18, '每周复盘应该包括？', 'multiple', '[{\"key\":\"A\",\"value\":\"本周交易总结\"},{\"key\":\"B\",\"value\":\"盈亏分析\"},{\"key\":\"C\",\"value\":\"下周计划\"},{\"key\":\"D\",\"value\":\"策略调整建议\"}]', 'ABCD', '每周复盘应包括本周总结、盈亏分析、下周计划、策略调整建议。', 1, 10, 6, 1, NULL, '2025-12-31 19:34:14', '2025-12-31 19:34:14'), (211, 18, '交易日志显示胜率高但总体亏损，可能的原因是？', 'single', '[{\"key\":\"A\",\"value\":\"运气不好\"},{\"key\":\"B\",\"value\":\"盈亏比太低\"},{\"key\":\"C\",\"value\":\"交易次数太少\"},{\"key\":\"D\",\"value\":\"市场问题\"}]', 'B', '胜率高但总体亏损通常是盈亏比太低，赚小亏大，需要调整止盈止损。', 2, 10, 7, 1, NULL, '2025-12-31 19:34:14', '2025-12-31 19:34:14'), (212, 18, '分析交易日志发现经常提前止盈，应该？', 'single', '[{\"key\":\"A\",\"value\":\"继续提前止盈\"},{\"key\":\"B\",\"value\":\"分析原因，可能是恐惧心理\"},{\"key\":\"C\",\"value\":\"不设止盈\"},{\"key\":\"D\",\"value\":\"忽略}]', 'B', '经常提前止盈可能是恐惧心理导致，应分析原因并调整心态或规则。', 2, 10, 8, 1, NULL, '2025-12-31 19:34:14', '2025-12-31 19:34:14'), (213, 18, '交易日志应该多久回顾一次？', 'single', '[{\"key\":\"A\",\"value\":\"每年一次\"},{\"key\":\"B\",\"value\":\"每月一次\"},{\"key\":\"C\",\"value\":\"每周甚至每天\"},{\"key\":\"D\",\"value\":\"不需要回顾\"}]', 'C', '交易日志应该每周甚至每天回顾，及时发现问题并改进。', 1, 10, 9, 1, NULL, '2025-12-31 19:34:14', '2025-12-31 19:34:14'), (214, 18, '使用交易日志进行模式识别是指？', 'single', '[{\"key\":\"A\",\"value\":\"识别K线形态\"},{\"key\":\"B\",\"value\":\"发现自己交易行为的规律\"},{\"key\":\"C\",\"value\":\"预测市场\"},{\"key\":\"D\",\"value\":\"复制他人交易\"}]', 'B', '模式识别是发现自己交易行为的规律，如什么情况下容易犯错。', 2, 10, 10, 1, NULL, '2025-12-31 19:34:14', '2025-12-31 19:34:14'), (215, 18, '交易日志分析发现某个时段表现特别差，应该？', 'single', '[{\"key\":\"A\",\"value\":\"继续在该时段交易\"},{\"key\":\"B\",\"value\":\"分析原因，考虑避开该时段\"},{\"key\":\"C\",\"value\":\"加大该时段仓位\"},{\"key\":\"D\",\"value\":\"忽略}]', 'B', '发现某时段表现差应分析原因，可能是流动性、精力等问题，考虑避开。', 2, 10, 11, 1, NULL, '2025-12-31 19:34:14', '2025-12-31 19:34:14'), (216, 18, '好的交易日志系统应该？', 'multiple', '[{\"key\":\"A\",\"value\":\"易于记录\"},{\"key\":\"B\",\"value\":\"便于分析\"},{\"key\":\"C\",\"value\":\"可以生成统计报告\"},{\"key\":\"D\",\"value\":\"越复杂越好\"}]', 'ABC', '好的交易日志系统应该易于记录、便于分析、可生成统计报告，不是越复杂越好。', 2, 10, 12, 1, NULL, '2025-12-31 19:34:14', '2025-12-31 19:34:14'), (217, 19, '头肩顶形态的特征是？', 'multiple', '[{\"key\":\"A\",\"value\":\"三个高点，中间最高\"},{\"key\":\"B\",\"value\":\"颈线连接两个低点\"},{\"key\":\"C\",\"value\":\"跌破颈线确认\"},{\"key\":\"D\",\"value\":\"是看涨形态\"}]', 'ABC', '头肩顶有三个高点（中间最高）、颈线连接低点、跌破颈线确认，是看跌形态。', 2, 10, 1, 1, NULL, '2025-12-31 19:34:14', '2025-12-31 19:34:14'), (218, 19, '头肩顶的目标位计算方法是？', 'single', '[{\"key\":\"A\",\"value\":\"头部到颈线的距离\"},{\"key\":\"B\",\"value\":\"固定100点\"},{\"key\":\"C\",\"value\":\"前一波涨幅\"},{\"key\":\"D\",\"value\":\"无法计算\"}]', 'A', '头肩顶目标位是从颈线向下测量头部到颈线的距离。', 2, 10, 2, 1, NULL, '2025-12-31 19:34:14', '2025-12-31 19:34:14'), (219, 19, '双底形态确认的条件是？', 'single', '[{\"key\":\"A\",\"value\":\"形成两个低点\"},{\"key\":\"B\",\"value\":\"突破颈线\"},{\"key\":\"C\",\"value\":\"成交量放大\"},{\"key\":\"D\",\"value\":\"B和C都需要\"}]', 'D', '双底确认需要突破颈线且成交量放大，仅形成两个低点不算确认。', 2, 10, 3, 1, NULL, '2025-12-31 19:34:14', '2025-12-31 19:34:14'), (220, 19, '斐波那契回撤的常用比例包括？', 'multiple', '[{\"key\":\"A\",\"value\":\"23.6%\"},{\"key\":\"B\",\"value\":\"38.2%\"},{\"key\":\"C\",\"value\":\"50%\"},{\"key\":\"D\",\"value\":\"61.8%\"}]', 'ABCD', '斐波那契回撤常用比例包括23.6%、38.2%、50%、61.8%、78.6%等。', 1, 10, 4, 1, NULL, '2025-12-31 19:34:14', '2025-12-31 19:34:14'), (221, 19, '斐波那契61.8%回撤位的意义是？', 'single', '[{\"key\":\"A\",\"value\":\"最弱的支撑\"},{\"key\":\"B\",\"value\":\"黄金分割位，重要支撑\"},{\"key\":\"C\",\"value\":\"没有意义\"},{\"key\":\"D\",\"value\":\"必然反转点\"}]', 'B', '61.8%是黄金分割位，是重要的支撑/阻力位，但不是必然反转点。', 2, 10, 5, 1, NULL, '2025-12-31 19:34:14', '2025-12-31 19:34:14'), (222, 19, '上升三角形的特征是？', 'single', '[{\"key\":\"A\",\"value\":\"上沿水平，下沿上升\"},{\"key\":\"B\",\"value\":\"上沿下降，下沿水平\"},{\"key\":\"C\",\"value\":\"上下沿都水平\"},{\"key\":\"D\",\"value\":\"上下沿都上升\"}]', 'A', '上升三角形上沿水平（阻力），下沿上升（低点抬高），通常向上突破。', 2, 10, 6, 1, NULL, '2025-12-31 19:34:14', '2025-12-31 19:34:14'), (223, 19, '旗形整理的特征是？', 'single', '[{\"key\":\"A\",\"value\":\"与趋势方向相反的平行通道\"},{\"key\":\"B\",\"value\":\"与趋势方向相同\"},{\"key\":\"C\",\"value\":\"没有规律\"},{\"key\":\"D\",\"value\":\"三角形}]', 'A', '旗形是与主趋势方向相反的平行通道整理，是中继形态。', 2, 10, 7, 1, NULL, '2025-12-31 19:34:14', '2025-12-31 19:34:14'), (224, 19, '楔形与三角形的区别是？', 'single', '[{\"key\":\"A\",\"value\":\"没有区别\"},{\"key\":\"B\",\"value\":\"楔形两边同向倾斜\"},{\"key\":\"C\",\"value\":\"三角形两边同向倾斜\"},{\"key\":\"D\",\"value\":\"大小不同\"}]', 'B', '楔形两边同向倾斜（都向上或都向下），三角形两边相向收敛。', 2, 10, 8, 1, NULL, '2025-12-31 19:34:14', '2025-12-31 19:34:14'), (225, 19, '斐波那契扩展用于？', 'single', '[{\"key\":\"A\",\"value\":\"计算回撤位\"},{\"key\":\"B\",\"value\":\"计算目标位\"},{\"key\":\"C\",\"value\":\"计算止损位\"},{\"key\":\"D\",\"value\":\"计算仓位\"}]', 'B', '斐波那契扩展用于计算突破后的目标位，常用比例有127.2%、161.8%等。', 2, 10, 9, 1, NULL, '2025-12-31 19:34:14', '2025-12-31 19:34:14'), (226, 19, '形态分析的可靠性取决于？', 'multiple', '[{\"key\":\"A\",\"value\":\"形态的完整性\"},{\"key\":\"B\",\"value\":\"成交量配合\"},{\"key\":\"C\",\"value\":\"时间周期\"},{\"key\":\"D\",\"value\":\"市场环境\"}]', 'ABCD', '形态可靠性取决于完整性、成交量配合、时间周期、市场环境等多个因素。', 2, 10, 10, 1, NULL, '2025-12-31 19:34:14', '2025-12-31 19:34:14'), (227, 19, '使用斐波那契工具时，应该从哪里开始画？', 'single', '[{\"key\":\"A\",\"value\":\"从高点到低点\"},{\"key\":\"B\",\"value\":\"从低点到高点\"},{\"key\":\"C\",\"value\":\"根据趋势方向决定\"},{\"key\":\"D\",\"value\":\"随意}]', 'C', '上升趋势从低点画到高点，下降趋势从高点画到低点，根据趋势方向决定。', 2, 10, 11, 1, NULL, '2025-12-31 19:34:14', '2025-12-31 19:34:14'), (228, 19, '多个斐波那契位置重合称为？', 'single', '[{\"key\":\"A\",\"value\":\"斐波那契失效\"},{\"key\":\"B\",\"value\":\"斐波那契共振\"},{\"key\":\"C\",\"value\":\"斐波那契背离\"},{\"key\":\"D\",\"value\":\"没有意义\"}]', 'B', '多个斐波那契位置重合称为共振，该位置的支撑/阻力作用更强。', 2, 10, 12, 1, NULL, '2025-12-31 19:34:14', '2025-12-31 19:34:14'), (229, 20, '恐惧贪婪指数的范围是？', 'single', '[{\"key\":\"A\",\"value\":\"0-50\"},{\"key\":\"B\",\"value\":\"0-100\"},{\"key\":\"C\",\"value\":\"-100到100\"},{\"key\":\"D\",\"value\":\"无限制\"}]', 'B', '恐惧贪婪指数范围是0-100，0表示极度恐惧，100表示极度贪婪。', 1, 10, 1, 1, NULL, '2025-12-31 19:34:14', '2025-12-31 19:34:14'), (230, 20, '当恐惧贪婪指数低于20时，通常意味着？', 'single', '[{\"key\":\"A\",\"value\":\"应该卖出\"},{\"key\":\"B\",\"value\":\"市场极度恐惧，可能是买入机会\"},{\"key\":\"C\",\"value\":\"市场正常\"},{\"key\":\"D\",\"value\":\"应该观望\"}]', 'B', '指数低于20表示极度恐惧，根据逆向思维，可能是买入机会。', 2, 10, 2, 1, NULL, '2025-12-31 19:34:14', '2025-12-31 19:34:14'), (231, 20, '资金费率为正表示？', 'single', '[{\"key\":\"A\",\"value\":\"多头支付给空头\"},{\"key\":\"B\",\"value\":\"空头支付给多头\"},{\"key\":\"C\",\"value\":\"没有费用\"},{\"key\":\"D\",\"value\":\"交易所收费\"}]', 'A', '资金费率为正表示多头支付给空头，说明市场多头情绪较强。', 1, 10, 3, 1, NULL, '2025-12-31 19:34:14', '2025-12-31 19:34:14'), (232, 20, '资金费率持续为高正值可能预示？', 'single', '[{\"key\":\"A\",\"value\":\"继续上涨\"},{\"key\":\"B\",\"value\":\"市场过热，可能回调\"},{\"key\":\"C\",\"value\":\"没有意义\"},{\"key\":\"D\",\"value\":\"应该做多\"}]', 'B', '资金费率持续高正值说明多头过于拥挤，市场可能过热，有回调风险。', 2, 10, 4, 1, NULL, '2025-12-31 19:34:14', '2025-12-31 19:34:14'), (233, 20, '多空比是指？', 'single', '[{\"key\":\"A\",\"value\":\"多头仓位与空头仓位的比例\"},{\"key\":\"B\",\"value\":\"买入与卖出的比例\"},{\"key\":\"C\",\"value\":\"盈利与亏损的比例\"},{\"key\":\"D\",\"value\":\"大户与散户的比例\"}]', 'A', '多空比是多头仓位与空头仓位的比例，反映市场参与者的方向偏好。', 1, 10, 5, 1, NULL, '2025-12-31 19:34:14', '2025-12-31 19:34:14'), (234, 20, '逆向交易的核心理念是？', 'single', '[{\"key\":\"A\",\"value\":\"跟随大众\"},{\"key\":\"B\",\"value\":\"在极端情绪时与大众相反\"},{\"key\":\"C\",\"value\":\"随机交易\"},{\"key\":\"D\",\"value\":\"只做多\"}]', 'B', '逆向交易是在市场情绪极端时与大众相反操作，如极度恐惧时买入。', 2, 10, 6, 1, NULL, '2025-12-31 19:34:14', '2025-12-31 19:34:14'), (235, 20, '社交媒体情绪分析的作用是？', 'single', '[{\"key\":\"A\",\"value\":\"预测准确价格\"},{\"key\":\"B\",\"value\":\"了解散户情绪倾向\"},{\"key\":\"C\",\"value\":\"没有作用\"},{\"key\":\"D\",\"value\":\"替代技术分析\"}]', 'B', '社交媒体情绪分析可以了解散户情绪倾向，作为辅助参考。', 2, 10, 7, 1, NULL, '2025-12-31 19:34:14', '2025-12-31 19:34:14'), (236, 20, '以下哪些是市场情绪指标？', 'multiple', '[{\"key\":\"A\",\"value\":\"恐惧贪婪指数\"},{\"key\":\"B\",\"value\":\"资金费率\"},{\"key\":\"C\",\"value\":\"未平仓合约\"},{\"key\":\"D\",\"value\":\"移动平均线\"}]', 'ABC', '恐惧贪婪指数、资金费率、未平仓合约都是情绪指标，移动平均线是技术指标。', 1, 10, 8, 1, NULL, '2025-12-31 19:34:14', '2025-12-31 19:34:14'), (237, 20, '未平仓合约大幅增加通常意味着？', 'single', '[{\"key\":\"A\",\"value\":\"市场冷清\"},{\"key\":\"B\",\"value\":\"新资金入场，趋势可能延续\"},{\"key\":\"C\",\"value\":\"趋势结束\"},{\"key\":\"D\",\"value\":\"没有意义\"}]', 'B', '未平仓合约增加说明新资金入场，趋势可能延续；减少可能预示趋势结束。', 2, 10, 9, 1, NULL, '2025-12-31 19:34:14', '2025-12-31 19:34:14'), (238, 20, '情绪指标应该如何使用？', 'single', '[{\"key\":\"A\",\"value\":\"作为唯一依据\"},{\"key\":\"B\",\"value\":\"结合技术分析使用\"},{\"key\":\"C\",\"value\":\"忽略不看\"},{\"key\":\"D\",\"value\":\"只在牛市使用\"}]', 'B', '情绪指标应该结合技术分析使用，作为辅助参考，不应作为唯一依据。', 2, 10, 10, 1, NULL, '2025-12-31 19:34:14', '2025-12-31 19:34:14'), (239, 20, '极端情绪出现后，市场一定会反转吗？', 'single', '[{\"key\":\"A\",\"value\":\"一定会\"},{\"key\":\"B\",\"value\":\"不一定，可能持续极端\"},{\"key\":\"C\",\"value\":\"一定不会\"},{\"key\":\"D\",\"value\":\"只在牛市会\"}]', 'B', '极端情绪不一定导致反转，市场可能在极端情绪中持续一段时间。', 2, 10, 11, 1, NULL, '2025-12-31 19:34:14', '2025-12-31 19:34:14'), (240, 20, '使用情绪指标进行逆向交易的风险是？', 'single', '[{\"key\":\"A\",\"value\":\"没有风险\"},{\"key\":\"B\",\"value\":\"可能过早入场\"},{\"key\":\"C\",\"value\":\"一定盈利\"},{\"key\":\"D\",\"value\":\"只会小亏\"}]', 'B', '逆向交易的风险是可能过早入场，市场可能在极端情绪中继续运行。', 2, 10, 12, 1, NULL, '2025-12-31 19:34:14', '2025-12-31 19:34:14'), (241, 21, '金字塔加仓是指？', 'single', '[{\"key\":\"A\",\"value\":\"亏损时加仓\"},{\"key\":\"B\",\"value\":\"盈利时逐步加仓，仓位递减\"},{\"key\":\"C\",\"value\":\"一次性满仓\"},{\"key\":\"D\",\"value\":\"随机加仓\"}]', 'B', '金字塔加仓是在盈利时逐步加仓，每次加仓量递减，形成金字塔形状。', 2, 10, 1, 1, NULL, '2025-12-31 19:34:14', '2025-12-31 19:34:14'), (242, 21, '分批止盈的好处是？', 'multiple', '[{\"key\":\"A\",\"value\":\"锁定部分利润\"},{\"key\":\"B\",\"value\":\"保留趋势延续的机会\"},{\"key\":\"C\",\"value\":\"降低心理压力\"},{\"key\":\"D\",\"value\":\"保证最大利润\"}]', 'ABC', '分批止盈可以锁定部分利润、保留趋势机会、降低心理压力，但不能保证最大利润。', 2, 10, 2, 1, NULL, '2025-12-31 19:34:14', '2025-12-31 19:34:14'), (243, 21, '复利增长的关键是？', 'single', '[{\"key\":\"A\",\"value\":\"追求高收益\"},{\"key\":\"B\",\"value\":\"控制回撤，保持稳定增长\"},{\"key\":\"C\",\"value\":\"频繁交易\"},{\"key\":\"D\",\"value\":\"加大杠杆\"}]', 'B', '复利增长的关键是控制回撤、保持稳定增长，大回撤会严重影响复利效果。', 2, 10, 3, 1, NULL, '2025-12-31 19:34:14', '2025-12-31 19:34:14'), (244, 21, '如果每月收益5%，一年后资金增长约多少？', 'single', '[{\"key\":\"A\",\"value\":\"60%\"},{\"key\":\"B\",\"value\":\"80%\"},{\"key\":\"C\",\"value\":\"100%\"},{\"key\":\"D\",\"value\":\"50%\"}]', 'B', '月收益5%，年复利约为1.05^12 ≈ 1.80，即增长约80%。', 2, 10, 4, 1, NULL, '2025-12-31 19:34:14', '2025-12-31 19:34:14'), (245, 21, '回撤50%后需要多少收益才能回本？', 'single', '[{\"key\":\"A\",\"value\":\"50%\"},{\"key\":\"B\",\"value\":\"100%\"},{\"key\":\"C\",\"value\":\"75%\"},{\"key\":\"D\",\"value\":\"150%\"}]', 'B', '回撤50%后，需要100%的收益才能回本（0.5 × 2 = 1）。', 1, 10, 5, 1, NULL, '2025-12-31 19:34:14', '2025-12-31 19:34:14'), (246, 21, '动态仓位调整是指？', 'single', '[{\"key\":\"A\",\"value\":\"固定仓位不变\"},{\"key\":\"B\",\"value\":\"根据账户盈亏调整仓位大小\"},{\"key\":\"C\",\"value\":\"随机调整\"},{\"key\":\"D\",\"value\":\"只增不减\"}]', 'B', '动态仓位调整是根据账户盈亏情况调整仓位，盈利时可适当增加，亏损时减少。', 2, 10, 6, 1, NULL, '2025-12-31 19:34:14', '2025-12-31 19:34:14'), (247, 21, '设定长期收益目标时，合理的年化收益预期是？', 'single', '[{\"key\":\"A\",\"value\":\"500%以上\"},{\"key\":\"B\",\"value\":\"100-200%\"},{\"key\":\"C\",\"value\":\"20-50%\"},{\"key\":\"D\",\"value\":\"1000%\"}]', 'C', '对于稳定的交易系统，年化20-50%是比较合理的预期，过高的预期往往导致过度冒险。', 2, 10, 7, 1, NULL, '2025-12-31 19:34:14', '2025-12-31 19:34:14'), (248, 21, '资金曲线平滑的重要性是？', 'multiple', '[{\"key\":\"A\",\"value\":\"心理压力小\"},{\"key\":\"B\",\"value\":\"复利效果好\"},{\"key\":\"C\",\"value\":\"更容易坚持\"},{\"key\":\"D\",\"value\":\"收益一定最高\"}]', 'ABC', '平滑的资金曲线心理压力小、复利效果好、更容易坚持，但不一定收益最高。', 2, 10, 8, 1, NULL, '2025-12-31 19:34:14', '2025-12-31 19:34:14'), (249, 21, '当账户盈利20%后，应该？', 'single', '[{\"key\":\"A\",\"value\":\"立即提取全部利润\"},{\"key\":\"B\",\"value\":\"可以适当提取或增加仓位\"},{\"key\":\"C\",\"value\":\"加大杠杆冒险\"},{\"key\":\"D\",\"value\":\"停止交易\"}]', 'B', '盈利后可以适当提取利润或根据资金管理规则增加仓位，不应过度冒险。', 2, 10, 9, 1, NULL, '2025-12-31 19:34:14', '2025-12-31 19:34:14'), (250, 21, '凯利公式的实际应用中，通常取凯利值的多少？', 'single', '[{\"key\":\"A\",\"value\":\"100%\"},{\"key\":\"B\",\"value\":\"50%或更少\"},{\"key\":\"C\",\"value\":\"200%\"},{\"key\":\"D\",\"value\":\"10%\"}]', 'B', '实际应用中通常取凯利值的50%或更少，因为凯利公式假设条件在实际中难以满足。', 2, 10, 10, 1, NULL, '2025-12-31 19:34:14', '2025-12-31 19:34:14'), (251, 21, '资金管理的最终目标是？', 'single', '[{\"key\":\"A\",\"value\":\"最大化单笔收益\"},{\"key\":\"B\",\"value\":\"在控制风险的前提下实现长期稳定增长\"},{\"key\":\"C\",\"value\":\"永不亏损\"},{\"key\":\"D\",\"value\":\"快速致富\"}]', 'B', '资金管理的最终目标是在控制风险的前提下实现长期稳定增长。', 1, 10, 11, 1, NULL, '2025-12-31 19:34:14', '2025-12-31 19:34:14'), (252, 21, '以下哪种资金管理方式风险最高？', 'single', '[{\"key\":\"A\",\"value\":\"固定比例法\"},{\"key\":\"B\",\"value\":\"固定金额法\"},{\"key\":\"C\",\"value\":\"马丁格尔（亏损加倍）\"},{\"key\":\"D\",\"value\":\"凯利公式\"}]', 'C', '马丁格尔策略（亏损后加倍仓位）风险最高，可能导致爆仓。', 2, 10, 12, 1, NULL, '2025-12-31 19:34:14', '2025-12-31 19:34:14'), (253, 22, '评估交易系统的核心指标包括？', 'multiple', '[{\"key\":\"A\",\"value\":\"胜率\"},{\"key\":\"B\",\"value\":\"盈亏比\"},{\"key\":\"C\",\"value\":\"最大回撤\"},{\"key\":\"D\",\"value\":\"夏普比率\"}]', 'ABCD', '评估交易系统应综合考虑胜率、盈亏比、最大回撤、夏普比率等多个指标。', 1, 10, 1, 1, NULL, '2025-12-31 19:34:14', '2025-12-31 19:34:14'), (254, 22, '夏普比率衡量的是？', 'single', '[{\"key\":\"A\",\"value\":\"总收益\"},{\"key\":\"B\",\"value\":\"风险调整后的收益\"},{\"key\":\"C\",\"value\":\"最大回撤\"},{\"key\":\"D\",\"value\":\"交易次数\"}]', 'B', '夏普比率衡量的是风险调整后的收益，即每承担一单位风险获得的超额收益。', 2, 10, 2, 1, NULL, '2025-12-31 19:34:14', '2025-12-31 19:34:14'), (255, 22, '过度优化（曲线拟合）的危害是？', 'single', '[{\"key\":\"A\",\"value\":\"回测效果差\"},{\"key\":\"B\",\"value\":\"回测效果好但实盘效果差\"},{\"key\":\"C\",\"value\":\"没有危害\"},{\"key\":\"D\",\"value\":\"交易次数减少\"}]', 'B', '过度优化会导致系统只适合历史数据，回测效果好但实盘效果差。', 2, 10, 3, 1, NULL, '2025-12-31 19:34:14', '2025-12-31 19:34:14'), (256, 22, '避免过度优化的方法包括？', 'multiple', '[{\"key\":\"A\",\"value\":\"使用样本外数据测试\"},{\"key\":\"B\",\"value\":\"保持参数简单\"},{\"key\":\"C\",\"value\":\"使用多个市场测试\"},{\"key\":\"D\",\"value\":\"不断调整参数\"}]', 'ABC', '避免过度优化应使用样本外测试、保持参数简单、多市场测试，不应不断调整参数。', 2, 10, 4, 1, NULL, '2025-12-31 19:34:14', '2025-12-31 19:34:14'), (257, 22, '系统优化应该优先改进？', 'single', '[{\"key\":\"A\",\"value\":\"胜率\"},{\"key\":\"B\",\"value\":\"最大的问题点\"},{\"key\":\"C\",\"value\":\"所有方面同时\"},{\"key\":\"D\",\"value\":\"随机选择\"}]', 'B', '系统优化应该优先改进最大的问题点，而不是同时改进所有方面。', 2, 10, 5, 1, NULL, '2025-12-31 19:34:14', '2025-12-31 19:34:14'), (258, 22, '参数优化时，参数敏感性测试的目的是？', 'single', '[{\"key\":\"A\",\"value\":\"找到最优参数\"},{\"key\":\"B\",\"value\":\"确保参数小幅变化不会导致结果大幅变化\"},{\"key\":\"C\",\"value\":\"增加参数数量\"},{\"key\":\"D\",\"value\":\"减少交易次数\"}]', 'B', '参数敏感性测试确保参数小幅变化不会导致结果大幅变化，说明参数稳健。', 2, 10, 6, 1, NULL, '2025-12-31 19:34:14', '2025-12-31 19:34:14'), (259, 22, '交易系统的稳健性是指？', 'single', '[{\"key\":\"A\",\"value\":\"收益最高\"},{\"key\":\"B\",\"value\":\"在不同市场环境下都能保持稳定表现\"},{\"key\":\"C\",\"value\":\"参数最多\"},{\"key\":\"D\",\"value\":\"交易最频繁\"}]', 'B', '稳健性是指系统在不同市场环境下都能保持相对稳定的表现。', 2, 10, 7, 1, NULL, '2025-12-31 19:34:14', '2025-12-31 19:34:14'), (260, 22, '发现系统在某类市场表现差，应该？', 'single', '[{\"key\":\"A\",\"value\":\"放弃系统\"},{\"key\":\"B\",\"value\":\"添加市场过滤条件\"},{\"key\":\"C\",\"value\":\"忽略继续使用\"},{\"key\":\"D\",\"value\":\"加大仓位}]', 'B', '发现系统在某类市场表现差，可以添加市场过滤条件，避开不适合的市场环境。', 2, 10, 8, 1, NULL, '2025-12-31 19:34:14', '2025-12-31 19:34:14'), (261, 22, '系统优化后应该？', 'single', '[{\"key\":\"A\",\"value\":\"立即实盘\"},{\"key\":\"B\",\"value\":\"重新进行模拟验证\"},{\"key\":\"C\",\"value\":\"继续优化\"},{\"key\":\"D\",\"value\":\"放弃原系统\"}]', 'B', '系统优化后应该重新进行模拟验证，确认优化有效后再实盘。', 1, 10, 9, 1, NULL, '2025-12-31 19:34:14', '2025-12-31 19:34:14'), (262, 22, '以下哪个不是系统优化的方向？', 'single', '[{\"key\":\"A\",\"value\":\"入场条件优化\"},{\"key\":\"B\",\"value\":\"出场条件优化\"},{\"key\":\"C\",\"value\":\"过滤条件优化\"},{\"key\":\"D\",\"value\":\"追求100%胜率\"}]', 'D', '追求100%胜率是不现实的，不是系统优化的合理方向。', 1, 10, 10, 1, NULL, '2025-12-31 19:34:14', '2025-12-31 19:34:14'), (263, 22, '系统优化的频率应该是？', 'single', '[{\"key\":\"A\",\"value\":\"每天优化\"},{\"key\":\"B\",\"value\":\"定期评估，必要时优化\"},{\"key\":\"C\",\"value\":\"从不优化\"},{\"key\":\"D\",\"value\":\"每笔交易后优化\"}]', 'B', '系统优化应该定期评估，在发现明显问题或市场环境变化时进行优化。', 2, 10, 11, 1, NULL, '2025-12-31 19:34:14', '2025-12-31 19:34:14'), (264, 22, '好的交易系统应该具备？', 'multiple', '[{\"key\":\"A\",\"value\":\"正期望值\"},{\"key\":\"B\",\"value\":\"可执行性\"},{\"key\":\"C\",\"value\":\"稳健性\"},{\"key\":\"D\",\"value\":\"100%胜率\"}]', 'ABC', '好的交易系统应该有正期望值、可执行性、稳健性，但不可能有100%胜率。', 2, 10, 12, 1, NULL, '2025-12-31 19:34:14', '2025-12-31 19:34:14'), (265, 23, '多策略组合的主要目的是？', 'single', '[{\"key\":\"A\",\"value\":\"增加交易次数\"},{\"key\":\"B\",\"value\":\"分散风险，平滑收益曲线\"},{\"key\":\"C\",\"value\":\"追求最高收益\"},{\"key\":\"D\",\"value\":\"减少工作量\"}]', 'B', '多策略组合的主要目的是分散风险、平滑收益曲线，降低单一策略的风险。', 1, 10, 1, 1, NULL, '2025-12-31 19:34:14', '2025-12-31 19:34:14'), (266, 23, '策略相关性是指？', 'single', '[{\"key\":\"A\",\"value\":\"策略的收益率\"},{\"key\":\"B\",\"value\":\"策略收益之间的关联程度\"},{\"key\":\"C\",\"value\":\"策略的胜率\"},{\"key\":\"D\",\"value\":\"策略的交易次数\"}]', 'B', '策略相关性是指不同策略收益之间的关联程度，低相关性组合效果更好。', 2, 10, 2, 1, NULL, '2025-12-31 19:34:14', '2025-12-31 19:34:14'), (267, 23, '理想的策略组合应该选择？', 'single', '[{\"key\":\"A\",\"value\":\"高度正相关的策略\"},{\"key\":\"B\",\"value\":\"低相关或负相关的策略\"},{\"key\":\"C\",\"value\":\"完全相同的策略\"},{\"key\":\"D\",\"value\":\"随机选择}]', 'B', '理想的策略组合应选择低相关或负相关的策略，这样可以更好地分散风险。', 2, 10, 3, 1, NULL, '2025-12-31 19:34:14', '2025-12-31 19:34:14'), (268, 23, '趋势策略和震荡策略组合的好处是？', 'single', '[{\"key\":\"A\",\"value\":\"没有好处\"},{\"key\":\"B\",\"value\":\"可以适应不同市场环境\"},{\"key\":\"C\",\"value\":\"收益翻倍\"},{\"key\":\"D\",\"value\":\"风险翻倍\"}]', 'B', '趋势策略和震荡策略组合可以适应不同市场环境，互补不足。', 2, 10, 4, 1, NULL, '2025-12-31 19:34:14', '2025-12-31 19:34:14'), (269, 23, '策略组合中的资金分配应该考虑？', 'multiple', '[{\"key\":\"A\",\"value\":\"各策略的历史表现\"},{\"key\":\"B\",\"value\":\"各策略的风险水平\"},{\"key\":\"C\",\"value\":\"策略之间的相关性\"},{\"key\":\"D\",\"value\":\"只看收益最高的}]', 'ABC', '资金分配应考虑历史表现、风险水平、相关性等因素，不应只看收益。', 2, 10, 5, 1, NULL, '2025-12-31 19:34:14', '2025-12-31 19:34:14'), (270, 23, '动态调整策略权重是指？', 'single', '[{\"key\":\"A\",\"value\":\"固定不变\"},{\"key\":\"B\",\"value\":\"根据市场环境或策略表现调整各策略的资金比例\"},{\"key\":\"C\",\"value\":\"随机调整\"},{\"key\":\"D\",\"value\":\"只增不减}]', 'B', '动态调整是根据市场环境或策略表现调整各策略的资金比例。', 2, 10, 6, 1, NULL, '2025-12-31 19:34:14', '2025-12-31 19:34:14'), (271, 23, '策略组合的最大回撤通常会？', 'single', '[{\"key\":\"A\",\"value\":\"等于各策略回撤之和\"},{\"key\":\"B\",\"value\":\"小于各策略单独使用时的回撤\"},{\"key\":\"C\",\"value\":\"大于各策略回撤之和\"},{\"key\":\"D\",\"value\":\"无法预测}]', 'B', '如果策略相关性低，组合的最大回撤通常小于各策略单独使用时的回撤。', 2, 10, 7, 1, NULL, '2025-12-31 19:34:14', '2025-12-31 19:34:14'), (272, 23, '以下哪种不是常见的策略组合方式？', 'single', '[{\"key\":\"A\",\"value\":\"趋势+震荡\"},{\"key\":\"B\",\"value\":\"多市场\"},{\"key\":\"C\",\"value\":\"多时间框架\"},{\"key\":\"D\",\"value\":\"只用一个策略}]', 'D', '只用一个策略不是策略组合，常见组合包括趋势+震荡、多市场、多时间框架等。', 1, 10, 8, 1, NULL, '2025-12-31 19:34:14', '2025-12-31 19:34:14'), (273, 23, '策略组合的监控应该关注？', 'multiple', '[{\"key\":\"A\",\"value\":\"各策略的单独表现\"},{\"key\":\"B\",\"value\":\"组合的整体表现\"},{\"key\":\"C\",\"value\":\"策略之间的相关性变化\"},{\"key\":\"D\",\"value\":\"只看总收益}]', 'ABC', '应关注各策略单独表现、组合整体表现、相关性变化，不应只看总收益。', 2, 10, 9, 1, NULL, '2025-12-31 19:34:14', '2025-12-31 19:34:14'), (274, 23, '当某个策略持续表现差时，应该？', 'single', '[{\"key\":\"A\",\"value\":\"立即放弃\"},{\"key\":\"B\",\"value\":\"分析原因，考虑是否需要调整或暂停\"},{\"key\":\"C\",\"value\":\"加大该策略仓位\"},{\"key\":\"D\",\"value\":\"忽略继续}]', 'B', '策略表现差时应分析原因，可能是市场环境不适合，考虑调整或暂停。', 2, 10, 10, 1, NULL, '2025-12-31 19:34:14', '2025-12-31 19:34:14'), (275, 23, '策略组合的再平衡是指？', 'single', '[{\"key\":\"A\",\"value\":\"放弃所有策略\"},{\"key\":\"B\",\"value\":\"定期调整各策略的资金比例回到目标配置\"},{\"key\":\"C\",\"value\":\"增加新策略\"},{\"key\":\"D\",\"value\":\"减少策略数量}]', 'B', '再平衡是定期调整各策略的资金比例回到目标配置，保持风险分散效果。', 2, 10, 11, 1, NULL, '2025-12-31 19:34:14', '2025-12-31 19:34:14'), (276, 23, '多策略组合的缺点是？', 'single', '[{\"key\":\"A\",\"value\":\"风险更高\"},{\"key\":\"B\",\"value\":\"管理复杂度增加\"},{\"key\":\"C\",\"value\":\"收益一定更低\"},{\"key\":\"D\",\"value\":\"没有缺点}]', 'B', '多策略组合的缺点是管理复杂度增加，需要监控多个策略。', 2, 10, 12, 1, NULL, '2025-12-31 19:34:14', '2025-12-31 19:34:14'), (277, 24, '半年学习后，最重要的收获应该是？', 'single', '[{\"key\":\"A\",\"value\":\"赚了多少钱\"},{\"key\":\"B\",\"value\":\"建立了完整的交易体系和正确的交易心态\"},{\"key\":\"C\",\"value\":\"学会了多少指标\"},{\"key\":\"D\",\"value\":\"交易了多少次}]', 'B', '最重要的收获是建立完整的交易体系和正确的交易心态，这是长期成功的基础。', 1, 10, 1, 1, NULL, '2025-12-31 19:34:14', '2025-12-31 19:34:14'), (278, 24, '评估自己交易水平的方法包括？', 'multiple', '[{\"key\":\"A\",\"value\":\"分析交易数据\"},{\"key\":\"B\",\"value\":\"回顾交易日志\"},{\"key\":\"C\",\"value\":\"对比学习目标\"},{\"key\":\"D\",\"value\":\"只看账户余额}]', 'ABC', '评估交易水平应分析数据、回顾日志、对比目标，不应只看账户余额。', 1, 10, 2, 1, NULL, '2025-12-31 19:34:14', '2025-12-31 19:34:14'), (279, 24, '持续学习对交易者的重要性是？', 'single', '[{\"key\":\"A\",\"value\":\"不重要\"},{\"key\":\"B\",\"value\":\"市场在变化，需要不断学习适应\"},{\"key\":\"C\",\"value\":\"学完就够了\"},{\"key\":\"D\",\"value\":\"只需要实践}]', 'B', '市场在不断变化，交易者需要持续学习以适应新的市场环境。', 1, 10, 3, 1, NULL, '2025-12-31 19:34:14', '2025-12-31 19:34:14'), (280, 24, '制定下一阶段目标时应该？', 'multiple', '[{\"key\":\"A\",\"value\":\"基于当前水平\"},{\"key\":\"B\",\"value\":\"设定可量化的目标\"},{\"key\":\"C\",\"value\":\"包含学习和实践两方面\"},{\"key\":\"D\",\"value\":\"设定不切实际的高目标}]', 'ABC', '目标应基于当前水平、可量化、包含学习和实践，不应设定不切实际的目标。', 2, 10, 4, 1, NULL, '2025-12-31 19:34:14', '2025-12-31 19:34:14'), (281, 24, '交易者的长期发展路径通常是？', 'single', '[{\"key\":\"A\",\"value\":\"快速致富\"},{\"key\":\"B\",\"value\":\"学习→模拟→小资金实盘→逐步扩大\"},{\"key\":\"C\",\"value\":\"直接大资金实盘\"},{\"key\":\"D\",\"value\":\"只学习不实践}]', 'B', '正确的发展路径是学习→模拟→小资金实盘→逐步扩大，循序渐进。', 1, 10, 5, 1, NULL, '2025-12-31 19:34:14', '2025-12-31 19:34:14'), (282, 24, '扩大资金规模的前提是？', 'single', '[{\"key\":\"A\",\"value\":\"想赚更多钱\"},{\"key\":\"B\",\"value\":\"已经证明策略有效且心态稳定\"},{\"key\":\"C\",\"value\":\"市场在上涨\"},{\"key\":\"D\",\"value\":\"别人都在赚钱}]', 'B', '扩大资金规模的前提是已经证明策略有效且心态稳定，不应盲目扩大。', 2, 10, 6, 1, NULL, '2025-12-31 19:34:14', '2025-12-31 19:34:14'), (283, 24, '交易中最难克服的是？', 'single', '[{\"key\":\"A\",\"value\":\"技术分析\"},{\"key\":\"B\",\"value\":\"自己的心理和情绪\"},{\"key\":\"C\",\"value\":\"市场分析\"},{\"key\":\"D\",\"value\":\"资金管理}]', 'B', '交易中最难克服的是自己的心理和情绪，这需要长期修炼。', 2, 10, 7, 1, NULL, '2025-12-31 19:34:14', '2025-12-31 19:34:14'), (284, 24, '成功交易者的共同特点包括？', 'multiple', '[{\"key\":\"A\",\"value\":\"严格的纪律\"},{\"key\":\"B\",\"value\":\"良好的风险管理\"},{\"key\":\"C\",\"value\":\"持续学习\"},{\"key\":\"D\",\"value\":\"从不亏损}]', 'ABC', '成功交易者有严格纪律、良好风险管理、持续学习，但不可能从不亏损。', 2, 10, 8, 1, NULL, '2025-12-31 19:34:14', '2025-12-31 19:34:14'), (285, 24, '交易是一场马拉松而非短跑，这意味着？', 'single', '[{\"key\":\"A\",\"value\":\"要快速赚钱\"},{\"key\":\"B\",\"value\":\"要有长期视角，注重持续稳定\"},{\"key\":\"C\",\"value\":\"要频繁交易\"},{\"key\":\"D\",\"value\":\"要冒大风险}]', 'B', '这意味着要有长期视角，注重持续稳定的表现，而非追求短期暴利。', 1, 10, 9, 1, NULL, '2025-12-31 19:34:14', '2025-12-31 19:34:14'), (286, 24, '回顾半年学习，最应该感谢的是？', 'single', '[{\"key\":\"A\",\"value\":\"市场给的机会\"},{\"key\":\"B\",\"value\":\"自己的坚持和努力\"},{\"key\":\"C\",\"value\":\"运气\"},{\"key\":\"D\",\"value\":\"别人的建议}]', 'B', '最应该感谢自己的坚持和努力，这是成长的根本动力。', 1, 10, 10, 1, NULL, '2025-12-31 19:34:14', '2025-12-31 19:34:14'), (287, 24, '未来继续学习的方向可以包括？', 'multiple', '[{\"key\":\"A\",\"value\":\"更高级的技术分析\"},{\"key\":\"B\",\"value\":\"量化交易\"},{\"key\":\"C\",\"value\":\"其他市场\"},{\"key\":\"D\",\"value\":\"交易心理学深入}]', 'ABCD', '未来可以学习更高级技术分析、量化交易、其他市场、交易心理学等。', 1, 10, 11, 1, NULL, '2025-12-31 19:34:14', '2025-12-31 19:34:14'), (288, 24, '对于交易新手最重要的建议是？', 'single', '[{\"key\":\"A\",\"value\":\"快速入场赚钱\"},{\"key\":\"B\",\"value\":\"先学习，控制风险，慢慢来\"},{\"key\":\"C\",\"value\":\"跟随他人交易\"},{\"key\":\"D\",\"value\":\"使用高杠杆}]', 'B', '对新手最重要的建议是先学习、控制风险、慢慢来，不要急于求成。', 1, 10, 12, 1, NULL, '2025-12-31 19:34:14', '2025-12-31 19:34:14');
COMMIT;

-- ----------------------------
-- Table structure for learn_quiz_record
-- ----------------------------
DROP TABLE IF EXISTS `learn_quiz_record`;
CREATE TABLE `learn_quiz_record`  (
  `id` bigint(20) NOT NULL AUTO_INCREMENT COMMENT '记录ID',
  `user_id` bigint(20) NOT NULL COMMENT '用户ID',
  `chapter_id` bigint(20) NOT NULL COMMENT '章节ID',
  `total_questions` int(11) NULL DEFAULT 0 COMMENT '总题数',
  `correct_count` int(11) NULL DEFAULT 0 COMMENT '正确数',
  `score` int(11) NULL DEFAULT 0 COMMENT '得分',
  `time_spent` int(11) NULL DEFAULT NULL COMMENT '用时(秒)',
  `answers` text CHARACTER SET utf8mb4 COLLATE utf8mb4_general_ci NULL COMMENT '答题详情JSON',
  `create_time` datetime NULL DEFAULT CURRENT_TIMESTAMP COMMENT '创建时间',
  PRIMARY KEY (`id`) USING BTREE,
  INDEX `idx_user_id`(`user_id`) USING BTREE,
  INDEX `idx_chapter_id`(`chapter_id`) USING BTREE,
  INDEX `idx_user_chapter`(`user_id`, `chapter_id`) USING BTREE
) ENGINE = InnoDB AUTO_INCREMENT = 1 CHARACTER SET = utf8mb4 COLLATE = utf8mb4_general_ci COMMENT = '用户测验记录表';

-- ----------------------------
-- Records of learn_quiz_record
-- ----------------------------
BEGIN;
COMMIT;

-- ----------------------------
-- Table structure for learn_resource
-- ----------------------------
DROP TABLE IF EXISTS `learn_resource`;
CREATE TABLE `learn_resource`  (
  `id` bigint(20) NOT NULL AUTO_INCREMENT COMMENT '资源ID',
  `chapter_id` bigint(20) NOT NULL COMMENT '章节ID',
  `title` varchar(200) CHARACTER SET utf8mb4 COLLATE utf8mb4_general_ci NOT NULL COMMENT '资源标题',
  `resource_type` varchar(20) CHARACTER SET utf8mb4 COLLATE utf8mb4_general_ci NOT NULL COMMENT '资源类型：video视频/article文章/tool工具/chart图表/book书籍/report报告',
  `platform` varchar(50) CHARACTER SET utf8mb4 COLLATE utf8mb4_general_ci NULL DEFAULT NULL COMMENT '平台：youtube/bilibili/tradingview/medium等',
  `url` varchar(500) CHARACTER SET utf8mb4 COLLATE utf8mb4_general_ci NOT NULL COMMENT '资源链接',
  `description` varchar(500) CHARACTER SET utf8mb4 COLLATE utf8mb4_general_ci NULL DEFAULT NULL COMMENT '资源描述',
  `author` varchar(100) CHARACTER SET utf8mb4 COLLATE utf8mb4_general_ci NULL DEFAULT NULL COMMENT '作者/来源',
  `language` varchar(20) CHARACTER SET utf8mb4 COLLATE utf8mb4_general_ci NULL DEFAULT 'zh' COMMENT '语言：zh中文/en英文',
  `is_free` tinyint(4) NULL DEFAULT 1 COMMENT '是否免费：0付费 1免费',
  `sort_order` int(11) NULL DEFAULT 0 COMMENT '排序',
  `status` tinyint(4) NULL DEFAULT 1 COMMENT '状态：0禁用 1启用',
  `create_by` bigint(20) NULL DEFAULT NULL COMMENT '创建人',
  `create_time` datetime NULL DEFAULT CURRENT_TIMESTAMP COMMENT '创建时间',
  `update_time` datetime NULL DEFAULT CURRENT_TIMESTAMP ON UPDATE CURRENT_TIMESTAMP COMMENT '更新时间',
  PRIMARY KEY (`id`) USING BTREE,
  INDEX `idx_chapter_id`(`chapter_id`) USING BTREE,
  INDEX `idx_resource_type`(`resource_type`) USING BTREE,
  INDEX `idx_platform`(`platform`) USING BTREE
) ENGINE = InnoDB AUTO_INCREMENT = 97 CHARACTER SET = utf8mb4 COLLATE = utf8mb4_general_ci COMMENT = '外部资源表';

-- ----------------------------
-- Records of learn_resource
-- ----------------------------
BEGIN;
INSERT INTO `learn_resource` (`id`, `chapter_id`, `title`, `resource_type`, `platform`, `url`, `description`, `author`, `language`, `is_free`, `sort_order`, `status`, `create_by`, `create_time`, `update_time`) VALUES (1, 1, 'K线形态完全指南', 'video', 'bilibili', 'https://www.bilibili.com/video/BV1example1', '详细讲解18种常见K线形态的识别和应用', NULL, 'zh', 1, 1, 1, NULL, '2025-12-30 13:39:09', '2025-12-30 13:39:09'), (2, 1, 'TradingView K线形态识别指标', 'tool', 'tradingview', 'https://www.tradingview.com/script/example1', '自动识别常见K线形态的指标脚本', NULL, 'en', 1, 2, 1, NULL, '2025-12-30 13:39:09', '2025-12-30 13:39:09'), (3, 1, '《日本蜡烛图技术》精华解读', 'article', 'medium', 'https://medium.com/example1', 'Steve Nison经典著作的核心内容总结', NULL, 'zh', 1, 3, 1, NULL, '2025-12-30 13:39:09', '2025-12-30 13:39:09'), (4, 1, 'Candlestick Patterns Cheat Sheet', 'chart', 'tradingview', 'https://www.tradingview.com/chart/example1', 'K线形态速查图表', NULL, 'en', 1, 4, 1, NULL, '2025-12-30 13:39:09', '2025-12-30 13:39:09'), (5, 2, '支撑阻力位绘制技巧', 'video', 'bilibili', 'https://www.bilibili.com/video/BV1example2', '如何正确绘制支撑阻力位', NULL, 'zh', 1, 1, 1, NULL, '2025-12-30 13:39:09', '2025-12-30 13:39:09'), (6, 2, 'Auto Support Resistance Indicator', 'tool', 'tradingview', 'https://www.tradingview.com/script/example2', '自动绘制支撑阻力位的指标', NULL, 'en', 1, 2, 1, NULL, '2025-12-30 13:39:09', '2025-12-30 13:39:09'), (7, 2, '趋势线绘制的艺术', 'article', 'medium', 'https://medium.com/example2', '趋势线绘制的正确方法和常见错误', NULL, 'zh', 1, 3, 1, NULL, '2025-12-30 13:39:09', '2025-12-30 13:39:09'), (8, 2, 'Supply and Demand Zones', 'video', 'youtube', 'https://www.youtube.com/watch?v=example2', '供需区域交易策略详解', NULL, 'en', 1, 4, 1, NULL, '2025-12-30 13:39:09', '2025-12-30 13:39:09'), (9, 3, '均线系统完全教程', 'video', 'bilibili', 'https://www.bilibili.com/video/BV1example3', 'SMA、EMA、WMA的区别和应用', NULL, 'zh', 1, 1, 1, NULL, '2025-12-30 13:39:09', '2025-12-30 13:39:09'), (10, 3, '葛兰碧八大法则图解', 'chart', 'tradingview', 'https://www.tradingview.com/chart/example3', '葛兰碧均线法则可视化图表', NULL, 'zh', 1, 2, 1, NULL, '2025-12-30 13:39:09', '2025-12-30 13:39:09'), (11, 3, 'Moving Average Ribbon', 'tool', 'tradingview', 'https://www.tradingview.com/script/example3', '均线带指标，直观显示趋势', NULL, 'en', 1, 3, 1, NULL, '2025-12-30 13:39:09', '2025-12-30 13:39:09'), (12, 3, 'EMA vs SMA: Which is Better?', 'article', 'medium', 'https://medium.com/example3', 'EMA和SMA的对比分析', NULL, 'en', 1, 4, 1, NULL, '2025-12-30 13:39:09', '2025-12-30 13:39:09'), (13, 4, 'MACD背离交易策略', 'video', 'bilibili', 'https://www.bilibili.com/video/BV1example4', 'MACD顶背离和底背离的识别与交易', NULL, 'zh', 1, 1, 1, NULL, '2025-12-30 13:39:09', '2025-12-30 13:39:09'), (14, 4, 'MACD Divergence Indicator', 'tool', 'tradingview', 'https://www.tradingview.com/script/example4', '自动识别MACD背离的指标', NULL, 'en', 1, 2, 1, NULL, '2025-12-30 13:39:09', '2025-12-30 13:39:09'), (15, 4, 'MACD高级用法详解', 'article', 'medium', 'https://medium.com/example4', 'MACD的进阶使用技巧', NULL, 'zh', 1, 3, 1, NULL, '2025-12-30 13:39:09', '2025-12-30 13:39:09'), (16, 4, 'MACD Histogram Trading', 'video', 'youtube', 'https://www.youtube.com/watch?v=example4', 'MACD柱状图交易方法', NULL, 'en', 1, 4, 1, NULL, '2025-12-30 13:39:09', '2025-12-30 13:39:09'), (17, 5, 'RSI指标实战应用', 'video', 'bilibili', 'https://www.bilibili.com/video/BV1example5', 'RSI超买超卖和背离交易', NULL, 'zh', 1, 1, 1, NULL, '2025-12-30 13:39:09', '2025-12-30 13:39:09'), (18, 5, '布林带交易策略', 'video', 'bilibili', 'https://www.bilibili.com/video/BV1example5b', '布林带收口突破和回归交易', NULL, 'zh', 1, 2, 1, NULL, '2025-12-30 13:39:09', '2025-12-30 13:39:09'), (19, 5, 'RSI Divergence Scanner', 'tool', 'tradingview', 'https://www.tradingview.com/script/example5', 'RSI背离扫描指标', NULL, 'en', 1, 3, 1, NULL, '2025-12-30 13:39:09', '2025-12-30 13:39:09'), (20, 5, 'Bollinger Bands Strategy Guide', 'article', 'medium', 'https://medium.com/example5', '布林带策略完全指南', NULL, 'en', 1, 4, 1, NULL, '2025-12-30 13:39:09', '2025-12-30 13:39:09'), (21, 6, '量价分析入门到精通', 'video', 'bilibili', 'https://www.bilibili.com/video/BV1example6', '成交量与价格关系详解', NULL, 'zh', 1, 1, 1, NULL, '2025-12-30 13:39:09', '2025-12-30 13:39:09'), (22, 6, 'OBV指标使用教程', 'video', 'bilibili', 'https://www.bilibili.com/video/BV1example6b', 'On Balance Volume指标应用', NULL, 'zh', 1, 2, 1, NULL, '2025-12-30 13:39:09', '2025-12-30 13:39:09'), (23, 6, 'Volume Profile Indicator', 'tool', 'tradingview', 'https://www.tradingview.com/script/example6', '成交量分布指标', NULL, 'en', 1, 3, 1, NULL, '2025-12-30 13:39:09', '2025-12-30 13:39:09'), (24, 6, 'Volume Spread Analysis', 'article', 'medium', 'https://medium.com/example6', 'VSA量价分析方法', NULL, 'en', 1, 4, 1, NULL, '2025-12-30 13:39:09', '2025-12-30 13:39:09'), (25, 7, '宏观经济对加密货币的影响', 'video', 'bilibili', 'https://www.bilibili.com/video/BV1example7', '美联储政策、美元指数与BTC关系', NULL, 'zh', 1, 1, 1, NULL, '2025-12-30 13:39:09', '2025-12-30 13:39:09'), (26, 7, 'Economic Calendar', 'tool', 'other', 'https://www.forexfactory.com/calendar', '经济日历工具，追踪重要经济数据', NULL, 'en', 1, 2, 1, NULL, '2025-12-30 13:39:09', '2025-12-30 13:39:09'), (27, 7, 'Crypto Fundamental Analysis', 'article', 'medium', 'https://medium.com/example7', '加密货币基本面分析框架', NULL, 'en', 1, 3, 1, NULL, '2025-12-30 13:39:09', '2025-12-30 13:39:09'), (28, 7, 'Fed Watch Tool', 'tool', 'other', 'https://www.cmegroup.com/trading/interest-rates/countdown-to-fomc.html', '美联储利率预期工具', NULL, 'en', 1, 4, 1, NULL, '2025-12-30 13:39:09', '2025-12-30 13:39:09'), (29, 8, 'Glassnode链上数据入门', 'video', 'bilibili', 'https://www.bilibili.com/video/BV1example8', 'Glassnode平台使用教程', NULL, 'zh', 1, 1, 1, NULL, '2025-12-30 13:39:09', '2025-12-30 13:39:09'), (30, 8, 'CryptoQuant使用指南', 'video', 'youtube', 'https://www.youtube.com/watch?v=example8', 'CryptoQuant数据分析教程', NULL, 'en', 1, 2, 1, NULL, '2025-12-30 13:39:09', '2025-12-30 13:39:09'), (31, 8, 'Glassnode Studio', 'tool', 'other', 'https://studio.glassnode.com', '专业链上数据分析平台', NULL, 'en', 1, 3, 1, NULL, '2025-12-30 13:39:09', '2025-12-30 13:39:09'), (32, 8, 'On-Chain Analysis Report', 'report', 'other', 'https://insights.glassnode.com', 'Glassnode每周链上分析报告', NULL, 'en', 1, 4, 1, NULL, '2025-12-30 13:39:09', '2025-12-30 13:39:09'), (33, 9, '交易系统构建完全指南', 'video', 'bilibili', 'https://www.bilibili.com/video/BV1example9', '如何构建自己的交易系统', NULL, 'zh', 1, 1, 1, NULL, '2025-12-30 13:39:09', '2025-12-30 13:39:09'), (34, 9, '《海龟交易法则》精华', 'book', 'other', 'https://book.douban.com/subject/example9', '经典趋势跟踪系统详解', NULL, 'zh', 1, 2, 1, NULL, '2025-12-30 13:39:09', '2025-12-30 13:39:09'), (35, 9, 'Trading System Backtester', 'tool', 'tradingview', 'https://www.tradingview.com/script/example9', '交易系统回测工具', NULL, 'en', 1, 3, 1, NULL, '2025-12-30 13:39:09', '2025-12-30 13:39:09'), (36, 9, 'Systematic Trading Guide', 'article', 'medium', 'https://medium.com/example9', '系统化交易入门指南', NULL, 'en', 1, 4, 1, NULL, '2025-12-30 13:39:09', '2025-12-30 13:39:09'), (37, 10, '风险管理核心原则', 'video', 'bilibili', 'https://www.bilibili.com/video/BV1example10', '仓位管理和止损设置', NULL, 'zh', 1, 1, 1, NULL, '2025-12-30 13:39:09', '2025-12-30 13:39:09'), (38, 10, 'Position Size Calculator', 'tool', 'other', 'https://www.myfxbook.com/forex-calculators/position-size', '仓位计算器工具', NULL, 'en', 1, 2, 1, NULL, '2025-12-30 13:39:09', '2025-12-30 13:39:09'), (39, 10, '凯利公式详解', 'article', 'medium', 'https://medium.com/example10', 'Kelly Criterion在交易中的应用', NULL, 'zh', 1, 3, 1, NULL, '2025-12-30 13:39:09', '2025-12-30 13:39:09'), (40, 10, 'Risk Management for Traders', 'video', 'youtube', 'https://www.youtube.com/watch?v=example10', '专业交易员的风险管理', NULL, 'en', 1, 4, 1, NULL, '2025-12-30 13:39:09', '2025-12-30 13:39:09'), (41, 11, '趋势跟踪策略详解', 'video', 'bilibili', 'https://www.bilibili.com/video/BV1example11', '如何识别和跟踪趋势', NULL, 'zh', 1, 1, 1, NULL, '2025-12-30 13:39:09', '2025-12-30 13:39:09'), (42, 11, 'Trend Following Indicators', 'tool', 'tradingview', 'https://www.tradingview.com/script/example11', '趋势跟踪指标合集', NULL, 'en', 1, 2, 1, NULL, '2025-12-30 13:39:09', '2025-12-30 13:39:09'), (43, 11, '《趋势跟踪》书籍精华', 'book', 'other', 'https://book.douban.com/subject/example11', 'Michael Covel经典著作', NULL, 'zh', 1, 3, 1, NULL, '2025-12-30 13:39:09', '2025-12-30 13:39:09'), (44, 11, 'Trend Trading Masterclass', 'video', 'youtube', 'https://www.youtube.com/watch?v=example11', '趋势交易大师课', NULL, 'en', 1, 4, 1, NULL, '2025-12-30 13:39:09', '2025-12-30 13:39:09'), (45, 12, '震荡市交易策略', 'video', 'bilibili', 'https://www.bilibili.com/video/BV1example12', '区间交易和网格交易', NULL, 'zh', 1, 1, 1, NULL, '2025-12-30 13:39:09', '2025-12-30 13:39:09'), (46, 12, 'Range Trading Indicator', 'tool', 'tradingview', 'https://www.tradingview.com/script/example12', '震荡区间识别指标', NULL, 'en', 1, 2, 1, NULL, '2025-12-30 13:39:09', '2025-12-30 13:39:09'), (47, 12, '网格交易完全指南', 'article', 'medium', 'https://medium.com/example12', '网格交易策略详解', NULL, 'zh', 1, 3, 1, NULL, '2025-12-30 13:39:09', '2025-12-30 13:39:09'), (48, 12, 'Mean Reversion Strategy', 'video', 'youtube', 'https://www.youtube.com/watch?v=example12', '均值回归交易策略', NULL, 'en', 1, 4, 1, NULL, '2025-12-30 13:39:09', '2025-12-30 13:39:09'), (49, 13, '突破交易策略详解', 'video', 'bilibili', 'https://www.bilibili.com/video/BV1example13', '真假突破识别和交易', NULL, 'zh', 1, 1, 1, NULL, '2025-12-30 13:39:09', '2025-12-30 13:39:09'), (50, 13, 'Breakout Scanner', 'tool', 'tradingview', 'https://www.tradingview.com/script/example13', '突破信号扫描指标', NULL, 'en', 1, 2, 1, NULL, '2025-12-30 13:39:09', '2025-12-30 13:39:09'), (51, 13, '假突破交易策略', 'article', 'medium', 'https://medium.com/example13', '如何利用假突破获利', NULL, 'zh', 1, 3, 1, NULL, '2025-12-30 13:39:09', '2025-12-30 13:39:09'), (52, 13, 'Breakout Trading Guide', 'video', 'youtube', 'https://www.youtube.com/watch?v=example13', '突破交易完全指南', NULL, 'en', 1, 4, 1, NULL, '2025-12-30 13:39:09', '2025-12-30 13:39:09'), (53, 14, '多周期分析方法', 'video', 'bilibili', 'https://www.bilibili.com/video/BV1example14', '大小周期配合交易', NULL, 'zh', 1, 1, 1, NULL, '2025-12-30 13:39:09', '2025-12-30 13:39:09'), (54, 14, 'MTF Indicator Pack', 'tool', 'tradingview', 'https://www.tradingview.com/script/example14', '多周期指标合集', NULL, 'en', 1, 2, 1, NULL, '2025-12-30 13:39:09', '2025-12-30 13:39:09'), (55, 14, '周期共振交易法', 'article', 'medium', 'https://medium.com/example14', '多周期共振入场技巧', NULL, 'zh', 1, 3, 1, NULL, '2025-12-30 13:39:09', '2025-12-30 13:39:09'), (56, 14, 'Multiple Timeframe Analysis', 'video', 'youtube', 'https://www.youtube.com/watch?v=example14', '多时间框架分析教程', NULL, 'en', 1, 4, 1, NULL, '2025-12-30 13:39:09', '2025-12-30 13:39:09'), (57, 15, '交易心理学入门', 'video', 'bilibili', 'https://www.bilibili.com/video/BV1example15', '克服贪婪恐惧的方法', NULL, 'zh', 1, 1, 1, NULL, '2025-12-30 13:39:10', '2025-12-30 13:39:10'), (58, 15, '《交易心理分析》精华', 'book', 'other', 'https://book.douban.com/subject/example15', 'Mark Douglas经典著作', NULL, 'zh', 1, 2, 1, NULL, '2025-12-30 13:39:10', '2025-12-30 13:39:10'), (59, 15, '情绪管理技巧', 'article', 'medium', 'https://medium.com/example15', '交易中的情绪管理', NULL, 'zh', 1, 3, 1, NULL, '2025-12-30 13:39:10', '2025-12-30 13:39:10'), (60, 15, 'Trading Psychology Masterclass', 'video', 'youtube', 'https://www.youtube.com/watch?v=example15', '交易心理大师课', NULL, 'en', 1, 4, 1, NULL, '2025-12-30 13:39:10', '2025-12-30 13:39:10'), (61, 16, '模拟交易平台推荐', 'article', 'medium', 'https://medium.com/example16', '最佳模拟交易平台对比', NULL, 'zh', 1, 1, 1, NULL, '2025-12-30 13:39:10', '2025-12-30 13:39:10'), (62, 16, 'Trading Journal Template', 'tool', 'other', 'https://docs.google.com/spreadsheets/example16', '交易日志Excel模板', NULL, 'zh', 1, 2, 1, NULL, '2025-12-30 13:39:10', '2025-12-30 13:39:10'), (63, 16, '复盘方法详解', 'video', 'bilibili', 'https://www.bilibili.com/video/BV1example16', '如何有效复盘交易', NULL, 'zh', 1, 3, 1, NULL, '2025-12-30 13:39:10', '2025-12-30 13:39:10'), (64, 16, 'Paper Trading Guide', 'video', 'youtube', 'https://www.youtube.com/watch?v=example16', '模拟交易最佳实践', NULL, 'en', 1, 4, 1, NULL, '2025-12-30 13:39:10', '2025-12-30 13:39:10'), (65, 17, '小资金交易策略', 'video', 'bilibili', 'https://www.bilibili.com/video/BV1example17', '1000U起步的交易方法', NULL, 'zh', 1, 1, 1, NULL, '2025-12-30 13:39:10', '2025-12-30 13:39:10'), (66, 17, 'Binance交易所操作指南', 'article', 'other', 'https://www.binance.com/zh-CN/support', 'Binance官方帮助文档', NULL, 'zh', 1, 2, 1, NULL, '2025-12-30 13:39:10', '2025-12-30 13:39:10'), (67, 17, 'OKX交易教程', 'video', 'bilibili', 'https://www.bilibili.com/video/BV1example17b', 'OKX交易所使用教程', NULL, 'zh', 1, 3, 1, NULL, '2025-12-30 13:39:10', '2025-12-30 13:39:10'), (68, 17, 'Small Account Trading', 'video', 'youtube', 'https://www.youtube.com/watch?v=example17', '小资金账户交易技巧', NULL, 'en', 1, 4, 1, NULL, '2025-12-30 13:39:10', '2025-12-30 13:39:10'), (69, 18, '交易日志分析方法', 'video', 'bilibili', 'https://www.bilibili.com/video/BV1example18', '如何分析交易日志', NULL, 'zh', 1, 1, 1, NULL, '2025-12-30 13:39:10', '2025-12-30 13:39:10'), (70, 18, 'Trading Journal Excel', 'tool', 'other', 'https://docs.google.com/spreadsheets/example18', '专业交易日志模板', NULL, 'zh', 1, 2, 1, NULL, '2025-12-30 13:39:10', '2025-12-30 13:39:10'), (71, 18, '数据分析改进交易', 'article', 'medium', 'https://medium.com/example18', '用数据优化交易系统', NULL, 'zh', 1, 3, 1, NULL, '2025-12-30 13:39:10', '2025-12-30 13:39:10'), (72, 18, 'Edgewonk Trading Journal', 'tool', 'other', 'https://edgewonk.com', '专业交易日志软件', NULL, 'en', 1, 4, 1, NULL, '2025-12-30 13:39:10', '2025-12-30 13:39:10'), (73, 19, '高级图表形态详解', 'video', 'bilibili', 'https://www.bilibili.com/video/BV1example19', '头肩、三角形、旗形等', NULL, 'zh', 1, 1, 1, NULL, '2025-12-30 13:39:10', '2025-12-30 13:39:10'), (74, 19, 'Fibonacci Tools Guide', 'video', 'youtube', 'https://www.youtube.com/watch?v=example19', '斐波那契工具完全教程', NULL, 'en', 1, 2, 1, NULL, '2025-12-30 13:39:10', '2025-12-30 13:39:10'), (75, 19, 'Chart Pattern Scanner', 'tool', 'tradingview', 'https://www.tradingview.com/script/example19', '图表形态自动识别', NULL, 'en', 1, 3, 1, NULL, '2025-12-30 13:39:10', '2025-12-30 13:39:10'), (76, 19, 'Harmonic Patterns', 'article', 'medium', 'https://medium.com/example19', '谐波形态交易指南', NULL, 'en', 1, 4, 1, NULL, '2025-12-30 13:39:10', '2025-12-30 13:39:10'), (77, 20, '市场情绪分析方法', 'video', 'bilibili', 'https://www.bilibili.com/video/BV1example20', '恐惧贪婪指数应用', NULL, 'zh', 1, 1, 1, NULL, '2025-12-30 13:39:10', '2025-12-30 13:39:10'), (78, 20, 'Fear & Greed Index', 'tool', 'other', 'https://alternative.me/crypto/fear-and-greed-index/', '加密货币恐惧贪婪指数', NULL, 'en', 1, 2, 1, NULL, '2025-12-30 13:39:10', '2025-12-30 13:39:10'), (79, 20, 'Coinglass数据平台', 'tool', 'other', 'https://www.coinglass.com', '合约数据和资金费率', NULL, 'en', 1, 3, 1, NULL, '2025-12-30 13:39:10', '2025-12-30 13:39:10'), (80, 20, 'Sentiment Analysis Trading', 'video', 'youtube', 'https://www.youtube.com/watch?v=example20', '情绪分析交易策略', NULL, 'en', 1, 4, 1, NULL, '2025-12-30 13:39:10', '2025-12-30 13:39:10'), (81, 21, '资金管理进阶技巧', 'video', 'bilibili', 'https://www.bilibili.com/video/BV1example21', '金字塔加仓和分批止盈', NULL, 'zh', 1, 1, 1, NULL, '2025-12-30 13:39:10', '2025-12-30 13:39:10'), (82, 21, 'Compound Interest Calculator', 'tool', 'other', 'https://www.investor.gov/financial-tools-calculators/calculators/compound-interest-calculator', '复利计算器', NULL, 'en', 1, 2, 1, NULL, '2025-12-30 13:39:10', '2025-12-30 13:39:10'), (83, 21, '资金曲线管理', 'article', 'medium', 'https://medium.com/example21', '如何管理资金曲线', NULL, 'zh', 1, 3, 1, NULL, '2025-12-30 13:39:10', '2025-12-30 13:39:10'), (84, 21, 'Money Management Secrets', 'video', 'youtube', 'https://www.youtube.com/watch?v=example21', '资金管理的秘密', NULL, 'en', 1, 4, 1, NULL, '2025-12-30 13:39:10', '2025-12-30 13:39:10'), (85, 22, '交易系统优化方法', 'video', 'bilibili', 'https://www.bilibili.com/video/BV1example22', '参数优化和规则优化', NULL, 'zh', 1, 1, 1, NULL, '2025-12-30 13:39:10', '2025-12-30 13:39:10'), (86, 22, 'TradingView Strategy Tester', 'tool', 'tradingview', 'https://www.tradingview.com/support/solutions/43000481029', 'TradingView策略测试器', NULL, 'en', 1, 2, 1, NULL, '2025-12-30 13:39:10', '2025-12-30 13:39:10'), (87, 22, '避免过度优化', 'article', 'medium', 'https://medium.com/example22', '过度拟合的危害和避免方法', NULL, 'zh', 1, 3, 1, NULL, '2025-12-30 13:39:10', '2025-12-30 13:39:10'), (88, 22, 'Backtesting Best Practices', 'video', 'youtube', 'https://www.youtube.com/watch?v=example22', '回测最佳实践', NULL, 'en', 1, 4, 1, NULL, '2025-12-30 13:39:10', '2025-12-30 13:39:10'), (89, 23, '多策略组合管理', 'video', 'bilibili', 'https://www.bilibili.com/video/BV1example23', '策略组合和相关性分析', NULL, 'zh', 1, 1, 1, NULL, '2025-12-30 13:39:10', '2025-12-30 13:39:10'), (90, 23, 'Portfolio Correlation Calculator', 'tool', 'other', 'https://www.portfoliovisualizer.com/asset-correlations', '策略相关性计算工具', NULL, 'en', 1, 2, 1, NULL, '2025-12-30 13:39:10', '2025-12-30 13:39:10'), (91, 23, '组合回撤控制', 'article', 'medium', 'https://medium.com/example23', '如何控制组合回撤', NULL, 'zh', 1, 3, 1, NULL, '2025-12-30 13:39:10', '2025-12-30 13:39:10'), (92, 23, 'Portfolio Management for Traders', 'video', 'youtube', 'https://www.youtube.com/watch?v=example23', '交易员的组合管理', NULL, 'en', 1, 4, 1, NULL, '2025-12-30 13:39:10', '2025-12-30 13:39:10'), (93, 24, '交易员成长路径', 'video', 'bilibili', 'https://www.bilibili.com/video/BV1example24', '从新手到专业交易员', NULL, 'zh', 1, 1, 1, NULL, '2025-12-30 13:39:10', '2025-12-30 13:39:10'), (94, 24, '推荐书单', 'article', 'medium', 'https://medium.com/example24', '交易员必读书籍推荐', NULL, 'zh', 1, 2, 1, NULL, '2025-12-30 13:39:10', '2025-12-30 13:39:10'), (95, 24, '持续学习资源', 'article', 'other', 'https://www.babypips.com', 'BabyPips交易学习平台', NULL, 'en', 1, 3, 1, NULL, '2025-12-30 13:39:10', '2025-12-30 13:39:10'), (96, 24, 'Professional Trading Career', 'video', 'youtube', 'https://www.youtube.com/watch?v=example24', '职业交易员之路', NULL, 'en', 1, 4, 1, NULL, '2025-12-30 13:39:10', '2025-12-30 13:39:10');
COMMIT;

-- ----------------------------
-- Table structure for learn_task
-- ----------------------------
DROP TABLE IF EXISTS `learn_task`;
CREATE TABLE `learn_task`  (
  `id` bigint(20) NOT NULL AUTO_INCREMENT COMMENT '任务ID',
  `chapter_id` bigint(20) NOT NULL COMMENT '章节ID',
  `task_content` varchar(500) CHARACTER SET utf8mb4 COLLATE utf8mb4_general_ci NOT NULL COMMENT '任务内容',
  `sort_order` int(11) NULL DEFAULT 0 COMMENT '排序',
  PRIMARY KEY (`id`) USING BTREE,
  INDEX `idx_chapter_id`(`chapter_id`) USING BTREE
) ENGINE = InnoDB AUTO_INCREMENT = 151 CHARACTER SET = utf8mb4 COLLATE = utf8mb4_general_ci COMMENT = '学习任务表';

-- ----------------------------
-- Records of learn_task
-- ----------------------------
BEGIN;
INSERT INTO `learn_task` (`id`, `chapter_id`, `task_content`, `sort_order`) VALUES (1, 1, '完成本周学习内容阅读', 1), (2, 2, '完成本周学习内容阅读', 1), (3, 3, '完成本周学习内容阅读', 1), (4, 4, '完成本周学习内容阅读', 1), (5, 5, '完成本周学习内容阅读', 1), (6, 6, '完成本周学习内容阅读', 1), (7, 7, '完成本周学习内容阅读', 1), (8, 8, '完成本周学习内容阅读', 1), (16, 1, '完成实践任务', 2), (17, 2, '完成实践任务', 2), (18, 3, '完成实践任务', 2), (19, 4, '完成实践任务', 2), (20, 5, '完成实践任务', 2), (21, 6, '完成实践任务', 2), (22, 7, '完成实践任务', 2), (23, 8, '完成实践任务', 2), (31, 1, '记录学习笔记', 3), (32, 2, '记录学习笔记', 3), (33, 3, '记录学习笔记', 3), (34, 4, '记录学习笔记', 3), (35, 5, '记录学习笔记', 3), (36, 6, '记录学习笔记', 3), (37, 7, '记录学习笔记', 3), (38, 8, '记录学习笔记', 3), (46, 9, '完成本周学习内容阅读', 1), (47, 10, '完成本周学习内容阅读', 1), (48, 11, '完成本周学习内容阅读', 1), (49, 12, '完成本周学习内容阅读', 1), (50, 13, '完成本周学习内容阅读', 1), (51, 14, '完成本周学习内容阅读', 1), (52, 15, '完成本周学习内容阅读', 1), (53, 16, '完成本周学习内容阅读', 1), (61, 9, '完成实践任务', 2), (62, 10, '完成实践任务', 2), (63, 11, '完成实践任务', 2), (64, 12, '完成实践任务', 2), (65, 13, '完成实践任务', 2), (66, 14, '完成实践任务', 2), (67, 15, '完成实践任务', 2), (68, 16, '完成实践任务', 2), (76, 9, '记录学习笔记', 3), (77, 10, '记录学习笔记', 3), (78, 11, '记录学习笔记', 3), (79, 12, '记录学习笔记', 3), (80, 13, '记录学习笔记', 3), (81, 14, '记录学习笔记', 3), (82, 15, '记录学习笔记', 3), (83, 16, '记录学习笔记', 3), (91, 17, '完成本周学习内容阅读', 1), (92, 18, '完成本周学习内容阅读', 1), (93, 19, '完成本周学习内容阅读', 1), (94, 20, '完成本周学习内容阅读', 1), (95, 21, '完成本周学习内容阅读', 1), (96, 22, '完成本周学习内容阅读', 1), (97, 23, '完成本周学习内容阅读', 1), (98, 24, '完成本周学习内容阅读', 1), (106, 17, '完成实践任务', 2), (107, 18, '完成实践任务', 2), (108, 19, '完成实践任务', 2), (109, 20, '完成实践任务', 2), (110, 21, '完成实践任务', 2), (111, 22, '完成实践任务', 2), (112, 23, '完成实践任务', 2), (113, 24, '完成实践任务', 2), (121, 17, '记录学习笔记', 3), (122, 18, '记录学习笔记', 3), (123, 19, '记录学习笔记', 3), (124, 20, '记录学习笔记', 3), (125, 21, '记录学习笔记', 3), (126, 22, '记录学习笔记', 3), (127, 23, '记录学习笔记', 3), (128, 24, '记录学习笔记', 3), (136, 17, '完成本周交易复盘', 4), (137, 18, '完成本周交易复盘', 4), (138, 19, '完成本周交易复盘', 4), (139, 20, '完成本周交易复盘', 4), (140, 21, '完成本周交易复盘', 4), (141, 22, '完成本周交易复盘', 4), (142, 23, '完成本周交易复盘', 4), (143, 24, '完成本周交易复盘', 4);
COMMIT;

-- ----------------------------
-- Table structure for learn_task_record
-- ----------------------------
DROP TABLE IF EXISTS `learn_task_record`;
CREATE TABLE `learn_task_record`  (
  `id` bigint(20) NOT NULL AUTO_INCREMENT COMMENT 'ID',
  `user_id` bigint(20) NOT NULL COMMENT '用户ID',
  `task_id` bigint(20) NOT NULL COMMENT '任务ID',
  `is_completed` tinyint(4) NULL DEFAULT 0 COMMENT '是否完成',
  `complete_time` datetime NULL DEFAULT NULL COMMENT '完成时间',
  PRIMARY KEY (`id`) USING BTREE,
  UNIQUE INDEX `uk_user_task`(`user_id`, `task_id`) USING BTREE
) ENGINE = InnoDB AUTO_INCREMENT = 2 CHARACTER SET = utf8mb4 COLLATE = utf8mb4_general_ci COMMENT = '任务完成记录表';

-- ----------------------------
-- Records of learn_task_record
-- ----------------------------
BEGIN;
INSERT INTO `learn_task_record` (`id`, `user_id`, `task_id`, `is_completed`, `complete_time`) VALUES (1, 2, 2, 0, '2025-12-26 20:41:01');
COMMIT;

-- ----------------------------
-- Table structure for learn_tool_guide
-- ----------------------------
DROP TABLE IF EXISTS `learn_tool_guide`;
CREATE TABLE `learn_tool_guide`  (
  `id` bigint(20) NOT NULL AUTO_INCREMENT COMMENT '指南ID',
  `tool_name` varchar(100) CHARACTER SET utf8mb4 COLLATE utf8mb4_general_ci NOT NULL COMMENT '工具名称',
  `tool_type` varchar(50) CHARACTER SET utf8mb4 COLLATE utf8mb4_general_ci NOT NULL COMMENT '工具类型：chart图表/exchange交易所/data数据/sentiment情绪/record记录',
  `description` varchar(500) CHARACTER SET utf8mb4 COLLATE utf8mb4_general_ci NULL DEFAULT NULL COMMENT '工具描述',
  `official_url` varchar(500) CHARACTER SET utf8mb4 COLLATE utf8mb4_general_ci NULL DEFAULT NULL COMMENT '官方网址',
  `logo_url` varchar(500) CHARACTER SET utf8mb4 COLLATE utf8mb4_general_ci NULL DEFAULT NULL COMMENT 'Logo图片',
  `content` longtext CHARACTER SET utf8mb4 COLLATE utf8mb4_general_ci NULL COMMENT '使用指南(Markdown)',
  `features` text CHARACTER SET utf8mb4 COLLATE utf8mb4_general_ci NULL COMMENT '主要功能JSON数组',
  `pros` text CHARACTER SET utf8mb4 COLLATE utf8mb4_general_ci NULL COMMENT '优点',
  `cons` text CHARACTER SET utf8mb4 COLLATE utf8mb4_general_ci NULL COMMENT '缺点',
  `pricing` varchar(200) CHARACTER SET utf8mb4 COLLATE utf8mb4_general_ci NULL DEFAULT NULL COMMENT '价格说明',
  `difficulty` tinyint(4) NULL DEFAULT 1 COMMENT '上手难度：1简单 2中等 3复杂',
  `sort_order` int(11) NULL DEFAULT 0 COMMENT '排序',
  `status` tinyint(4) NULL DEFAULT 1 COMMENT '状态：0禁用 1启用',
  `create_by` bigint(20) NULL DEFAULT NULL COMMENT '创建人',
  `create_time` datetime NULL DEFAULT CURRENT_TIMESTAMP COMMENT '创建时间',
  `update_time` datetime NULL DEFAULT CURRENT_TIMESTAMP ON UPDATE CURRENT_TIMESTAMP COMMENT '更新时间',
  PRIMARY KEY (`id`) USING BTREE,
  INDEX `idx_tool_type`(`tool_type`) USING BTREE
) ENGINE = InnoDB AUTO_INCREMENT = 7 CHARACTER SET = utf8mb4 COLLATE = utf8mb4_general_ci COMMENT = '工具指南表';

-- ----------------------------
-- Records of learn_tool_guide
-- ----------------------------
BEGIN;
INSERT INTO `learn_tool_guide` (`id`, `tool_name`, `tool_type`, `description`, `official_url`, `logo_url`, `content`, `features`, `pros`, `cons`, `pricing`, `difficulty`, `sort_order`, `status`, `create_by`, `create_time`, `update_time`) VALUES (1, 'TradingView', 'chart', '全球最流行的图表分析平台，提供专业的技术分析工具和社区功能', 'https://www.tradingview.com', NULL, '# TradingView使用指南\r\n\r\n## 一、账号与设置\r\n\r\n### 1.1 注册账号\r\n\r\n1. 访问 tradingview.com\r\n2. 点击\"开始使用\"\r\n3. 可用邮箱或社交账号注册\r\n4. 免费版即可使用大部分功能\r\n\r\n### 1.2 订阅选择\r\n\r\n| 版本 | 价格 | 主要功能 |\r\n|-----|------|---------|\r\n| Basic | 免费 | 基础图表、3个指标 |\r\n| Pro | $14.95/月 | 5个图表、5个指标 |\r\n| Pro+ | $29.95/月 | 10个图表、10个指标 |\r\n| Premium | $59.95/月 | 无限图表和指标 |\r\n\r\n### 1.3 界面布局\r\n\r\n- **顶部**：搜索栏、时间周期、图表类型\r\n- **左侧**：画图工具栏\r\n- **右侧**：观察列表、警报、日历\r\n- **底部**：策略测试器、Pine编辑器\r\n\r\n## 二、图表操作\r\n\r\n### 2.1 基本操作\r\n\r\n- **缩放**：鼠标滚轮或底部滑块\r\n- **移动**：按住左键拖动\r\n- **十字线**：按住Shift显示精确数据\r\n- **截图**：Alt+S快速截图\r\n\r\n### 2.2 时间周期\r\n\r\n常用周期：\r\n- 1分钟、5分钟、15分钟（短线）\r\n- 1小时、4小时（中线）\r\n- 日线、周线（长线）\r\n\r\n### 2.3 图表类型\r\n\r\n- **K线图**：最常用\r\n- **美国线**：简洁\r\n- **Heikin Ashi**：过滤噪音\r\n- **Renko**：趋势清晰\r\n\r\n## 三、画图工具\r\n\r\n### 3.1 趋势线\r\n\r\n1. 选择趋势线工具\r\n2. 点击第一个点\r\n3. 拖动到第二个点\r\n4. 双击完成\r\n\r\n### 3.2 支撑阻力\r\n\r\n- **水平线**：标注关键价位\r\n- **矩形**：标注支撑阻力区域\r\n- **平行通道**：标注趋势通道\r\n\r\n### 3.3 斐波那契\r\n\r\n1. 选择斐波那契回撤工具\r\n2. 从起点拖到终点\r\n3. 自动显示回撤位\r\n4. 可自定义显示比例\r\n\r\n## 四、技术指标\r\n\r\n### 4.1 添加指标\r\n\r\n1. 点击\"指标\"按钮\r\n2. 搜索指标名称\r\n3. 点击添加到图表\r\n4. 双击指标可修改参数\r\n\r\n### 4.2 常用指标\r\n\r\n- **均线**：MA、EMA\r\n- **动量**：RSI、MACD、Stochastic\r\n- **波动**：Bollinger Bands、ATR\r\n- **成交量**：Volume、OBV\r\n\r\n### 4.3 指标模板\r\n\r\n1. 设置好常用指标\r\n2. 点击\"模板\"保存\r\n3. 下次可快速加载\r\n\r\n## 五、警报设置\r\n\r\n### 5.1 创建警报\r\n\r\n1. 右键点击图表\r\n2. 选择\"添加警报\"\r\n3. 设置触发条件\r\n4. 选择通知方式\r\n\r\n### 5.2 警报类型\r\n\r\n- **价格警报**：价格达到某值\r\n- **指标警报**：指标满足条件\r\n- **画线警报**：价格触及画线\r\n\r\n### 5.3 通知方式\r\n\r\n- 网页弹窗\r\n- 手机推送\r\n- 邮件通知\r\n- Webhook\r\n\r\n## 六、社区功能\r\n\r\n### 6.1 查看分析\r\n\r\n1. 点击\"想法\"标签\r\n2. 筛选品种和时间\r\n3. 查看他人分析\r\n4. 学习不同观点\r\n\r\n### 6.2 发布想法\r\n\r\n1. 完成图表分析\r\n2. 点击\"发布\"\r\n3. 添加标题和描述\r\n4. 选择公开或私密\r\n\r\n## 七、快捷键\r\n\r\n| 快捷键 | 功能 |\r\n|-------|------|\r\n| Alt+T | 趋势线 |\r\n| Alt+H | 水平线 |\r\n| Alt+F | 斐波那契 |\r\n| Alt+S | 截图 |\r\n| Alt+W | 添加观察列表 |\r\n| Space | 切换十字线 |', '[\"实时图表\",\"技术指标\",\"画图工具\",\"策略回测\",\"社区分享\",\"警报功能\"]', '界面美观、功能强大、社区活跃、支持多种资产', '高级功能需付费、部分数据延迟', '免费版可用，Pro版$14.95/月起', 1, 1, 1, NULL, '2025-12-30 13:39:21', '2025-12-30 13:39:21'), (2, 'Binance', 'exchange', '全球最大的加密货币交易所，提供现货、合约、期权等多种交易产品', 'https://www.binance.com', NULL, '# Binance交易操作指南\r\n\r\n## 一、账号安全\r\n\r\n### 1.1 基础安全设置\r\n\r\n1. **强密码**：使用复杂密码\r\n2. **2FA验证**：必须开启\r\n3. **防钓鱼码**：设置识别真假邮件\r\n4. **设备管理**：定期检查登录设备\r\n\r\n### 1.2 高级安全\r\n\r\n- **提现白名单**：只能提到白名单地址\r\n- **API限制**：限制API权限\r\n- **地址管理**：管理常用地址\r\n\r\n## 二、现货交易\r\n\r\n### 2.1 下单类型\r\n\r\n| 类型 | 说明 | 适用场景 |\r\n|-----|------|---------|\r\n| 市价单 | 立即成交 | 快速入场 |\r\n| 限价单 | 指定价格 | 精确入场 |\r\n| 止损限价 | 触发后限价 | 止损保护 |\r\n| OCO | 二选一订单 | 止盈止损 |\r\n\r\n### 2.2 下单步骤\r\n\r\n1. 选择交易对（如BTC/USDT）\r\n2. 选择买入/卖出\r\n3. 选择订单类型\r\n4. 输入价格和数量\r\n5. 确认下单\r\n\r\n## 三、合约交易\r\n\r\n### 3.1 合约类型\r\n\r\n- **U本位合约**：USDT结算\r\n- **币本位合约**：币种结算\r\n\r\n### 3.2 开仓设置\r\n\r\n1. **杠杆选择**：1-125倍\r\n2. **保证金模式**：全仓/逐仓\r\n3. **下单类型**：市价/限价\r\n\r\n### 3.3 止盈止损\r\n\r\n1. 开仓时设置\r\n2. 或持仓后添加\r\n3. 支持百分比和固定价格\r\n\r\n### 3.4 仓位管理\r\n\r\n- 查看持仓盈亏\r\n- 调整保证金\r\n- 部分平仓\r\n- 一键平仓\r\n\r\n## 四、手续费优化\r\n\r\n### 4.1 费率结构\r\n\r\n| 等级 | 现货Maker | 现货Taker | 合约Maker | 合约Taker |\r\n|-----|----------|----------|----------|----------|\r\n| VIP0 | 0.1% | 0.1% | 0.02% | 0.04% |\r\n| VIP1 | 0.09% | 0.1% | 0.016% | 0.04% |\r\n\r\n### 4.2 降低费用方法\r\n\r\n1. **BNB抵扣**：25%折扣\r\n2. **提升VIP**：交易量达标\r\n3. **返佣**：使用返佣链接\r\n4. **限价单**：Maker费率更低\r\n\r\n## 五、API交易\r\n\r\n### 5.1 创建API\r\n\r\n1. 进入API管理\r\n2. 创建新API\r\n3. 设置权限（只读/交易）\r\n4. 保存密钥\r\n\r\n### 5.2 安全建议\r\n\r\n- 限制IP白名单\r\n- 不开启提现权限\r\n- 定期更换密钥\r\n- 使用子账户API', '[\"现货交易\",\"合约交易\",\"期权交易\",\"理财产品\",\"API交易\"]', '流动性最好、交易对丰富、费用较低', '部分地区受限、界面较复杂', '现货0.1%，合约0.02%/0.04%', 2, 2, 1, NULL, '2025-12-30 13:39:21', '2025-12-30 13:39:21'), (3, 'Coinglass', 'data', '专业的加密货币衍生品数据平台，提供合约数据、资金费率、清算数据等', 'https://www.coinglass.com', NULL, '# Coinglass使用指南\r\n\r\n## 一、核心功能\r\n\r\n### 1.1 资金费率\r\n\r\n**查看方法**：\r\n1. 首页即可看到主流币种费率\r\n2. 点击币种查看历史费率\r\n3. 支持多交易所对比\r\n\r\n**解读**：\r\n- 正费率：多头付给空头，多头过热\r\n- 负费率：空头付给多头，空头过热\r\n- 极端值（>0.1%或<-0.1%）需警惕\r\n\r\n### 1.2 持仓量（Open Interest）\r\n\r\n**意义**：\r\n- 持仓量上升+价格上涨：趋势健康\r\n- 持仓量上升+价格下跌：空头增加\r\n- 持仓量下降：平仓离场\r\n\r\n### 1.3 清算数据\r\n\r\n**查看内容**：\r\n- 24小时清算金额\r\n- 多空清算比例\r\n- 大额清算记录\r\n\r\n**应用**：\r\n- 大量清算后可能反转\r\n- 清算集中区是支撑阻力\r\n\r\n## 二、数据分析\r\n\r\n### 2.1 多空比\r\n\r\n**类型**：\r\n- 大户多空比\r\n- 散户多空比\r\n- 持仓多空比\r\n\r\n**解读**：\r\n- 极端值可能预示反转\r\n- 大户和散户方向相反时关注\r\n\r\n### 2.2 交易所流入流出\r\n\r\n**意义**：\r\n- 流入增加：可能卖出\r\n- 流出增加：可能持有\r\n\r\n## 三、实用技巧\r\n\r\n### 3.1 设置警报\r\n\r\n1. 注册账号\r\n2. 设置费率警报\r\n3. 设置清算警报\r\n\r\n### 3.2 数据导出\r\n\r\nPro版支持数据导出，可用于自己分析。', '[\"资金费率\",\"持仓量\",\"清算数据\",\"多空比\",\"大单追踪\"]', '数据全面、更新及时、免费使用', '部分高级功能需付费', '基础免费，Pro版$29/月', 1, 3, 1, NULL, '2025-12-30 13:39:21', '2025-12-30 13:39:21'), (4, 'Glassnode', 'data', '专业的链上数据分析平台，提供深度的区块链数据和指标', 'https://glassnode.com', NULL, '# Glassnode使用指南\r\n\r\n## 一、核心指标\r\n\r\n### 1.1 MVRV\r\n\r\n**定义**：市值/已实现市值\r\n\r\n**解读**：\r\n- MVRV > 3.5：严重高估\r\n- MVRV 1-2.5：正常区间\r\n- MVRV < 1：低估\r\n\r\n### 1.2 SOPR\r\n\r\n**定义**：花费产出利润率\r\n\r\n**解读**：\r\n- SOPR > 1：整体盈利\r\n- SOPR < 1：整体亏损\r\n- SOPR = 1：盈亏平衡\r\n\r\n### 1.3 交易所流量\r\n\r\n**关注点**：\r\n- 净流入/流出\r\n- 大额转账\r\n- 交易所余额变化\r\n\r\n## 二、使用方法\r\n\r\n### 2.1 Studio界面\r\n\r\n1. 选择指标\r\n2. 选择时间范围\r\n3. 添加价格对比\r\n4. 保存图表\r\n\r\n### 2.2 常用组合\r\n\r\n- MVRV + 价格\r\n- 交易所流量 + 价格\r\n- 活跃地址 + 价格\r\n\r\n## 三、免费资源\r\n\r\n### 3.1 Glassnode Insights\r\n\r\n每周免费报告，包含市场分析。\r\n\r\n### 3.2 Twitter更新\r\n\r\n关注@glaboratorynode获取免费分析。', '[\"链上指标\",\"MVRV\",\"SOPR\",\"交易所流量\",\"巨鲸追踪\"]', '数据专业、指标丰富、分析深度', '价格较高、学习曲线陡', '免费版有限，Advanced $39/月', 3, 4, 1, NULL, '2025-12-30 13:39:21', '2025-12-30 13:39:21'), (5, 'Fear & Greed Index', 'sentiment', '加密货币市场情绪指标，综合多个因素衡量市场恐惧和贪婪程度', 'https://alternative.me/crypto/fear-and-greed-index/', NULL, '# 恐惧贪婪指数使用指南\r\n\r\n## 一、指数解读\r\n\r\n### 1.1 区间含义\r\n\r\n| 区间 | 情绪 | 操作建议 |\r\n|-----|------|---------|\r\n| 0-25 | 极度恐惧 | 考虑买入 |\r\n| 25-45 | 恐惧 | 观望/小仓买 |\r\n| 45-55 | 中性 | 观望 |\r\n| 55-75 | 贪婪 | 观望/小仓卖 |\r\n| 75-100 | 极度贪婪 | 考虑卖出 |\r\n\r\n### 1.2 计算因素\r\n\r\n- 波动率（25%）\r\n- 市场动量（25%）\r\n- 社交媒体（15%）\r\n- 调查（15%）\r\n- 比特币主导地位（10%）\r\n- 谷歌趋势（10%）\r\n\r\n## 二、使用方法\r\n\r\n### 2.1 逆向操作\r\n\r\n- 极度恐惧时买入\r\n- 极度贪婪时卖出\r\n- 巴菲特名言的应用\r\n\r\n### 2.2 结合其他指标\r\n\r\n不要单独使用，结合：\r\n- 技术分析\r\n- 链上数据\r\n- 基本面分析\r\n\r\n## 三、历史参考\r\n\r\n### 3.1 历史极值\r\n\r\n| 时间 | 指数 | 后续走势 |\r\n|-----|------|---------|\r\n| 2020.03 | 10 | 大涨 |\r\n| 2021.02 | 95 | 回调 |\r\n| 2022.06 | 6 | 底部区域 |\r\n\r\n### 3.2 使用建议\r\n\r\n- 极端值才有参考意义\r\n- 不要预测精确顶底\r\n- 作为辅助决策工具', '[\"情绪指数\",\"历史数据\",\"多因素综合\"]', '简单直观、免费使用、历史参考', '单一指标、不能精确预测', '完全免费', 1, 5, 1, NULL, '2025-12-30 13:39:21', '2025-12-30 13:39:21'), (6, '交易日志Excel模板', 'record', '用于记录和分析交易的Excel模板，帮助复盘和改进交易', 'https://docs.google.com', NULL, '# 交易日志模板使用指南\r\n\r\n## 一、模板结构\r\n\r\n### 1.1 交易记录表\r\n\r\n| 列名 | 说明 |\r\n|-----|------|\r\n| 日期 | 交易日期 |\r\n| 品种 | BTC/ETH等 |\r\n| 方向 | 多/空 |\r\n| 入场价 | 开仓价格 |\r\n| 止损价 | 止损位置 |\r\n| 止盈价 | 目标价格 |\r\n| 出场价 | 实际出场 |\r\n| 仓位 | 开仓金额 |\r\n| 盈亏 | 盈亏金额 |\r\n| 盈亏% | 盈亏比例 |\r\n| 入场理由 | 为什么入场 |\r\n| 出场理由 | 为什么出场 |\r\n| 情绪评分 | 1-10分 |\r\n| 备注 | 其他记录 |\r\n\r\n### 1.2 统计分析表\r\n\r\n自动计算：\r\n- 总交易次数\r\n- 盈利/亏损次数\r\n- 胜率\r\n- 平均盈利/亏损\r\n- 盈亏比\r\n- 总收益\r\n- 最大回撤\r\n\r\n### 1.3 资金曲线\r\n\r\n图表显示：\r\n- 账户余额变化\r\n- 每日/周/月收益\r\n- 回撤情况\r\n\r\n## 二、使用方法\r\n\r\n### 2.1 每笔交易记录\r\n\r\n1. 入场时记录基本信息\r\n2. 出场时补充结果\r\n3. 记录入场出场理由\r\n4. 评估情绪状态\r\n\r\n### 2.2 定期复盘\r\n\r\n**每日**：\r\n- 检查当日交易\r\n- 记录市场观察\r\n\r\n**每周**：\r\n- 统计周度数据\r\n- 分析盈亏原因\r\n- 调整下周计划\r\n\r\n**每月**：\r\n- 全面数据分析\r\n- 识别交易模式\r\n- 优化交易系统\r\n\r\n## 三、分析技巧\r\n\r\n### 3.1 发现问题\r\n\r\n通过数据发现：\r\n- 哪类交易胜率高\r\n- 哪个时段表现好\r\n- 情绪对交易的影响\r\n\r\n### 3.2 持续改进\r\n\r\n1. 记录发现的问题\r\n2. 制定改进措施\r\n3. 跟踪改进效果\r\n4. 迭代优化\r\n\r\n## 四、模板下载\r\n\r\n可以使用Google Sheets或Excel创建，也可以使用专业的交易日志软件如Edgewonk。', '[\"交易记录\",\"统计分析\",\"资金曲线\",\"情绪记录\"]', '免费使用、可自定义、数据私密', '需要手动记录、分析功能有限', '免费', 1, 6, 1, NULL, '2025-12-30 13:39:21', '2025-12-30 13:39:21');
COMMIT;

-- ----------------------------
-- Table structure for learn_topic
-- ----------------------------
DROP TABLE IF EXISTS `learn_topic`;
CREATE TABLE `learn_topic`  (
  `id` bigint(20) NOT NULL AUTO_INCREMENT COMMENT '专题ID',
  `title` varchar(200) CHARACTER SET utf8mb4 COLLATE utf8mb4_general_ci NOT NULL COMMENT '专题标题',
  `subtitle` varchar(200) CHARACTER SET utf8mb4 COLLATE utf8mb4_general_ci NULL DEFAULT NULL COMMENT '副标题',
  `description` varchar(500) CHARACTER SET utf8mb4 COLLATE utf8mb4_general_ci NULL DEFAULT NULL COMMENT '专题描述',
  `cover_image` varchar(500) CHARACTER SET utf8mb4 COLLATE utf8mb4_general_ci NULL DEFAULT NULL COMMENT '封面图片',
  `content` longtext CHARACTER SET utf8mb4 COLLATE utf8mb4_general_ci NULL COMMENT '专题内容(Markdown)',
  `topic_type` varchar(50) CHARACTER SET utf8mb4 COLLATE utf8mb4_general_ci NULL DEFAULT NULL COMMENT '专题类型：supplement补充/advanced进阶/special专题',
  `related_week` int(11) NULL DEFAULT NULL COMMENT '关联周数(可选)',
  `difficulty` tinyint(4) NULL DEFAULT 2 COMMENT '难度：1入门 2进阶 3高级',
  `estimated_time` int(11) NULL DEFAULT NULL COMMENT '预计学习时间(分钟)',
  `sort_order` int(11) NULL DEFAULT 0 COMMENT '排序',
  `status` tinyint(4) NULL DEFAULT 1 COMMENT '状态：0草稿 1发布',
  `create_by` bigint(20) NULL DEFAULT NULL COMMENT '创建人',
  `create_time` datetime NULL DEFAULT CURRENT_TIMESTAMP COMMENT '创建时间',
  `update_time` datetime NULL DEFAULT CURRENT_TIMESTAMP ON UPDATE CURRENT_TIMESTAMP COMMENT '更新时间',
  PRIMARY KEY (`id`) USING BTREE,
  INDEX `idx_topic_type`(`topic_type`) USING BTREE,
  INDEX `idx_related_week`(`related_week`) USING BTREE
) ENGINE = InnoDB AUTO_INCREMENT = 6 CHARACTER SET = utf8mb4 COLLATE = utf8mb4_general_ci COMMENT = '专题内容表';

-- ----------------------------
-- Records of learn_topic
-- ----------------------------
BEGIN;
INSERT INTO `learn_topic` (`id`, `title`, `subtitle`, `description`, `cover_image`, `content`, `topic_type`, `related_week`, `difficulty`, `estimated_time`, `sort_order`, `status`, `create_by`, `create_time`, `update_time`) VALUES (1, '订单流分析入门', '市场微观结构与买卖盘分析', '深入理解市场微观结构，学习订单流分析方法，提升入场时机把握能力', NULL, '# 订单流分析入门\r\n\r\n## 一、什么是订单流\r\n\r\n### 1.1 市场微观结构\r\n\r\n市场价格的形成是买卖双方博弈的结果。订单流分析就是研究这个博弈过程，理解价格变动背后的真实供需关系。\r\n\r\n**价格形成过程**：\r\n1. 买方挂出买单（Bid）\r\n2. 卖方挂出卖单（Ask）\r\n3. 当买卖价格匹配时成交\r\n4. 成交推动价格变动\r\n\r\n### 1.2 订单类型\r\n\r\n| 订单类型 | 特点 | 对价格影响 |\r\n|---------|------|-----------|\r\n| 限价单 | 挂单等待成交 | 提供流动性 |\r\n| 市价单 | 立即成交 | 消耗流动性，推动价格 |\r\n\r\n**关键概念**：\r\n- **吃单（Taker）**：主动成交，消耗流动性\r\n- **挂单（Maker）**：被动成交，提供流动性\r\n\r\n## 二、订单簿解读\r\n\r\n### 2.1 订单簿结构\r\n\r\n```\r\n卖单（Ask）\r\n70,100 | 50 BTC  ← 卖方挂单\r\n70,050 | 30 BTC\r\n70,000 | 100 BTC ← 最佳卖价\r\n-----------------\r\n69,950 | 80 BTC  ← 最佳买价\r\n69,900 | 45 BTC\r\n69,850 | 60 BTC\r\n买单（Bid）\r\n```\r\n\r\n### 2.2 深度图分析\r\n\r\n深度图显示不同价位的挂单量：\r\n- **买方墙**：大量买单堆积，可能形成支撑\r\n- **卖方墙**：大量卖单堆积，可能形成阻力\r\n- **薄弱区**：挂单稀少，价格容易快速穿越\r\n\r\n### 2.3 买卖价差（Spread）\r\n\r\n```\r\n价差 = 最佳卖价 - 最佳买价\r\n```\r\n\r\n- 价差小：流动性好\r\n- 价差大：流动性差，交易成本高\r\n\r\n## 三、关键订单流指标\r\n\r\n### 3.1 CVD（累积成交量差）\r\n\r\n**计算方式**：\r\n```\r\nCVD = Σ(买方吃单量 - 卖方吃单量)\r\n```\r\n\r\n**解读**：\r\n- CVD上升：买方主动性强\r\n- CVD下降：卖方主动性强\r\n- CVD与价格背离：可能反转\r\n\r\n### 3.2 Delta\r\n\r\n**定义**：单根K线内的买卖成交量差\r\n\r\n```\r\nDelta = 买方成交量 - 卖方成交量\r\n```\r\n\r\n**应用**：\r\n- 阳线+正Delta：健康上涨\r\n- 阳线+负Delta：上涨乏力\r\n- 阴线+正Delta：下跌乏力\r\n- 阴线+负Delta：健康下跌\r\n\r\n### 3.3 大单追踪\r\n\r\n监控大额订单的方向：\r\n- 大买单：机构可能在建仓\r\n- 大卖单：机构可能在出货\r\n- 大单与价格方向一致：趋势可能延续\r\n\r\n## 四、订单流交易应用\r\n\r\n### 4.1 识别支撑阻力强度\r\n\r\n**强支撑特征**：\r\n1. 大量买单堆积\r\n2. 价格触及时Delta转正\r\n3. CVD开始上升\r\n\r\n**强阻力特征**：\r\n1. 大量卖单堆积\r\n2. 价格触及时Delta转负\r\n3. CVD开始下降\r\n\r\n### 4.2 发现大户动向\r\n\r\n**大户买入信号**：\r\n- 连续大买单成交\r\n- CVD持续上升\r\n- 价格回调时买单增加\r\n\r\n**大户卖出信号**：\r\n- 连续大卖单成交\r\n- CVD持续下降\r\n- 价格反弹时卖单增加\r\n\r\n### 4.3 优化入场时机\r\n\r\n**最佳买入时机**：\r\n1. 价格触及支撑\r\n2. 出现大买单吸收卖压\r\n3. Delta转正\r\n4. CVD开始回升\r\n\r\n**最佳卖出时机**：\r\n1. 价格触及阻力\r\n2. 出现大卖单压制买盘\r\n3. Delta转负\r\n4. CVD开始下降\r\n\r\n## 五、订单流工具推荐\r\n\r\n### 5.1 免费工具\r\n\r\n| 工具 | 功能 | 链接 |\r\n|-----|------|------|\r\n| TradingView | 基础订单流 | tradingview.com |\r\n| Coinglass | 大单监控 | coinglass.com |\r\n| Aggr.trade | 实时成交 | aggr.trade |\r\n\r\n### 5.2 专业工具\r\n\r\n| 工具 | 功能 | 价格 |\r\n|-----|------|------|\r\n| Bookmap | 热力图 | $49/月 |\r\n| Exocharts | 订单流图表 | $39/月 |\r\n| Tensorcharts | 综合分析 | $29/月 |\r\n\r\n## 六、注意事项\r\n\r\n### 6.1 局限性\r\n\r\n1. **数据延迟**：订单流数据有一定延迟\r\n2. **假单干扰**：存在挂单后撤单的情况\r\n3. **学习曲线**：需要大量练习才能熟练\r\n\r\n### 6.2 使用建议\r\n\r\n1. 作为辅助工具，不要单独使用\r\n2. 结合技术分析和基本面\r\n3. 从简单指标开始学习\r\n4. 在模拟盘练习后再实盘应用\r\n\r\n> 订单流分析是进阶技能，可以帮助理解市场微观结构，但需要时间学习和实践。', 'supplement', 19, 3, 90, 1, 1, NULL, '2025-12-30 13:39:33', '2025-12-30 13:39:33'), (2, '加密货币期权入门', '期权基础概念与简单策略', '了解加密货币期权的基本概念、Greeks指标和简单交易策略', NULL, '# 加密货币期权入门\r\n\r\n## 一、期权基础概念\r\n\r\n### 1.1 什么是期权\r\n\r\n期权是一种金融衍生品，赋予持有者在特定时间以特定价格买入或卖出标的资产的权利（而非义务）。\r\n\r\n**核心要素**：\r\n- **标的资产**：BTC、ETH等\r\n- **行权价**：约定的买卖价格\r\n- **到期日**：期权有效期限\r\n- **权利金**：购买期权的成本\r\n\r\n### 1.2 期权类型\r\n\r\n| 类型 | 权利 | 适用场景 |\r\n|-----|------|---------|\r\n| 看涨期权（Call） | 买入标的的权利 | 看涨时买入 |\r\n| 看跌期权（Put） | 卖出标的的权利 | 看跌时买入 |\r\n\r\n### 1.3 期权状态\r\n\r\n| 状态 | 定义 | 示例（BTC=70000） |\r\n|-----|------|------------------|\r\n| 实值（ITM） | 有内在价值 | Call 65000 |\r\n| 平值（ATM） | 行权价≈现价 | Call 70000 |\r\n| 虚值（OTM） | 无内在价值 | Call 75000 |\r\n\r\n## 二、期权Greeks\r\n\r\nGreeks是衡量期权价格敏感度的指标。\r\n\r\n### 2.1 Delta（Δ）\r\n\r\n**定义**：标的价格变动1单位，期权价格变动量\r\n\r\n| 期权类型 | Delta范围 | 含义 |\r\n|---------|----------|------|\r\n| Call | 0 到 1 | 正相关 |\r\n| Put | -1 到 0 | 负相关 |\r\n\r\n**应用**：\r\n- Delta 0.5 = 50%概率到期实值\r\n- 可用于对冲计算\r\n\r\n### 2.2 Gamma（Γ）\r\n\r\n**定义**：标的价格变动1单位，Delta变动量\r\n\r\n**特点**：\r\n- ATM期权Gamma最大\r\n- 临近到期Gamma增加\r\n- 影响Delta对冲频率\r\n\r\n### 2.3 Theta（Θ）\r\n\r\n**定义**：时间流逝1天，期权价值损失\r\n\r\n**特点**：\r\n- 期权买方承受时间损耗\r\n- ATM期权Theta最大\r\n- 临近到期Theta加速\r\n\r\n### 2.4 Vega（ν）\r\n\r\n**定义**：波动率变动1%，期权价格变动量\r\n\r\n**应用**：\r\n- 预期波动率上升：买入期权\r\n- 预期波动率下降：卖出期权\r\n\r\n## 三、简单期权策略\r\n\r\n### 3.1 买入看涨期权（Long Call）\r\n\r\n**适用场景**：看涨市场\r\n\r\n**盈亏分析**：\r\n- 最大亏损：权利金\r\n- 最大盈利：无限\r\n- 盈亏平衡：行权价 + 权利金\r\n\r\n**示例**：\r\n```\r\n买入 BTC Call\r\n行权价：70000\r\n权利金：2000\r\n盈亏平衡：72000\r\n```\r\n\r\n### 3.2 买入看跌期权（Long Put）\r\n\r\n**适用场景**：看跌市场\r\n\r\n**盈亏分析**：\r\n- 最大亏损：权利金\r\n- 最大盈利：行权价 - 权利金\r\n- 盈亏平衡：行权价 - 权利金\r\n\r\n### 3.3 保护性看跌（Protective Put）\r\n\r\n**适用场景**：持有现货，担心下跌\r\n\r\n**操作**：\r\n- 持有BTC现货\r\n- 买入BTC Put期权\r\n\r\n**效果**：\r\n- 限制下跌损失\r\n- 保留上涨收益\r\n- 成本：权利金\r\n\r\n## 四、期权交易平台\r\n\r\n### 4.1 主流平台对比\r\n\r\n| 平台 | 特点 | 适合人群 |\r\n|-----|------|---------|\r\n| Deribit | 流动性最好 | 专业交易者 |\r\n| OKX | 中文支持 | 国内用户 |\r\n| Binance | 简单易用 | 新手 |\r\n| Bybit | 费用较低 | 成本敏感 |\r\n\r\n### 4.2 选择建议\r\n\r\n**新手**：从Binance或OKX开始\r\n**进阶**：转向Deribit获得更好流动性\r\n\r\n## 五、期权交易注意事项\r\n\r\n### 5.1 风险提示\r\n\r\n1. **时间损耗**：期权会随时间贬值\r\n2. **波动率风险**：IV下降会导致亏损\r\n3. **流动性风险**：部分期权流动性差\r\n4. **复杂性**：需要理解Greeks\r\n\r\n### 5.2 新手建议\r\n\r\n1. 从小仓位开始\r\n2. 只买入期权，不卖出\r\n3. 选择流动性好的期权\r\n4. 理解Greeks后再交易\r\n5. 设置好止损\r\n\r\n> 期权是强大的工具，但也很复杂。建议先在模拟盘充分练习，理解各种Greeks的影响后再实盘交易。', 'advanced', NULL, 3, 120, 2, 1, NULL, '2025-12-30 13:39:33', '2025-12-30 13:39:33'), (3, 'DeFi交易风险管理', 'DEX交易与智能合约风险', '了解DeFi交易的特点、风险和安全实践', NULL, '# DeFi交易风险管理\r\n\r\n## 一、DEX交易基础\r\n\r\n### 1.1 CEX vs DEX\r\n\r\n| 特点 | CEX（中心化） | DEX（去中心化） |\r\n|-----|--------------|----------------|\r\n| 托管 | 交易所托管 | 自己保管 |\r\n| KYC | 需要 | 不需要 |\r\n| 流动性 | 高 | 相对较低 |\r\n| 安全性 | 依赖交易所 | 依赖智能合约 |\r\n\r\n### 1.2 AMM原理\r\n\r\n**自动做市商（AMM）**：\r\n- 使用流动性池而非订单簿\r\n- 价格由算法决定\r\n- 常见公式：x * y = k\r\n\r\n**主流DEX**：\r\n- Uniswap（以太坊）\r\n- PancakeSwap（BSC）\r\n- Raydium（Solana）\r\n\r\n### 1.3 滑点与价格影响\r\n\r\n**滑点**：预期价格与实际成交价的差异\r\n\r\n**影响因素**：\r\n1. 交易规模\r\n2. 流动性深度\r\n3. 市场波动\r\n\r\n**控制方法**：\r\n- 设置滑点容忍度\r\n- 分批交易\r\n- 选择流动性好的池子\r\n\r\n## 二、流动性提供风险\r\n\r\n### 2.1 无常损失详解\r\n\r\n**定义**：提供流动性相比单纯持有的损失\r\n\r\n**计算公式**：\r\n```\r\n无常损失 = 2 * √(价格比) / (1 + 价格比) - 1\r\n```\r\n\r\n**示例**：\r\n| 价格变化 | 无常损失 |\r\n|---------|---------|\r\n| 1.25x | -0.6% |\r\n| 1.5x | -2.0% |\r\n| 2x | -5.7% |\r\n| 3x | -13.4% |\r\n| 5x | -25.5% |\r\n\r\n### 2.2 何时提供流动性\r\n\r\n**适合情况**：\r\n1. 预期价格稳定\r\n2. 交易费收入 > 无常损失\r\n3. 长期持有两种代币\r\n\r\n**不适合情况**：\r\n1. 预期大幅波动\r\n2. 只看好其中一种代币\r\n3. 短期操作\r\n\r\n## 三、智能合约风险\r\n\r\n### 3.1 常见漏洞类型\r\n\r\n| 漏洞类型 | 描述 | 案例 |\r\n|---------|------|------|\r\n| 重入攻击 | 递归调用漏洞 | DAO事件 |\r\n| 闪电贷攻击 | 利用闪电贷操纵 | 多个DeFi协议 |\r\n| 预言机操纵 | 价格数据被操纵 | Harvest Finance |\r\n| 权限漏洞 | 管理员权限滥用 | 多个Rug Pull |\r\n\r\n### 3.2 如何评估项目安全性\r\n\r\n**检查清单**：\r\n- [ ] 是否经过审计\r\n- [ ] 审计机构是否知名\r\n- [ ] 代码是否开源\r\n- [ ] 团队是否公开\r\n- [ ] TVL和运行时间\r\n- [ ] 社区活跃度\r\n\r\n### 3.3 审计报告解读\r\n\r\n**关注点**：\r\n1. 严重/高危问题是否修复\r\n2. 中等问题的处理\r\n3. 审计范围是否完整\r\n4. 审计时间是否最新\r\n\r\n## 四、DeFi安全实践\r\n\r\n### 4.1 钱包安全\r\n\r\n**基本原则**：\r\n1. 使用硬件钱包存储大额资产\r\n2. 热钱包只放交易所需资金\r\n3. 备份助记词，离线保存\r\n4. 不要在任何网站输入助记词\r\n\r\n### 4.2 授权管理\r\n\r\n**风险**：无限授权可能被恶意合约利用\r\n\r\n**最佳实践**：\r\n1. 只授权必要金额\r\n2. 定期检查和撤销授权\r\n3. 使用Revoke.cash等工具管理\r\n\r\n### 4.3 分散风险\r\n\r\n**资金分配建议**：\r\n- 单个协议不超过总资金20%\r\n- 单条链不超过总资金40%\r\n- 保留部分稳定币\r\n\r\n## 五、DeFi交易建议\r\n\r\n### 5.1 新手建议\r\n\r\n1. 从主流协议开始（Uniswap、Aave）\r\n2. 小资金试水\r\n3. 理解Gas费用\r\n4. 学会查看合约\r\n\r\n### 5.2 进阶建议\r\n\r\n1. 关注审计报告\r\n2. 了解协议机制\r\n3. 监控链上数据\r\n4. 参与社区讨论\r\n\r\n> DeFi提供了更多自由，但也带来更多责任。安全第一，DYOR（Do Your Own Research）。', 'advanced', NULL, 2, 60, 3, 1, NULL, '2025-12-30 13:39:33', '2025-12-30 13:39:33'), (4, '量化交易入门', 'Pine Script基础与简单策略', '学习量化交易基础概念，掌握Pine Script编写简单策略', NULL, '# 量化交易入门\r\n\r\n## 一、什么是量化交易\r\n\r\n### 1.1 定义\r\n\r\n量化交易是使用数学模型和计算机程序来执行交易决策的方法。\r\n\r\n### 1.2 量化 vs 主观交易\r\n\r\n| 方面 | 量化交易 | 主观交易 |\r\n|-----|---------|---------|\r\n| 决策 | 程序自动 | 人工判断 |\r\n| 情绪 | 无情绪 | 受情绪影响 |\r\n| 执行 | 快速精确 | 可能延迟 |\r\n| 回测 | 可量化验证 | 难以验证 |\r\n| 适应性 | 需要调整 | 灵活应变 |\r\n\r\n### 1.3 量化交易优势\r\n\r\n1. **消除情绪**：严格按规则执行\r\n2. **可回测**：历史数据验证\r\n3. **高效率**：24小时自动运行\r\n4. **一致性**：每次执行相同\r\n\r\n### 1.4 适合人群\r\n\r\n- 有编程基础\r\n- 喜欢数据分析\r\n- 追求系统化交易\r\n- 有耐心调试优化\r\n\r\n## 二、Pine Script基础\r\n\r\n### 2.1 什么是Pine Script\r\n\r\nPine Script是TradingView平台的脚本语言，用于创建自定义指标和策略。\r\n\r\n**优点**：\r\n- 简单易学\r\n- 无需安装环境\r\n- 可视化回测\r\n- 社区资源丰富\r\n\r\n### 2.2 基本语法\r\n\r\n```pine\r\n//@version=5\r\nindicator(\"我的指标\", overlay=true)\r\n\r\n// 变量定义\r\nlength = input.int(14, \"周期\")\r\nsrc = close\r\n\r\n// 计算\r\nsma_value = ta.sma(src, length)\r\n\r\n// 绘图\r\nplot(sma_value, color=color.blue, linewidth=2)\r\n```\r\n\r\n### 2.3 常用函数\r\n\r\n**数据获取**：\r\n```pine\r\nopen    // 开盘价\r\nhigh    // 最高价\r\nlow     // 最低价\r\nclose   // 收盘价\r\nvolume  // 成交量\r\n```\r\n\r\n**技术指标**：\r\n```pine\r\nta.sma(src, length)     // 简单移动平均\r\nta.ema(src, length)     // 指数移动平均\r\nta.rsi(src, length)     // RSI\r\nta.macd(src, fast, slow, signal)  // MACD\r\n```\r\n\r\n**条件判断**：\r\n```pine\r\nta.crossover(a, b)   // a上穿b\r\nta.crossunder(a, b)  // a下穿b\r\n```\r\n\r\n## 三、编写简单策略\r\n\r\n### 3.1 均线交叉策略\r\n\r\n```pine\r\n//@version=5\r\nstrategy(\"均线交叉策略\", overlay=true)\r\n\r\n// 参数\r\nfast_length = input.int(10, \"快线周期\")\r\nslow_length = input.int(20, \"慢线周期\")\r\n\r\n// 计算均线\r\nfast_ma = ta.ema(close, fast_length)\r\nslow_ma = ta.ema(close, slow_length)\r\n\r\n// 交易信号\r\nlong_signal = ta.crossover(fast_ma, slow_ma)\r\nshort_signal = ta.crossunder(fast_ma, slow_ma)\r\n\r\n// 执行交易\r\nif long_signal\r\n    strategy.entry(\"Long\", strategy.long)\r\nif short_signal\r\n    strategy.close(\"Long\")\r\n\r\n// 绘图\r\nplot(fast_ma, color=color.blue)\r\nplot(slow_ma, color=color.red)\r\n```\r\n\r\n### 3.2 RSI超买超卖策略\r\n\r\n```pine\r\n//@version=5\r\nstrategy(\"RSI策略\", overlay=false)\r\n\r\n// 参数\r\nrsi_length = input.int(14, \"RSI周期\")\r\noverbought = input.int(70, \"超买线\")\r\noversold = input.int(30, \"超卖线\")\r\n\r\n// 计算RSI\r\nrsi = ta.rsi(close, rsi_length)\r\n\r\n// 交易信号\r\nlong_signal = ta.crossover(rsi, oversold)\r\nshort_signal = ta.crossunder(rsi, overbought)\r\n\r\n// 执行交易\r\nif long_signal\r\n    strategy.entry(\"Long\", strategy.long)\r\nif short_signal\r\n    strategy.close(\"Long\")\r\n\r\n// 绘图\r\nplot(rsi)\r\nhline(overbought, color=color.red)\r\nhline(oversold, color=color.green)\r\n```\r\n\r\n## 四、回测与优化\r\n\r\n### 4.1 回测设置\r\n\r\n```pine\r\nstrategy(\"策略名称\", \r\n    overlay=true,\r\n    initial_capital=10000,      // 初始资金\r\n    default_qty_type=strategy.percent_of_equity,\r\n    default_qty_value=10,       // 每次10%仓位\r\n    commission_type=strategy.commission.percent,\r\n    commission_value=0.1)       // 0.1%手续费\r\n```\r\n\r\n### 4.2 回测指标解读\r\n\r\n| 指标 | 含义 | 理想值 |\r\n|-----|------|--------|\r\n| Net Profit | 净利润 | 正值 |\r\n| Win Rate | 胜率 | >50% |\r\n| Profit Factor | 盈亏比 | >1.5 |\r\n| Max Drawdown | 最大回撤 | <20% |\r\n| Sharpe Ratio | 夏普比率 | >1 |\r\n\r\n### 4.3 避免过度优化\r\n\r\n**过度优化的危害**：\r\n1. 只适合历史数据\r\n2. 实盘表现差\r\n3. 参数过于精确\r\n\r\n**正确做法**：\r\n1. 使用整数参数\r\n2. 样本外测试\r\n3. 保持策略简单\r\n4. 关注稳健性\r\n\r\n## 五、进阶方向\r\n\r\n### 5.1 Python量化\r\n\r\n**优势**：\r\n- 更强大的数据处理\r\n- 丰富的库支持\r\n- 可连接交易所API\r\n\r\n**常用库**：\r\n- pandas：数据处理\r\n- numpy：数值计算\r\n- ccxt：交易所接口\r\n- backtrader：回测框架\r\n\r\n### 5.2 API交易\r\n\r\n**流程**：\r\n1. 获取交易所API密钥\r\n2. 编写交易程序\r\n3. 部署到服务器\r\n4. 监控运行状态\r\n\r\n### 5.3 机器学习应用\r\n\r\n**应用场景**：\r\n- 价格预测\r\n- 模式识别\r\n- 情绪分析\r\n- 风险评估\r\n\r\n> 量化交易是一个深度领域，从Pine Script开始是很好的入门方式。随着经验积累，可以逐步学习Python和更高级的技术。', 'advanced', NULL, 3, 150, 4, 1, NULL, '2025-12-30 13:39:33', '2025-12-30 13:39:33'), (5, '加密货币税务与合规', '交易税务基础与记录管理', '了解加密货币交易的税务要求和合规实践', NULL, '# 加密货币税务与合规\r\n\r\n## 一、税务基础知识\r\n\r\n### 1.1 为什么要关注税务\r\n\r\n1. **法律要求**：大多数国家要求申报\r\n2. **避免处罚**：逃税可能面临罚款\r\n3. **长期规划**：合理税务规划可节省成本\r\n\r\n### 1.2 应税事件\r\n\r\n| 事件类型 | 是否应税 | 说明 |\r\n|---------|---------|------|\r\n| 买入加密货币 | 否 | 仅购买不产生税务 |\r\n| 卖出加密货币 | 是 | 产生资本利得/损失 |\r\n| 币币交易 | 是 | 视为卖出再买入 |\r\n| 收到空投 | 是 | 视为收入 |\r\n| 挖矿收入 | 是 | 视为收入 |\r\n| 转账 | 否 | 自己钱包间转账 |\r\n\r\n### 1.3 资本利得税\r\n\r\n**计算公式**：\r\n```\r\n资本利得 = 卖出价格 - 买入成本 - 交易费用\r\n```\r\n\r\n**税率类型**：\r\n- **短期**：持有<1年，按普通收入税率\r\n- **长期**：持有>1年，通常税率较低\r\n\r\n## 二、交易记录管理\r\n\r\n### 2.1 需要记录的信息\r\n\r\n每笔交易应记录：\r\n- 交易日期和时间\r\n- 交易类型（买/卖/交换）\r\n- 交易数量\r\n- 交易价格（法币计价）\r\n- 交易费用\r\n- 交易所/钱包地址\r\n\r\n### 2.2 成本基础计算方法\r\n\r\n| 方法 | 说明 | 适用情况 |\r\n|-----|------|---------|\r\n| FIFO | 先进先出 | 最常用 |\r\n| LIFO | 后进先出 | 部分国家允许 |\r\n| 特定识别 | 指定具体批次 | 需要详细记录 |\r\n| 平均成本 | 所有买入平均 | 简单但不精确 |\r\n\r\n### 2.3 记录工具推荐\r\n\r\n**免费工具**：\r\n- Excel/Google Sheets\r\n- CoinTracker（基础版）\r\n\r\n**付费工具**：\r\n- Koinly\r\n- CoinTracker Pro\r\n- TokenTax\r\n- CryptoTrader.Tax\r\n\r\n## 三、税务优化策略\r\n\r\n### 3.1 税损收割\r\n\r\n**定义**：卖出亏损资产以抵消盈利\r\n\r\n**操作方法**：\r\n1. 识别账面亏损的持仓\r\n2. 卖出实现亏损\r\n3. 用亏损抵消盈利\r\n4. 可选择回购（注意洗售规则）\r\n\r\n**注意**：部分国家有洗售规则限制\r\n\r\n### 3.2 长期持有\r\n\r\n**优势**：\r\n- 长期资本利得税率通常更低\r\n- 减少交易频率\r\n- 降低税务复杂度\r\n\r\n### 3.3 合理规划\r\n\r\n**建议**：\r\n1. 年底前评估税务状况\r\n2. 考虑分年度实现收益\r\n3. 利用免税额度\r\n4. 咨询专业税务顾问\r\n\r\n## 四、不同地区政策\r\n\r\n### 4.1 主要地区概览\r\n\r\n| 地区 | 税务态度 | 特点 |\r\n|-----|---------|------|\r\n| 美国 | 严格 | 需详细申报 |\r\n| 中国大陆 | 不明确 | 交易受限 |\r\n| 香港 | 友好 | 个人交易免税 |\r\n| 新加坡 | 友好 | 无资本利得税 |\r\n| 日本 | 严格 | 高税率 |\r\n\r\n### 4.2 注意事项\r\n\r\n1. 税法经常变化，需要关注最新政策\r\n2. 不同国家规定差异大\r\n3. 跨境交易更复杂\r\n4. 建议咨询当地专业人士\r\n\r\n## 五、合规要求\r\n\r\n### 5.1 KYC/AML\r\n\r\n**KYC（了解你的客户）**：\r\n- 身份验证\r\n- 地址验证\r\n- 资金来源说明\r\n\r\n**AML（反洗钱）**：\r\n- 交易监控\r\n- 可疑交易报告\r\n- 大额交易报告\r\n\r\n### 5.2 交易所合规性\r\n\r\n**选择合规交易所的重要性**：\r\n1. 资金更安全\r\n2. 法律保护\r\n3. 税务记录完整\r\n4. 出入金便利\r\n\r\n### 5.3 未来监管趋势\r\n\r\n**预期变化**：\r\n1. 监管趋严\r\n2. 报告要求增加\r\n3. 跨境信息交换\r\n4. DeFi监管加强\r\n\r\n## 六、实用建议\r\n\r\n### 6.1 日常习惯\r\n\r\n1. 每笔交易及时记录\r\n2. 保存所有交易凭证\r\n3. 定期导出交易记录\r\n4. 使用专业工具辅助\r\n\r\n### 6.2 年度工作\r\n\r\n1. 汇总全年交易\r\n2. 计算资本利得/损失\r\n3. 准备税务申报材料\r\n4. 按时申报纳税\r\n\r\n### 6.3 专业帮助\r\n\r\n**何时需要专业帮助**：\r\n- 交易量大\r\n- 涉及多个国家\r\n- 复杂交易类型\r\n- 不确定如何处理\r\n\r\n> 税务合规是长期交易的重要组成部分。建议从一开始就养成良好的记录习惯，必要时寻求专业帮助。', 'advanced', NULL, 2, 60, 5, 1, NULL, '2025-12-30 13:39:33', '2025-12-30 13:39:33');
COMMIT;

-- ----------------------------
-- Table structure for learn_wrong_question
-- ----------------------------
DROP TABLE IF EXISTS `learn_wrong_question`;
CREATE TABLE `learn_wrong_question`  (
  `id` bigint(20) NOT NULL AUTO_INCREMENT,
  `user_id` bigint(20) NOT NULL COMMENT '用户ID',
  `quiz_id` bigint(20) NOT NULL COMMENT '题目ID',
  `wrong_count` int(11) NULL DEFAULT 1 COMMENT '错误次数',
  `last_wrong_time` datetime NULL DEFAULT NULL COMMENT '最近错误时间',
  `is_mastered` tinyint(4) NULL DEFAULT 0 COMMENT '是否已掌握',
  `mastered_time` datetime NULL DEFAULT NULL COMMENT '掌握时间',
  `user_answer` text CHARACTER SET utf8mb4 COLLATE utf8mb4_general_ci NULL COMMENT '用户答案',
  `create_time` datetime NULL DEFAULT CURRENT_TIMESTAMP,
  `update_time` datetime NULL DEFAULT CURRENT_TIMESTAMP ON UPDATE CURRENT_TIMESTAMP,
  PRIMARY KEY (`id`) USING BTREE,
  UNIQUE INDEX `uk_user_quiz`(`user_id`, `quiz_id`) USING BTREE,
  INDEX `idx_user_id`(`user_id`) USING BTREE,
  INDEX `idx_quiz_id`(`quiz_id`) USING BTREE
) ENGINE = InnoDB AUTO_INCREMENT = 1 CHARACTER SET = utf8mb4 COLLATE = utf8mb4_general_ci COMMENT = '错题记录';

-- ----------------------------
-- Records of learn_wrong_question
-- ----------------------------
BEGIN;
COMMIT;

-- ----------------------------
-- Table structure for psychology_daily
-- ----------------------------
DROP TABLE IF EXISTS `psychology_daily`;
CREATE TABLE `psychology_daily`  (
  `id` bigint(20) NOT NULL AUTO_INCREMENT,
  `user_id` bigint(20) NOT NULL COMMENT '用户ID',
  `record_date` date NOT NULL COMMENT '记录日期',
  `mood_score` int(11) NOT NULL COMMENT '整体情绪1-10',
  `mood_tags` varchar(200) CHARACTER SET utf8mb4 COLLATE utf8mb4_bin NULL DEFAULT NULL COMMENT '情绪标签(JSON数组)',
  `sleep_quality` tinyint(4) NULL DEFAULT NULL COMMENT '睡眠质量: 1很差-5很好',
  `physical_state` tinyint(4) NULL DEFAULT NULL COMMENT '身体状态: 1疲惫 2一般 3精力充沛',
  `external_pressure` int(11) NULL DEFAULT NULL COMMENT '外部压力1-10',
  `traps` varchar(200) CHARACTER SET utf8mb4 COLLATE utf8mb4_bin NULL DEFAULT NULL COMMENT '触发的心理陷阱(JSON数组)',
  `daily_plan` text CHARACTER SET utf8mb4 COLLATE utf8mb4_bin NULL COMMENT '今日计划',
  `daily_reflection` text CHARACTER SET utf8mb4 COLLATE utf8mb4_bin NULL COMMENT '今日反思',
  `create_time` datetime NULL DEFAULT CURRENT_TIMESTAMP,
  `update_time` datetime NULL DEFAULT CURRENT_TIMESTAMP ON UPDATE CURRENT_TIMESTAMP,
  PRIMARY KEY (`id`) USING BTREE,
  UNIQUE INDEX `uk_user_date`(`user_id`, `record_date`) USING BTREE,
  INDEX `idx_user_id`(`user_id`) USING BTREE,
  INDEX `idx_record_date`(`record_date`) USING BTREE
) ENGINE = InnoDB AUTO_INCREMENT = 1 CHARACTER SET = utf8mb4 COLLATE = utf8mb4_bin COMMENT = '每日情绪记录表';

-- ----------------------------
-- Records of psychology_daily
-- ----------------------------
BEGIN;
COMMIT;

-- ----------------------------
-- Table structure for psychology_trade
-- ----------------------------
DROP TABLE IF EXISTS `psychology_trade`;
CREATE TABLE `psychology_trade`  (
  `id` bigint(20) NOT NULL AUTO_INCREMENT,
  `user_id` bigint(20) NOT NULL COMMENT '用户ID',
  `trade_log_id` bigint(20) NULL DEFAULT NULL COMMENT '关联交易记录ID',
  `record_date` date NOT NULL COMMENT '记录日期',
  `entry_mood` int(11) NULL DEFAULT NULL COMMENT '开仓情绪1-10',
  `holding_mood` int(11) NULL DEFAULT NULL COMMENT '持仓情绪1-10',
  `exit_mood` int(11) NULL DEFAULT NULL COMMENT '平仓情绪1-10',
  `traps` varchar(200) CHARACTER SET utf8mb4 COLLATE utf8mb4_bin NULL DEFAULT NULL COMMENT '触发的心理陷阱(JSON数组)',
  `description` text CHARACTER SET utf8mb4 COLLATE utf8mb4_bin NULL COMMENT '情绪描述',
  `create_time` datetime NULL DEFAULT CURRENT_TIMESTAMP,
  `update_time` datetime NULL DEFAULT CURRENT_TIMESTAMP ON UPDATE CURRENT_TIMESTAMP,
  PRIMARY KEY (`id`) USING BTREE,
  INDEX `idx_user_id`(`user_id`) USING BTREE,
  INDEX `idx_trade_log_id`(`trade_log_id`) USING BTREE,
  INDEX `idx_record_date`(`record_date`) USING BTREE
) ENGINE = InnoDB AUTO_INCREMENT = 1 CHARACTER SET = utf8mb4 COLLATE = utf8mb4_bin COMMENT = '交易情绪记录表';

-- ----------------------------
-- Records of psychology_trade
-- ----------------------------
BEGIN;
COMMIT;

-- ----------------------------
-- Table structure for sys_role
-- ----------------------------
DROP TABLE IF EXISTS `sys_role`;
CREATE TABLE `sys_role`  (
  `id` bigint(20) NOT NULL AUTO_INCREMENT COMMENT '角色ID',
  `role_name` varchar(50) CHARACTER SET utf8mb4 COLLATE utf8mb4_general_ci NOT NULL COMMENT '角色名称',
  `role_code` varchar(50) CHARACTER SET utf8mb4 COLLATE utf8mb4_general_ci NOT NULL COMMENT '角色编码',
  `description` varchar(255) CHARACTER SET utf8mb4 COLLATE utf8mb4_general_ci NULL DEFAULT NULL COMMENT '描述',
  `status` tinyint(4) NULL DEFAULT 1 COMMENT '状态：0禁用 1启用',
  `create_time` datetime NULL DEFAULT CURRENT_TIMESTAMP COMMENT '创建时间',
  PRIMARY KEY (`id`) USING BTREE,
  UNIQUE INDEX `role_code`(`role_code`) USING BTREE
) ENGINE = InnoDB AUTO_INCREMENT = 3 CHARACTER SET = utf8mb4 COLLATE = utf8mb4_general_ci COMMENT = '角色表';

-- ----------------------------
-- Records of sys_role
-- ----------------------------
BEGIN;
INSERT INTO `sys_role` (`id`, `role_name`, `role_code`, `description`, `status`, `create_time`) VALUES (1, '管理员', 'admin', '系统管理员', 1, '2025-12-14 23:45:49'), (2, '普通用户', 'user', '普通用户', 1, '2025-12-14 23:45:49');
COMMIT;

-- ----------------------------
-- Table structure for sys_user
-- ----------------------------
DROP TABLE IF EXISTS `sys_user`;
CREATE TABLE `sys_user`  (
  `id` bigint(20) NOT NULL AUTO_INCREMENT COMMENT '用户ID',
  `username` varchar(50) CHARACTER SET utf8mb4 COLLATE utf8mb4_general_ci NOT NULL COMMENT '用户名',
  `password` varchar(100) CHARACTER SET utf8mb4 COLLATE utf8mb4_general_ci NOT NULL COMMENT '密码',
  `nickname` varchar(50) CHARACTER SET utf8mb4 COLLATE utf8mb4_general_ci NULL DEFAULT NULL COMMENT '昵称',
  `avatar` varchar(255) CHARACTER SET utf8mb4 COLLATE utf8mb4_general_ci NULL DEFAULT NULL COMMENT '头像URL',
  `email` varchar(100) CHARACTER SET utf8mb4 COLLATE utf8mb4_general_ci NULL DEFAULT NULL COMMENT '邮箱',
  `phone` varchar(20) CHARACTER SET utf8mb4 COLLATE utf8mb4_general_ci NULL DEFAULT NULL COMMENT '手机号',
  `role_id` bigint(20) NOT NULL COMMENT '角色ID',
  `status` tinyint(4) NULL DEFAULT 1 COMMENT '状态：0禁用 1启用',
  `create_time` datetime NULL DEFAULT CURRENT_TIMESTAMP COMMENT '创建时间',
  `update_time` datetime NULL DEFAULT CURRENT_TIMESTAMP ON UPDATE CURRENT_TIMESTAMP COMMENT '更新时间',
  `last_login_time` datetime NULL DEFAULT NULL COMMENT '最后登录时间',
  PRIMARY KEY (`id`) USING BTREE,
  UNIQUE INDEX `username`(`username`) USING BTREE,
  INDEX `idx_username`(`username`) USING BTREE,
  INDEX `idx_role_id`(`role_id`) USING BTREE
) ENGINE = InnoDB AUTO_INCREMENT = 4 CHARACTER SET = utf8mb4 COLLATE = utf8mb4_general_ci COMMENT = '用户表';

-- ----------------------------
-- Records of sys_user
-- ----------------------------
BEGIN;
INSERT INTO `sys_user` (`id`, `username`, `password`, `nickname`, `avatar`, `email`, `phone`, `role_id`, `status`, `create_time`, `update_time`, `last_login_time`) VALUES (1, 'admin', '$2a$10$7JB720yubVSZvUI0rEqK/.VqGOZTH.ulu33dHOiBE8ByOhJIrdAu2', '管理员', NULL, NULL, NULL, 1, 1, '2025-12-14 23:45:50', '2025-12-26 20:18:26', '2025-12-26 20:18:26'), (2, 'subt', '$2a$10$k8Gh8KHYRGb9KmcaNAFaO.DRP4M5IZdse.qk7aJMM/xttF3SOUSH2', 'Subt', '密码:cssc2013', '328500921@qq.com', NULL, 2, 1, '2025-12-15 00:50:35', '2025-12-30 12:18:17', '2025-12-30 12:18:17'), (3, 'test', '$2a$10$k8Gh8KHYRGb9KmcaNAFaO.DRP4M5IZdse.qk7aJMM/xttF3SOUSH2', 'Subt', NULL, NULL, NULL, 2, 1, '2025-12-26 20:50:59', '2026-01-01 23:58:14', '2026-01-01 23:58:14');
COMMIT;

-- ----------------------------
-- Table structure for tool_checklist
-- ----------------------------
DROP TABLE IF EXISTS `tool_checklist`;
CREATE TABLE `tool_checklist`  (
  `id` bigint(20) NOT NULL AUTO_INCREMENT COMMENT 'ID',
  `name` varchar(100) CHARACTER SET utf8mb4 COLLATE utf8mb4_general_ci NOT NULL COMMENT '清单名称',
  `description` varchar(255) CHARACTER SET utf8mb4 COLLATE utf8mb4_general_ci NULL DEFAULT NULL COMMENT '描述',
  `items` text CHARACTER SET utf8mb4 COLLATE utf8mb4_general_ci NULL COMMENT '清单项JSON',
  `is_system` tinyint(4) NULL DEFAULT 0 COMMENT '是否系统预设',
  `create_by` bigint(20) NULL DEFAULT NULL COMMENT '创建人',
  `create_time` datetime NULL DEFAULT CURRENT_TIMESTAMP COMMENT '创建时间',
  PRIMARY KEY (`id`) USING BTREE
) ENGINE = InnoDB AUTO_INCREMENT = 2 CHARACTER SET = utf8mb4 COLLATE = utf8mb4_general_ci COMMENT = '检查清单模板表';

-- ----------------------------
-- Records of tool_checklist
-- ----------------------------
BEGIN;
INSERT INTO `tool_checklist` (`id`, `name`, `description`, `items`, `is_system`, `create_by`, `create_time`) VALUES (1, '交易前检查清单', '每次交易前必须检查的事项', '[{\"text\":\"是否符合交易计划？\",\"checked\":false},{\"text\":\"止损位是否设置？\",\"checked\":false},{\"text\":\"仓位是否合理（<5%）？\",\"checked\":false},{\"text\":\"情绪是否稳定？\",\"checked\":false},{\"text\":\"是否有重大消息面？\",\"checked\":false},{\"text\":\"技术面是否支持？\",\"checked\":false}]', 1, NULL, '2025-12-14 23:45:50');
COMMIT;

-- ----------------------------
-- Table structure for tool_daily_analysis
-- ----------------------------
DROP TABLE IF EXISTS `tool_daily_analysis`;
CREATE TABLE `tool_daily_analysis`  (
  `id` bigint(20) NOT NULL AUTO_INCREMENT COMMENT 'ID',
  `user_id` bigint(20) NOT NULL COMMENT '用户ID',
  `analysis_date` date NOT NULL COMMENT '分析日期',
  `macro_events` text CHARACTER SET utf8mb4 COLLATE utf8mb4_general_ci NULL COMMENT '今日重要事件',
  `fed_attitude` varchar(20) CHARACTER SET utf8mb4 COLLATE utf8mb4_general_ci NULL DEFAULT NULL COMMENT '美联储态度',
  `dxy_trend` varchar(20) CHARACTER SET utf8mb4 COLLATE utf8mb4_general_ci NULL DEFAULT NULL COMMENT 'DXY趋势',
  `stock_trend` varchar(20) CHARACTER SET utf8mb4 COLLATE utf8mb4_general_ci NULL DEFAULT NULL COMMENT '美股走势',
  `exchange_flow` varchar(20) CHARACTER SET utf8mb4 COLLATE utf8mb4_general_ci NULL DEFAULT NULL COMMENT '交易所流向',
  `whale_action` varchar(50) CHARACTER SET utf8mb4 COLLATE utf8mb4_general_ci NULL DEFAULT NULL COMMENT '巨鲸动向',
  `fear_greed_index` int(11) NULL DEFAULT NULL COMMENT '恐惧贪婪指数',
  `funding_rate` decimal(10, 4) NULL DEFAULT NULL COMMENT '资金费率',
  `long_short_ratio` decimal(10, 4) NULL DEFAULT NULL COMMENT '多空比',
  `btc_price` decimal(20, 8) NULL DEFAULT NULL COMMENT 'BTC价格',
  `weekly_trend` varchar(20) CHARACTER SET utf8mb4 COLLATE utf8mb4_general_ci NULL DEFAULT NULL COMMENT '周线趋势',
  `daily_trend` varchar(20) CHARACTER SET utf8mb4 COLLATE utf8mb4_general_ci NULL DEFAULT NULL COMMENT '日线趋势',
  `key_support` decimal(20, 8) NULL DEFAULT NULL COMMENT '关键支撑',
  `key_resistance` decimal(20, 8) NULL DEFAULT NULL COMMENT '关键阻力',
  `overall_score` int(11) NULL DEFAULT NULL COMMENT '综合评分',
  `market_view` varchar(50) CHARACTER SET utf8mb4 COLLATE utf8mb4_general_ci NULL DEFAULT NULL COMMENT '市场观点',
  `today_strategy` varchar(50) CHARACTER SET utf8mb4 COLLATE utf8mb4_general_ci NULL DEFAULT NULL COMMENT '今日策略',
  `notes` text CHARACTER SET utf8mb4 COLLATE utf8mb4_general_ci NULL COMMENT '备注',
  `create_time` datetime NULL DEFAULT CURRENT_TIMESTAMP COMMENT '创建时间',
  PRIMARY KEY (`id`) USING BTREE,
  UNIQUE INDEX `uk_user_date`(`user_id`, `analysis_date`) USING BTREE
) ENGINE = InnoDB AUTO_INCREMENT = 1 CHARACTER SET = utf8mb4 COLLATE = utf8mb4_general_ci COMMENT = '每日分析记录表';

-- ----------------------------
-- Records of tool_daily_analysis
-- ----------------------------
BEGIN;
COMMIT;

-- ----------------------------
-- Table structure for tool_link
-- ----------------------------
DROP TABLE IF EXISTS `tool_link`;
CREATE TABLE `tool_link`  (
  `id` bigint(20) NOT NULL AUTO_INCREMENT COMMENT 'ID',
  `name` varchar(100) CHARACTER SET utf8mb4 COLLATE utf8mb4_general_ci NOT NULL COMMENT '链接名称',
  `url` varchar(500) CHARACTER SET utf8mb4 COLLATE utf8mb4_general_ci NOT NULL COMMENT '链接地址',
  `icon` varchar(100) CHARACTER SET utf8mb4 COLLATE utf8mb4_general_ci NULL DEFAULT NULL COMMENT '图标',
  `category` varchar(50) CHARACTER SET utf8mb4 COLLATE utf8mb4_general_ci NULL DEFAULT NULL COMMENT '分类',
  `sort_order` int(11) NULL DEFAULT 0 COMMENT '排序',
  `status` tinyint(4) NULL DEFAULT 1 COMMENT '状态',
  PRIMARY KEY (`id`) USING BTREE
) ENGINE = InnoDB AUTO_INCREMENT = 7 CHARACTER SET = utf8mb4 COLLATE = utf8mb4_general_ci COMMENT = '常用链接表';

-- ----------------------------
-- Records of tool_link
-- ----------------------------
BEGIN;
INSERT INTO `tool_link` (`id`, `name`, `url`, `icon`, `category`, `sort_order`, `status`) VALUES (1, 'Binance', 'https://www.binance.com', NULL, '交易所', 1, 1), (2, 'TradingView', 'https://www.tradingview.com', NULL, '图表工具', 2, 1), (3, 'CoinGlass', 'https://www.coinglass.com', NULL, '数据分析', 3, 1), (4, 'Fear & Greed Index', 'https://alternative.me/crypto/fear-and-greed-index/', NULL, '市场情绪', 4, 1), (5, 'Glassnode', 'https://glassnode.com', NULL, '链上数据', 5, 1), (6, 'CoinMarketCap', 'https://coinmarketcap.com', NULL, '行情数据', 6, 1);
COMMIT;

-- ----------------------------
-- Table structure for trade_image
-- ----------------------------
DROP TABLE IF EXISTS `trade_image`;
CREATE TABLE `trade_image`  (
  `id` bigint(20) NOT NULL AUTO_INCREMENT COMMENT 'ID',
  `trade_id` bigint(20) NOT NULL COMMENT '交易ID',
  `image_url` varchar(255) CHARACTER SET utf8mb4 COLLATE utf8mb4_general_ci NOT NULL COMMENT '图片URL',
  `image_type` varchar(20) CHARACTER SET utf8mb4 COLLATE utf8mb4_general_ci NULL DEFAULT NULL COMMENT '图片类型',
  `description` varchar(255) CHARACTER SET utf8mb4 COLLATE utf8mb4_general_ci NULL DEFAULT NULL COMMENT '图片描述',
  `create_time` datetime NULL DEFAULT CURRENT_TIMESTAMP COMMENT '创建时间',
  PRIMARY KEY (`id`) USING BTREE,
  INDEX `idx_trade_id`(`trade_id`) USING BTREE
) ENGINE = InnoDB AUTO_INCREMENT = 1 CHARACTER SET = utf8mb4 COLLATE = utf8mb4_general_ci COMMENT = '交易截图表';

-- ----------------------------
-- Records of trade_image
-- ----------------------------
BEGIN;
COMMIT;

-- ----------------------------
-- Table structure for trade_log
-- ----------------------------
DROP TABLE IF EXISTS `trade_log`;
CREATE TABLE `trade_log`  (
  `id` bigint(20) NOT NULL AUTO_INCREMENT COMMENT '交易ID',
  `user_id` bigint(20) NOT NULL COMMENT '用户ID',
  `trade_date` date NOT NULL COMMENT '交易日期',
  `symbol` varchar(20) CHARACTER SET utf8mb4 COLLATE utf8mb4_general_ci NOT NULL COMMENT '交易品种',
  `direction` tinyint(4) NOT NULL COMMENT '方向：1做多 2做空',
  `strategy` varchar(50) CHARACTER SET utf8mb4 COLLATE utf8mb4_general_ci NULL DEFAULT NULL COMMENT '使用策略',
  `entry_price` decimal(20, 8) NOT NULL COMMENT '入场价格',
  `entry_time` datetime NULL DEFAULT NULL COMMENT '入场时间',
  `entry_reason` text CHARACTER SET utf8mb4 COLLATE utf8mb4_general_ci NULL COMMENT '入场理由',
  `exit_price` decimal(20, 8) NULL DEFAULT NULL COMMENT '出场价格',
  `exit_time` datetime NULL DEFAULT NULL COMMENT '出场时间',
  `exit_reason` varchar(50) CHARACTER SET utf8mb4 COLLATE utf8mb4_general_ci NULL DEFAULT NULL COMMENT '出场原因',
  `stop_loss` decimal(20, 8) NULL DEFAULT NULL COMMENT '止损价',
  `take_profit` decimal(20, 8) NULL DEFAULT NULL COMMENT '止盈价',
  `position_size` decimal(20, 8) NULL DEFAULT NULL COMMENT '仓位大小',
  `profit_loss` decimal(20, 8) NULL DEFAULT NULL COMMENT '盈亏金额',
  `profit_loss_percent` decimal(10, 4) NULL DEFAULT NULL COMMENT '盈亏百分比',
  `status` tinyint(4) NULL DEFAULT 0 COMMENT '状态：0持仓中 1已平仓',
  `macro_analysis` text CHARACTER SET utf8mb4 COLLATE utf8mb4_general_ci NULL COMMENT '宏观分析',
  `chain_analysis` text CHARACTER SET utf8mb4 COLLATE utf8mb4_general_ci NULL COMMENT '链上分析',
  `sentiment_analysis` text CHARACTER SET utf8mb4 COLLATE utf8mb4_general_ci NULL COMMENT '情绪分析',
  `technical_analysis` text CHARACTER SET utf8mb4 COLLATE utf8mb4_general_ci NULL COMMENT '技术分析',
  `review` text CHARACTER SET utf8mb4 COLLATE utf8mb4_general_ci NULL COMMENT '交易复盘',
  `emotion_score` int(11) NULL DEFAULT NULL COMMENT '情绪评分',
  `discipline_followed` tinyint(4) NULL DEFAULT NULL COMMENT '是否遵守纪律',
  `create_time` datetime NULL DEFAULT CURRENT_TIMESTAMP COMMENT '创建时间',
  `update_time` datetime NULL DEFAULT CURRENT_TIMESTAMP ON UPDATE CURRENT_TIMESTAMP COMMENT '更新时间',
  PRIMARY KEY (`id`) USING BTREE,
  INDEX `idx_user_id`(`user_id`) USING BTREE,
  INDEX `idx_trade_date`(`trade_date`) USING BTREE,
  INDEX `idx_symbol`(`symbol`) USING BTREE
) ENGINE = InnoDB AUTO_INCREMENT = 1 CHARACTER SET = utf8mb4 COLLATE = utf8mb4_general_ci COMMENT = '交易日志表';

-- ----------------------------
-- Records of trade_log
-- ----------------------------
BEGIN;
COMMIT;

-- ----------------------------
-- Table structure for trade_plan
-- ----------------------------
DROP TABLE IF EXISTS `trade_plan`;
CREATE TABLE `trade_plan`  (
  `id` bigint(20) NOT NULL AUTO_INCREMENT,
  `user_id` bigint(20) NOT NULL COMMENT '用户ID',
  `symbol` varchar(32) CHARACTER SET utf8mb4 COLLATE utf8mb4_bin NOT NULL COMMENT '交易对',
  `direction` tinyint(4) NOT NULL COMMENT '方向: 1做多 2做空',
  `plan_time` datetime NULL DEFAULT NULL COMMENT '计划执行时间',
  `entry_price` decimal(20, 8) NOT NULL COMMENT '入场价格',
  `stop_loss_price` decimal(20, 8) NOT NULL COMMENT '止损价格',
  `take_profit_1` decimal(20, 8) NULL DEFAULT NULL COMMENT '止盈目标1',
  `take_profit_2` decimal(20, 8) NULL DEFAULT NULL COMMENT '止盈目标2',
  `take_profit_3` decimal(20, 8) NULL DEFAULT NULL COMMENT '止盈目标3',
  `position_ratio` decimal(5, 2) NULL DEFAULT NULL COMMENT '仓位比例%',
  `leverage` int(11) NULL DEFAULT 1 COMMENT '杠杆倍数',
  `risk_amount` decimal(20, 8) NULL DEFAULT NULL COMMENT '风险金额',
  `entry_reasons` varchar(500) CHARACTER SET utf8mb4 COLLATE utf8mb4_bin NULL DEFAULT NULL COMMENT '入场理由(JSON数组)',
  `technical_signals` varchar(500) CHARACTER SET utf8mb4 COLLATE utf8mb4_bin NULL DEFAULT NULL COMMENT '技术信号(JSON数组)',
  `market_trend` tinyint(4) NULL DEFAULT NULL COMMENT '市场趋势: 1上涨 2震荡 3下跌',
  `confidence` int(11) NULL DEFAULT NULL COMMENT '信心指数1-10',
  `remark` text CHARACTER SET utf8mb4 COLLATE utf8mb4_bin NULL COMMENT '备注',
  `status` tinyint(4) NULL DEFAULT 1 COMMENT '状态: 1待执行 2已执行 3已取消 4已过期',
  `execute_time` datetime NULL DEFAULT NULL COMMENT '实际执行时间',
  `trade_log_id` bigint(20) NULL DEFAULT NULL COMMENT '关联交易记录ID',
  `create_time` datetime NULL DEFAULT CURRENT_TIMESTAMP,
  `update_time` datetime NULL DEFAULT CURRENT_TIMESTAMP ON UPDATE CURRENT_TIMESTAMP,
  PRIMARY KEY (`id`) USING BTREE,
  INDEX `idx_user_id`(`user_id`) USING BTREE,
  INDEX `idx_status`(`status`) USING BTREE,
  INDEX `idx_plan_time`(`plan_time`) USING BTREE
) ENGINE = InnoDB AUTO_INCREMENT = 2 CHARACTER SET = utf8mb4 COLLATE = utf8mb4_bin COMMENT = '交易计划表';

-- ----------------------------
-- Records of trade_plan
-- ----------------------------
BEGIN;
INSERT INTO `trade_plan` (`id`, `user_id`, `symbol`, `direction`, `plan_time`, `entry_price`, `stop_loss_price`, `take_profit_1`, `take_profit_2`, `take_profit_3`, `position_ratio`, `leverage`, `risk_amount`, `entry_reasons`, `technical_signals`, `market_trend`, `confidence`, `remark`, `status`, `execute_time`, `trade_log_id`, `create_time`, `update_time`) VALUES (1, 3, 'ETH', 2, '2025-12-29 03:00:00', 3050.00000000, 3040.00000000, 2960.00000000, 2930.00000000, 2890.00000000, 2.00, 10, 100.00000000, '[]', NULL, 3, 5, '突破3000，这个到达3050阻力位，压力巨大。', 1, NULL, NULL, '2025-12-29 11:14:31', '2025-12-29 11:14:31');
COMMIT;

-- ----------------------------
-- Table structure for trade_summary
-- ----------------------------
DROP TABLE IF EXISTS `trade_summary`;
CREATE TABLE `trade_summary`  (
  `id` bigint(20) NOT NULL AUTO_INCREMENT COMMENT 'ID',
  `user_id` bigint(20) NOT NULL COMMENT '用户ID',
  `summary_month` varchar(7) CHARACTER SET utf8mb4 COLLATE utf8mb4_general_ci NOT NULL COMMENT '统计月份',
  `total_trades` int(11) NULL DEFAULT 0 COMMENT '总交易次数',
  `win_trades` int(11) NULL DEFAULT 0 COMMENT '盈利次数',
  `lose_trades` int(11) NULL DEFAULT 0 COMMENT '亏损次数',
  `win_rate` decimal(5, 2) NULL DEFAULT NULL COMMENT '胜率',
  `total_profit` decimal(20, 8) NULL DEFAULT 0.00000000 COMMENT '总盈利',
  `total_loss` decimal(20, 8) NULL DEFAULT 0.00000000 COMMENT '总亏损',
  `net_profit` decimal(20, 8) NULL DEFAULT 0.00000000 COMMENT '净盈亏',
  `profit_factor` decimal(10, 4) NULL DEFAULT NULL COMMENT '盈亏比',
  `max_profit` decimal(20, 8) NULL DEFAULT NULL COMMENT '最大单笔盈利',
  `max_loss` decimal(20, 8) NULL DEFAULT NULL COMMENT '最大单笔亏损',
  `max_drawdown` decimal(10, 4) NULL DEFAULT NULL COMMENT '最大回撤',
  `create_time` datetime NULL DEFAULT CURRENT_TIMESTAMP COMMENT '创建时间',
  `update_time` datetime NULL DEFAULT CURRENT_TIMESTAMP ON UPDATE CURRENT_TIMESTAMP COMMENT '更新时间',
  PRIMARY KEY (`id`) USING BTREE,
  UNIQUE INDEX `uk_user_month`(`user_id`, `summary_month`) USING BTREE
) ENGINE = InnoDB AUTO_INCREMENT = 1 CHARACTER SET = utf8mb4 COLLATE = utf8mb4_general_ci COMMENT = '绩效汇总表';

-- ----------------------------
-- Records of trade_summary
-- ----------------------------
BEGIN;
COMMIT;

-- ----------------------------
-- Table structure for user_favorite
-- ----------------------------
DROP TABLE IF EXISTS `user_favorite`;
CREATE TABLE `user_favorite`  (
  `id` bigint(20) NOT NULL AUTO_INCREMENT,
  `user_id` bigint(20) NOT NULL COMMENT '用户ID',
  `target_type` varchar(20) CHARACTER SET utf8mb4 COLLATE utf8mb4_general_ci NOT NULL COMMENT '收藏类型: case/resource/topic/quiz/tool',
  `target_id` bigint(20) NOT NULL COMMENT '收藏目标ID',
  `create_time` datetime NULL DEFAULT CURRENT_TIMESTAMP,
  PRIMARY KEY (`id`) USING BTREE,
  UNIQUE INDEX `uk_user_target`(`user_id`, `target_type`, `target_id`) USING BTREE,
  INDEX `idx_user_id`(`user_id`) USING BTREE,
  INDEX `idx_target`(`target_type`, `target_id`) USING BTREE
) ENGINE = InnoDB AUTO_INCREMENT = 6 CHARACTER SET = utf8mb4 COLLATE = utf8mb4_general_ci COMMENT = '用户收藏';

-- ----------------------------
-- Records of user_favorite
-- ----------------------------
BEGIN;
INSERT INTO `user_favorite` (`id`, `user_id`, `target_type`, `target_id`, `create_time`) VALUES (2, 1, 'case', 3, '2025-12-31 21:12:32'), (3, 1, 'resource', 2, '2025-12-31 21:12:32'), (4, 1, 'topic', 1, '2025-12-31 21:12:32'), (5, 1, 'tool', 1, '2025-12-31 21:12:32');
COMMIT;

SET FOREIGN_KEY_CHECKS = 1;
